<?xml version="1.0" encoding="UTF-8"?>
<kml xmlns="http://earth.google.com/kml/2.1">
 <Folder>
  <name>四灵反穿</name>
  <Placemark>
   <name>Track</name>
   <type>running</type>
   <COROS link="https://www.coros.com"/>
   <Style>
    <LineStyle>
     <color>FF0000FF</color>
     <width>3.0</width>
    </LineStyle>
   </Style>
   <LineString>
    <extrude>false</extrude>
    <tessellate>true</tessellate>
    <altitudeMode>clampToGround</altitudeMode>
    <coordinates>115.6002917,40.0311867,984 115.6002741,40.0311769,984 115.6002565,40.0311672,984 115.6002390,40.0311575,984 115.6002349,40.0311584,984 115.6002308,40.0311593,984 115.6002361,40.0311638,984 115.6002415,40.0311684,984 115.6002537,40.0311752,984 115.6002660,40.0311821,984 115.6002780,40.0311876,984 115.6002901,40.0311932,984 115.6003037,40.0311977,984 115.6003174,40.0312022,984 115.6003359,40.0312123,984 115.6003544,40.0312225,984 115.6003705,40.0312346,984 115.6003866,40.0312468,984 115.6003996,40.0312555,1001 115.6004126,40.0312642,1001 115.6004234,40.0312671,1004 115.6004343,40.0312699,1004 115.6004425,40.0312665,1004 115.6004507,40.0312632,1004 115.6004576,40.0312582,1004 115.6004645,40.0312532,1004 115.6004715,40.0312483,985 115.6004826,40.0312425,985 115.6004937,40.0312368,985 115.6005009,40.0312326,985 115.6005082,40.0312285,985 115.6005113,40.0312232,985 115.6005145,40.0312180,985 115.6005148,40.0312080,985 115.6005151,40.0311980,985 115.6005154,40.0311913,985 115.6005157,40.0311846,985 115.6005197,40.0311759,985 115.6005237,40.0311672,985 115.6005307,40.0311661,985 115.6005377,40.0311650,985 115.6005474,40.0311718,985 115.6005571,40.0311789,985 115.6005667,40.0311856,985 115.6005764,40.0311923,985 115.6005885,40.0311970,985 115.6006006,40.0312016,985 115.6006124,40.0312060,985 115.6006242,40.0312103,985 115.6006360,40.0312146,985 115.6006564,40.0312247,985 115.6006769,40.0312351,985 115.6007001,40.0312480,986 115.6007234,40.0312609,1003 115.6007495,40.0312728,1003 115.6007756,40.0312847,1003 115.6008039,40.0312936,1003 115.6008322,40.0313025,1003 115.6008612,40.0313094,1003 115.6008902,40.0313162,1003 115.6009179,40.0313228,1003 115.6009456,40.0313294,1003 115.6009729,40.0313355,1003 115.6010002,40.0313417,1003 115.6010274,40.0313490,1003 115.6010547,40.0313564,1003 115.6010814,40.0313678,1003 115.6011082,40.0313792,1003 115.6011341,40.0313934,1003 115.6011601,40.0314076,1003 115.6011845,40.0314228,1003 115.6012089,40.0314381,1003 115.6012324,40.0314521,1003 115.6012560,40.0314661,1002 115.6012794,40.0314780,1002 115.6013029,40.0314898,1002 115.6013268,40.0314995,1002 115.6013507,40.0315094,1002 115.6013753,40.0315182,1002 115.6014000,40.0315271,1002 115.6014260,40.0315359,1025 115.6014521,40.0315447,1025 115.6014775,40.0315518,1025 115.6015030,40.0315590,1025 115.6015278,40.0315658,1018 115.6015526,40.0315728,1018 115.6015762,40.0315840,1018 115.6015998,40.0315953,1018 115.6016195,40.0316105,1018 115.6016393,40.0316258,1018 115.6016558,40.0316429,1018 115.6016723,40.0316600,1018 115.6016850,40.0316787,1018 115.6016978,40.0316975,1018 115.6017099,40.0317161,1018 115.6017221,40.0317347,1018 115.6017349,40.0317533,1018 115.6017478,40.0317719,1018 115.6017608,40.0317911,1018 115.6017738,40.0318102,1033 115.6017872,40.0318297,1033 115.6018007,40.0318491,1033 115.6018140,40.0318680,1028 115.6018274,40.0318870,1028 115.6018415,40.0319065,1028 115.6018556,40.0319261,1028 115.6018702,40.0319461,1028 115.6018848,40.0319661,1028 115.6018991,40.0319859,1028 115.6019135,40.0320057,1028 115.6019269,40.0320251,1028 115.6019404,40.0320446,1028 115.6019541,40.0320643,1028 115.6019679,40.0320840,1043 115.6019844,40.0321023,1043 115.6020009,40.0321206,1043 115.6020214,40.0321361,1043 115.6020420,40.0321517,1043 115.6020643,40.0321659,1043 115.6020866,40.0321804,1039 115.6021104,40.0321941,1039 115.6021343,40.0322078,1039 115.6021601,40.0322198,1039 115.6021860,40.0322319,1039 115.6022131,40.0322444,1039 115.6022402,40.0322569,1039 115.6022677,40.0322699,1039 115.6022953,40.0322832,1039 115.6023238,40.0322964,1039 115.6023524,40.0323096,1039 115.6023797,40.0323231,1034 115.6024071,40.0323367,1034 115.6024313,40.0323501,1034 115.6024555,40.0323635,1047 115.6024818,40.0323773,1047 115.6025081,40.0323912,1047 115.6025368,40.0324035,1047 115.6025655,40.0324158,1047 115.6025932,40.0324270,1047 115.6026210,40.0324383,1047 115.6026488,40.0324496,1043 115.6026788,40.0324602,1043 115.6027089,40.0324710,1043 115.6027388,40.0324808,1043 115.6027687,40.0324906,1043 115.6027979,40.0325019,1043 115.6028272,40.0325131,1043 115.6028547,40.0325251,1043 115.6028822,40.0325371,1043 115.6029096,40.0325481,1043 115.6029370,40.0325592,1037 115.6029643,40.0325708,1037 115.6029917,40.0325824,1037 115.6030193,40.0325962,1037 115.6030470,40.0326100,1037 115.6030738,40.0326240,1037 115.6031006,40.0326380,1037 115.6031262,40.0326511,1050 115.6031518,40.0326642,1050 115.6031770,40.0326771,1050 115.6032023,40.0326901,1049 115.6032262,40.0327043,1049 115.6032501,40.0327185,1049 115.6032734,40.0327353,1049 115.6032968,40.0327522,1049 115.6033183,40.0327715,1049 115.6033398,40.0327908,1049 115.6033566,40.0328074,1049 115.6033734,40.0328242,1049 115.6033801,40.0328381,1049 115.6033868,40.0328521,1049 115.6033766,40.0328593,1049 115.6033664,40.0328666,1049 115.6033418,40.0328635,1049 115.6033173,40.0328605,1049 115.6032886,40.0328513,1049 115.6032600,40.0328421,1049 115.6032305,40.0328338,1049 115.6032010,40.0328256,1049 115.6031728,40.0328214,1050 115.6031447,40.0328173,1050 115.6031247,40.0328209,1050 115.6031048,40.0328244,1050 115.6031008,40.0328378,1050 115.6030969,40.0328512,1050 115.6031073,40.0328687,1050 115.6031178,40.0328863,1050 115.6031359,40.0329030,1050 115.6031540,40.0329197,1074 115.6031748,40.0329353,1074 115.6031956,40.0329510,1056 115.6032160,40.0329671,1056 115.6032365,40.0329833,1056 115.6032565,40.0330003,1056 115.6032765,40.0330174,1056 115.6032952,40.0330334,1056 115.6033139,40.0330495,1056 115.6033346,40.0330674,1056 115.6033553,40.0330853,1056 115.6033761,40.0331032,1056 115.6033962,40.0331215,1056 115.6034163,40.0331398,1056 115.6034350,40.0331564,1056 115.6034537,40.0331733,1056 115.6034723,40.0331880,1051 115.6034909,40.0332030,1063 115.6035097,40.0332169,1063 115.6035286,40.0332308,1063 115.6035476,40.0332454,1063 115.6035667,40.0332600,1063 115.6035858,40.0332747,1063 115.6036037,40.0332907,1063 115.6036216,40.0333068,1063 115.6036384,40.0333227,1063 115.6036552,40.0333386,1063 115.6036717,40.0333544,1063 115.6036883,40.0333702,1063 115.6037060,40.0333864,1063 115.6037237,40.0334027,1063 115.6037386,40.0334183,1063 115.6037536,40.0334340,1058 115.6037688,40.0334503,1058 115.6037840,40.0334665,1058 115.6037997,40.0334839,1066 115.6038155,40.0335012,1066 115.6038292,40.0335206,1066 115.6038429,40.0335402,1066 115.6038567,40.0335597,1066 115.6038707,40.0335782,1066 115.6038848,40.0335966,1066 115.6038997,40.0336143,1066 115.6039146,40.0336320,1066 115.6039298,40.0336500,1066 115.6039450,40.0336681,1066 115.6039608,40.0336858,1066 115.6039767,40.0337036,1066 115.6039933,40.0337223,1066 115.6040099,40.0337410,1066 115.6040257,40.0337594,1086 115.6040416,40.0337778,1075 115.6040574,40.0337963,1075 115.6040733,40.0338148,1075 115.6040890,40.0338337,1075 115.6041048,40.0338529,1075 115.6041209,40.0338718,1075 115.6041371,40.0338908,1075 115.6041556,40.0339089,1075 115.6041741,40.0339270,1075 115.6041956,40.0339434,1075 115.6042172,40.0339598,1075 115.6042400,40.0339748,1075 115.6042629,40.0339898,1075 115.6042856,40.0340049,1075 115.6043084,40.0340201,1071 115.6043301,40.0340366,1090 115.6043518,40.0340532,1090 115.6043716,40.0340712,1090 115.6043914,40.0340891,1090 115.6044082,40.0341070,1090 115.6044250,40.0341248,1090 115.6044429,40.0341416,1090 115.6044609,40.0341584,1090 115.6044834,40.0341702,1090 115.6045059,40.0341819,1090 115.6045338,40.0341849,1090 115.6045617,40.0341880,1090 115.6045934,40.0341847,1089 115.6046251,40.0341815,1089 115.6046554,40.0341744,1089 115.6046858,40.0341674,1089 115.6047143,40.0341552,1089 115.6047429,40.0341430,1089 115.6047678,40.0341290,1089 115.6047928,40.0341150,1089 115.6048182,40.0341027,1089 115.6048436,40.0340905,1089 115.6048713,40.0340829,1090 115.6048991,40.0340753,1090 115.6049282,40.0340744,1090 115.6049573,40.0340735,1090 115.6049835,40.0340816,1090 115.6050097,40.0340897,1090 115.6050305,40.0341054,1090 115.6050513,40.0341210,1090 115.6050658,40.0341419,1090 115.6050804,40.0341629,1090 115.6050912,40.0341854,1090 115.6051020,40.0342079,1090 115.6051120,40.0342307,1090 115.6051221,40.0342535,1090 115.6051315,40.0342753,1090 115.6051410,40.0342971,1092 115.6051528,40.0343185,1089 115.6051647,40.0343400,1089 115.6051783,40.0343596,1089 115.6051919,40.0343793,1089 115.6052044,40.0343970,1089 115.6052169,40.0344147,1089 115.6052294,40.0344325,1089 115.6052314,40.0344465,1089 115.6052335,40.0344606,1089 115.6052356,40.0344746,1089 115.6052210,40.0344843,1089 115.6052065,40.0344941,1089 115.6051874,40.0345018,1089 115.6051684,40.0345095,1089 115.6051550,40.0345200,1089 115.6051417,40.0345305,1089 115.6051371,40.0345439,1093 115.6051325,40.0345574,1093 115.6051279,40.0345709,1093 115.6051252,40.0345836,1103 115.6051225,40.0345964,1103 115.6051185,40.0346077,1103 115.6051146,40.0346191,1103 115.6051095,40.0346280,1103 115.6051045,40.0346369,1103 115.6051047,40.0346438,1103 115.6051049,40.0346506,1103 115.6051051,40.0346575,1103 115.6051117,40.0346658,1103 115.6051184,40.0346742,1103 115.6051275,40.0346842,1103 115.6051366,40.0346941,1103 115.6051458,40.0347043,1096 115.6051549,40.0347175,1096 115.6051640,40.0347308,1096 115.6051706,40.0347466,1096 115.6051772,40.0347624,1096 115.6051806,40.0347783,1096 115.6051841,40.0347942,1096 115.6051853,40.0348076,1096 115.6051865,40.0348211,1096 115.6051835,40.0348309,1096 115.6051805,40.0348406,1096 115.6051712,40.0348430,1096 115.6051619,40.0348454,1096 115.6051489,40.0348391,1096 115.6051360,40.0348327,1103 115.6051240,40.0348224,1103 115.6051120,40.0348121,1103 115.6050996,40.0348031,1103 115.6050872,40.0347942,1103 115.6050737,40.0347871,1103 115.6050602,40.0347802,1103 115.6050449,40.0347754,1103 115.6050297,40.0347706,1103 115.6050133,40.0347678,1103 115.6049969,40.0347651,1103 115.6049833,40.0347662,1103 115.6049698,40.0347674,1103 115.6049649,40.0347725,1103 115.6049600,40.0347778,1103 115.6049670,40.0347862,1103 115.6049740,40.0347946,1103 115.6049810,40.0348029,1103 115.6049889,40.0348121,1103 115.6049968,40.0348212,1103 115.6049954,40.0348288,1103 115.6049940,40.0348365,1103 115.6049812,40.0348392,1103 115.6049684,40.0348419,1103 115.6049514,40.0348404,1103 115.6049345,40.0348388,1103 115.6049188,40.0348366,1103 115.6049031,40.0348344,1103 115.6048900,40.0348338,1103 115.6048770,40.0348332,1103 115.6048646,40.0348354,1103 115.6048522,40.0348377,1108 115.6048419,40.0348421,1108 115.6048316,40.0348466,1108 115.6048242,40.0348527,1108 115.6048168,40.0348588,1108 115.6047943,40.0348720,1117 115.6047786,40.0348740,1117 115.6047630,40.0348760,1117 115.6047463,40.0348740,1117 115.6047296,40.0348720,1117 115.6047154,40.0348686,1117 115.6047012,40.0348653,1117 115.6046888,40.0348634,1117 115.6046764,40.0348616,1117 115.6046670,40.0348607,1108 115.6046577,40.0348599,1108 115.6046493,40.0348600,1108 115.6046409,40.0348601,1108 115.6046348,40.0348605,1108 115.6046287,40.0348609,1108 115.6046149,40.0348622,1117 115.6046012,40.0348635,1117 115.6045891,40.0348662,1117 115.6045770,40.0348689,1124 115.6045653,40.0348734,1124 115.6045536,40.0348780,1124 115.6045406,40.0348834,1124 115.6045276,40.0348888,1124 115.6045120,40.0348934,1124 115.6044964,40.0348980,1124 115.6044785,40.0348993,1124 115.6044607,40.0349007,1124 115.6044415,40.0348985,1124 115.6044224,40.0348963,1124 115.6044051,40.0348931,1124 115.6043879,40.0348899,1124 115.6043718,40.0348864,1124 115.6043558,40.0348830,1124 115.6043420,40.0348788,1124 115.6043283,40.0348746,1124 115.6043160,40.0348691,1124 115.6043037,40.0348637,1126 115.6042921,40.0348561,1123 115.6042805,40.0348485,1123 115.6042698,40.0348385,1123 115.6042592,40.0348285,1123 115.6042483,40.0348190,1123 115.6042374,40.0348096,1123 115.6042254,40.0348026,1123 115.6042134,40.0347956,1123 115.6042004,40.0347910,1123 115.6041874,40.0347863,1123 115.6041728,40.0347829,1123 115.6041583,40.0347796,1123 115.6041423,40.0347770,1123 115.6041264,40.0347745,1123 115.6041109,40.0347725,1123 115.6040955,40.0347706,1123 115.6040827,40.0347691,1123 115.6040699,40.0347677,1123 115.6040592,40.0347688,1123 115.6040485,40.0347699,1123 115.6040388,40.0347741,1123 115.6040291,40.0347783,1123 115.6040201,40.0347849,1125 115.6040111,40.0347915,1125 115.6040051,40.0347996,1125 115.6039991,40.0348078,1125 115.6039981,40.0348163,1125 115.6039971,40.0348248,1125 115.6039988,40.0348346,1125 115.6040005,40.0348443,1125 115.6040018,40.0348555,1125 115.6040031,40.0348668,1121 115.6040014,40.0348799,1121 115.6039997,40.0348931,1121 115.6039941,40.0349068,1121 115.6039886,40.0349206,1121 115.6039803,40.0349331,1121 115.6039720,40.0349456,1121 115.6039616,40.0349571,1121 115.6039512,40.0349687,1121 115.6039388,40.0349794,1121 115.6039265,40.0349901,1121 115.6039146,40.0349999,1121 115.6039028,40.0350099,1121 115.6038908,40.0350191,1121 115.6038788,40.0350284,1121 115.6038650,40.0350368,1121 115.6038513,40.0350453,1121 115.6038377,40.0350544,1121 115.6038241,40.0350636,1121 115.6038124,40.0350732,1121 115.6038007,40.0350829,1121 115.6037900,40.0350933,1121 115.6037793,40.0351037,1121 115.6037707,40.0351144,1121 115.6037621,40.0351252,1121 115.6037556,40.0351369,1121 115.6037492,40.0351487,1122 115.6037471,40.0351621,1122 115.6037450,40.0351755,1122 115.6037451,40.0351902,1122 115.6037452,40.0352051,1122 115.6037433,40.0352200,1122 115.6037414,40.0352349,1122 115.6037366,40.0352495,1122 115.6037318,40.0352641,1122 115.6037270,40.0352787,1122 115.6037210,40.0352929,1122 115.6037151,40.0353071,1122 115.6037087,40.0353201,1122 115.6037023,40.0353331,1122 115.6036953,40.0353441,1122 115.6036884,40.0353550,1122 115.6036816,40.0353654,1122 115.6036748,40.0353757,1122 115.6036696,40.0353858,1122 115.6036645,40.0353960,1122 115.6036594,40.0354067,1122 115.6036544,40.0354175,1127 115.6036512,40.0354296,1127 115.6036481,40.0354417,1127 115.6036498,40.0354544,1127 115.6036516,40.0354672,1127 115.6036559,40.0354801,1127 115.6036602,40.0354930,1127 115.6036639,40.0355058,1127 115.6036676,40.0355185,1127 115.6036687,40.0355311,1127 115.6036699,40.0355438,1127 115.6036676,40.0355570,1127 115.6036653,40.0355702,1127 115.6036581,40.0355818,1127 115.6036509,40.0355937,1127 115.6036391,40.0356028,1127 115.6036273,40.0356120,1127 115.6036136,40.0356186,1127 115.6036000,40.0356252,1127 115.6035852,40.0356295,1127 115.6035704,40.0356339,1127 115.6035546,40.0356371,1127 115.6035388,40.0356404,1127 115.6035218,40.0356420,1127 115.6035048,40.0356438,1127 115.6034854,40.0356455,1127 115.6034661,40.0356472,1124 115.6034454,40.0356504,1124 115.6034247,40.0356537,1124 115.6034050,40.0356598,1124 115.6033853,40.0356659,1124 115.6033680,40.0356753,1124 115.6033507,40.0356848,1124 115.6033377,40.0356966,1134 115.6033248,40.0357085,1134 115.6033169,40.0357207,1134 115.6033090,40.0357329,1134 115.6033030,40.0357443,1134 115.6032970,40.0357557,1134 115.6032886,40.0357674,1134 115.6032802,40.0357792,1134 115.6032688,40.0357917,1134 115.6032575,40.0358043,1134 115.6032451,40.0358164,1134 115.6032327,40.0358286,1134 115.6032201,40.0358407,1134 115.6032075,40.0358528,1134 115.6031911,40.0358639,1137 115.6031747,40.0358750,1137 115.6031540,40.0358864,1137 115.6031333,40.0358980,1137 115.6031089,40.0359085,1137 115.6030845,40.0359190,1137 115.6030591,40.0359276,1137 115.6030338,40.0359362,1137 115.6030101,40.0359413,1137 115.6029865,40.0359464,1137 115.6029665,40.0359470,1137 115.6029466,40.0359476,1137 115.6029287,40.0359457,1137 115.6029109,40.0359438,1155 115.6028953,40.0359407,1155 115.6028798,40.0359375,1155 115.6028678,40.0359330,1155 115.6028559,40.0359284,1155 115.6028448,40.0359213,1155 115.6028338,40.0359142,1155 115.6028211,40.0359055,1155 115.6028085,40.0358968,1155 115.6027934,40.0358880,1155 115.6027784,40.0358791,1155 115.6027598,40.0358752,1155 115.6027413,40.0358712,1155 115.6027204,40.0358750,1155 115.6026996,40.0358789,1155 115.6026772,40.0358839,1155 115.6026549,40.0358890,1155 115.6026322,40.0358901,1159 115.6026095,40.0358912,1159 115.6025871,40.0358906,1159 115.6025647,40.0358900,1159 115.6025411,40.0358866,1159 115.6025175,40.0358833,1159 115.6024973,40.0358734,1159 115.6024771,40.0358635,1159 115.6024633,40.0358508,1159 115.6024495,40.0358382,1159 115.6024400,40.0358264,1159 115.6024306,40.0358147,1159 115.6024222,40.0358031,1159 115.6024138,40.0357915,1159 115.6024068,40.0357790,1159 115.6023999,40.0357666,1159 115.6023928,40.0357554,1159 115.6023857,40.0357443,1159 115.6023760,40.0357348,1159 115.6023663,40.0357253,1159 115.6023527,40.0357164,1176 115.6023392,40.0357076,1176 115.6023215,40.0356998,1176 115.6023038,40.0356921,1146 115.6022808,40.0356854,1146 115.6022578,40.0356787,1146 115.6022322,40.0356728,1146 115.6022066,40.0356669,1146 115.6021828,40.0356605,1146 115.6021590,40.0356541,1146 115.6021368,40.0356456,1146 115.6021146,40.0356371,1146 115.6020932,40.0356273,1146 115.6020719,40.0356175,1161 115.6020514,40.0356057,1161 115.6020309,40.0355939,1161 115.6020076,40.0355812,1161 115.6019844,40.0355688,1161 115.6019597,40.0355551,1161 115.6019350,40.0355415,1161 115.6019135,40.0355276,1161 115.6018920,40.0355137,1161 115.6018738,40.0355016,1161 115.6018557,40.0354895,1161 115.6018391,40.0354802,1161 115.6018226,40.0354710,1161 115.6018059,40.0354628,1161 115.6017892,40.0354547,1181 115.6017722,40.0354472,1181 115.6017552,40.0354397,1181 115.6017373,40.0354321,1181 115.6017194,40.0354246,1181 115.6017012,40.0354180,1181 115.6016831,40.0354114,1147 115.6016656,40.0354090,1147 115.6016482,40.0354067,1147 115.6016346,40.0354116,1147 115.6016210,40.0354164,1147 115.6016148,40.0354284,1181 115.6016087,40.0354403,1181 115.6016100,40.0354562,1181 115.6016113,40.0354722,1181 115.6016130,40.0354875,1181 115.6016148,40.0355029,1181 115.6016099,40.0355152,1181 115.6016051,40.0355275,1181 115.6015943,40.0355360,1181 115.6015835,40.0355445,1181 115.6015698,40.0355481,1181 115.6015562,40.0355517,1181 115.6015403,40.0355526,1181 115.6015245,40.0355535,1188 115.6015065,40.0355531,1188 115.6014885,40.0355526,1188 115.6014691,40.0355535,1188 115.6014497,40.0355544,1188 115.6014322,40.0355560,1188 115.6014148,40.0355577,1188 115.6013996,40.0355614,1188 115.6013845,40.0355651,1188 115.6013697,40.0355709,1188 115.6013550,40.0355767,1188 115.6013360,40.0355838,1188 115.6013170,40.0355909,1188 115.6012957,40.0355964,1188 115.6012744,40.0356020,1188 115.6012525,40.0356065,1188 115.6012306,40.0356110,1198 115.6012072,40.0356145,1198 115.6011838,40.0356181,1198 115.6011609,40.0356219,1198 115.6011380,40.0356257,1198 115.6011203,40.0356303,1198 115.6011026,40.0356349,1198 115.6010922,40.0356440,1198 115.6010818,40.0356531,1198 115.6010778,40.0356649,1198 115.6010739,40.0356767,1198 115.6010727,40.0356898,1198 115.6010716,40.0357030,1214 115.6010682,40.0357144,1214 115.6010649,40.0357259,1214 115.6010568,40.0357342,1214 115.6010487,40.0357425,1214 115.6010402,40.0357500,1214 115.6010318,40.0357575,1214 115.6010221,40.0357648,1214 115.6010124,40.0357721,1214 115.6010000,40.0357798,1214 115.6009876,40.0357876,1214 115.6009720,40.0357920,1225 115.6009565,40.0357964,1225 115.6009443,40.0358025,1225 115.6009321,40.0358085,1225 115.6009198,40.0358133,1225 115.6009075,40.0358181,1225 115.6008922,40.0358197,1225 115.6008769,40.0358214,1225 115.6008590,40.0358241,1225 115.6008411,40.0358268,1225 115.6008206,40.0358321,1225 115.6008002,40.0358375,1225 115.6007780,40.0358452,1225 115.6007559,40.0358530,1225 115.6007342,40.0358607,1225 115.6007125,40.0358684,1225 115.6006918,40.0358762,1225 115.6006712,40.0358840,1225 115.6006527,40.0358879,1225 115.6006342,40.0358917,1225 115.6006181,40.0358918,1225 115.6006021,40.0358919,1225 115.6005864,40.0358904,1225 115.6005708,40.0358890,1225 115.6005563,40.0358874,1225 115.6005418,40.0358858,1225 115.6005287,40.0358864,1225 115.6005156,40.0358870,1225 115.6005039,40.0358908,1225 115.6004923,40.0358946,1225 115.6004831,40.0359009,1225 115.6004740,40.0359073,1225 115.6004677,40.0359164,1225 115.6004614,40.0359255,1225 115.6004589,40.0359361,1225 115.6004565,40.0359466,1225 115.6004546,40.0359565,1225 115.6004528,40.0359663,1225 115.6004512,40.0359758,1222 115.6004497,40.0359854,1222 115.6004469,40.0359947,1222 115.6004441,40.0360040,1222 115.6004365,40.0360107,1222 115.6004289,40.0360175,1222 115.6004171,40.0360207,1222 115.6004053,40.0360240,1222 115.6003923,40.0360266,1222 115.6003794,40.0360292,1222 115.6003660,40.0360305,1222 115.6003527,40.0360319,1222 115.6003376,40.0360335,1222 115.6003225,40.0360352,1222 115.6003077,40.0360388,1222 115.6002930,40.0360425,1222 115.6002815,40.0360490,1222 115.6002700,40.0360555,1222 115.6002590,40.0360640,1222 115.6002481,40.0360725,1222 115.6002368,40.0360822,1222 115.6002255,40.0360922,1222 115.6002155,40.0361012,1222 115.6002056,40.0361102,1222 115.6001961,40.0361163,1222 115.6001866,40.0361224,1222 115.6001760,40.0361283,1222 115.6001655,40.0361342,1222 115.6001583,40.0361401,1222 115.6001511,40.0361460,1222 115.6001437,40.0361481,1222 115.6001363,40.0361502,1224 115.6001276,40.0361525,1224 115.6001190,40.0361548,1224 115.6001089,40.0361581,1224 115.6000989,40.0361615,1224 115.6000841,40.0361653,1224 115.6000694,40.0361691,1224 115.6000555,40.0361724,1224 115.6000417,40.0361757,1224 115.6000279,40.0361790,1224 115.6000087,40.0361828,1224 115.5999896,40.0361867,1224 115.5999754,40.0361885,1224 115.5999613,40.0361903,1224 115.5999508,40.0361919,1224 115.5999403,40.0361935,1224 115.5999310,40.0361970,1224 115.5999217,40.0362006,1224 115.5999131,40.0362026,1224 115.5999045,40.0362046,1224 115.5998959,40.0362031,1224 115.5998873,40.0362016,1224 115.5998823,40.0361987,1224 115.5998773,40.0361958,1224 115.5998723,40.0361930,1224 115.5998649,40.0361874,1224 115.5998576,40.0361821,1220 115.5998536,40.0361780,1220 115.5998496,40.0361740,1220 115.5998456,40.0361699,1220 115.5998416,40.0361659,1220 115.5998377,40.0361619,1220 115.5998272,40.0361438,1220 115.5998167,40.0361258,1220 115.5998068,40.0360952,1220 115.5998070,40.0360777,1220 115.5998073,40.0360602,1220 115.5998114,40.0360451,1220 115.5998155,40.0360303,1220 115.5998156,40.0360235,1220 115.5998158,40.0360168,1220 115.5998116,40.0360197,1220 115.5998075,40.0360226,1220 115.5998051,40.0360308,1220 115.5998028,40.0360391,1220 115.5998025,40.0360482,1220 115.5998022,40.0360573,1220 115.5998019,40.0360664,1220 115.5998054,40.0360804,1220 115.5998089,40.0360944,1220 115.5998150,40.0361071,1220 115.5998212,40.0361198,1220 115.5998274,40.0361306,1220 115.5998336,40.0361414,1220 115.5998357,40.0361497,1220 115.5998379,40.0361582,1220 115.5998337,40.0361648,1220 115.5998296,40.0361714,1220 115.5998230,40.0361772,1220 115.5998165,40.0361830,1220 115.5998111,40.0361900,1220 115.5998058,40.0361971,1220 115.5998004,40.0362072,1220 115.5997950,40.0362174,1220 115.5997851,40.0362419,1220 115.5997802,40.0362510,1239 115.5997753,40.0362602,1239 115.5997685,40.0362666,1239 115.5997618,40.0362730,1239 115.5997575,40.0362773,1239 115.5997532,40.0362816,1239 115.5997490,40.0362859,1239 115.5997398,40.0362903,1239 115.5997306,40.0362947,1239 115.5997216,40.0362977,1239 115.5997127,40.0363007,1239 115.5997038,40.0363038,1239 115.5996969,40.0363060,1239 115.5996901,40.0363083,1239 115.5996798,40.0363083,1239 115.5996696,40.0363084,1239 115.5996629,40.0363041,1239 115.5996562,40.0363000,1239 115.5996416,40.0362880,1239 115.5996329,40.0362848,1239 115.5996243,40.0362817,1239 115.5996159,40.0362812,1239 115.5996075,40.0362808,1239 115.5995991,40.0362804,1239 115.5995876,40.0362794,1239 115.5995762,40.0362784,1236 115.5995680,40.0362770,1236 115.5995599,40.0362756,1236 115.5995525,40.0362779,1236 115.5995452,40.0362803,1236 115.5995435,40.0362816,1236 115.5995418,40.0362829,1236 115.5995401,40.0362843,1236 115.5995384,40.0362856,1236 115.5995368,40.0362870,1236 115.5995328,40.0362891,1236 115.5995288,40.0362913,1236 115.5995206,40.0362863,1236 115.5995124,40.0362813,1236 115.5995033,40.0362719,1236 115.5994942,40.0362626,1236 115.5994855,40.0362542,1236 115.5994768,40.0362459,1231 115.5994690,40.0362387,1231 115.5994612,40.0362315,1231 115.5994532,40.0362250,1231 115.5994452,40.0362184,1231 115.5994405,40.0362143,1231 115.5994358,40.0362102,1231 115.5994306,40.0362011,1231 115.5994254,40.0361921,1231 115.5994244,40.0361832,1231 115.5994234,40.0361744,1231 115.5994236,40.0361679,1231 115.5994239,40.0361614,1231 115.5994226,40.0361574,1231 115.5994213,40.0361534,1231 115.5994158,40.0361513,1231 115.5994104,40.0361491,1231 115.5994023,40.0361509,1231 115.5993943,40.0361529,1231 115.5993873,40.0361587,1231 115.5993803,40.0361646,1231 115.5993770,40.0361713,1231 115.5993738,40.0361780,1231 115.5993724,40.0361833,1231 115.5993711,40.0361886,1231 115.5993698,40.0361939,1231 115.5993660,40.0362005,1231 115.5993622,40.0362071,1231 115.5993602,40.0362105,1231 115.5993582,40.0362139,1231 115.5993574,40.0362196,1231 115.5993566,40.0362255,1231 115.5993573,40.0362316,1231 115.5993580,40.0362377,1231 115.5993591,40.0362455,1231 115.5993602,40.0362533,1236 115.5993583,40.0362615,1236 115.5993565,40.0362697,1236 115.5993528,40.0362778,1236 115.5993491,40.0362859,1236 115.5993441,40.0362947,1236 115.5993392,40.0363035,1236 115.5993345,40.0363130,1236 115.5993298,40.0363224,1236 115.5993234,40.0363309,1236 115.5993170,40.0363397,1236 115.5993093,40.0363451,1236 115.5993016,40.0363505,1242 115.5992936,40.0363522,1242 115.5992857,40.0363539,1242 115.5992783,40.0363518,1242 115.5992709,40.0363497,1242 115.5992645,40.0363489,1242 115.5992581,40.0363481,1242 115.5992562,40.0363484,1242 115.5992543,40.0363488,1242 115.5992524,40.0363491,1242 115.5992505,40.0363496,1242 115.5992455,40.0363545,1242 115.5992406,40.0363594,1242 115.5992249,40.0363776,1242 115.5992259,40.0363805,1242 115.5992269,40.0363835,1242 115.5992305,40.0363849,1242 115.5992264,40.0363881,1242 115.5992224,40.0363914,1242 115.5992155,40.0363971,1242 115.5992087,40.0364028,1242 115.5991999,40.0364064,1242 115.5991911,40.0364099,1242 115.5991789,40.0364102,1242 115.5991668,40.0364104,1242 115.5991348,40.0364064,1242 115.5991243,40.0364066,1242 115.5991139,40.0364068,1242 115.5991081,40.0364097,1242 115.5991024,40.0364127,1242 115.5991019,40.0364251,1242 115.5991078,40.0364308,1242 115.5991138,40.0364365,1242 115.5991235,40.0364433,1242 115.5991333,40.0364501,1242 115.5991459,40.0364583,1242 115.5991585,40.0364665,1242 115.5991686,40.0364762,1242 115.5991788,40.0364862,1242 115.5991850,40.0364975,1242 115.5991913,40.0365088,1242 115.5992001,40.0365206,1242 115.5992090,40.0365324,1250 115.5992185,40.0365439,1250 115.5992281,40.0365555,1250 115.5992364,40.0365642,1250 115.5992448,40.0365730,1250 115.5992509,40.0365814,1250 115.5992570,40.0365898,1250 115.5992619,40.0366002,1250 115.5992669,40.0366107,1250 115.5992730,40.0366207,1250 115.5992792,40.0366308,1250 115.5992847,40.0366394,1250 115.5992903,40.0366480,1250 115.5992958,40.0366547,1250 115.5993014,40.0366614,1250 115.5993027,40.0366641,1250 115.5993040,40.0366669,1250 115.5993054,40.0366697,1250 115.5993030,40.0366777,1250 115.5993006,40.0366858,1250 115.5992947,40.0366921,1250 115.5992888,40.0366984,1250 115.5992869,40.0367035,1250 115.5992850,40.0367086,1250 115.5992888,40.0367139,1250 115.5992927,40.0367193,1250 115.5992967,40.0367265,1250 115.5993007,40.0367337,1250 115.5993002,40.0367413,1250 115.5992998,40.0367489,1250 115.5992985,40.0367561,1250 115.5992973,40.0367632,1250 115.5992971,40.0367716,1250 115.5992969,40.0367800,1250 115.5992976,40.0367869,1250 115.5992983,40.0367938,1250 115.5992990,40.0368007,1250 115.5992997,40.0368076,1272 115.5993056,40.0368165,1264 115.5993115,40.0368254,1264 115.5993199,40.0368340,1264 115.5993283,40.0368427,1264 115.5993420,40.0368550,1264 115.5993491,40.0368584,1264 115.5993562,40.0368617,1264 115.5993653,40.0368704,1264 115.5993745,40.0368791,1264 115.5993780,40.0368901,1264 115.5993815,40.0369011,1264 115.5993851,40.0369121,1264 115.5993883,40.0369170,1264 115.5993915,40.0369222,1264 115.5993948,40.0369273,1264 115.5993976,40.0369282,1264 115.5994004,40.0369292,1264 115.5994033,40.0369302,1264 115.5994107,40.0369331,1264 115.5994181,40.0369361,1264 115.5994258,40.0369413,1264 115.5994335,40.0369466,1264 115.5994382,40.0369500,1264 115.5994429,40.0369534,1264 115.5994490,40.0369594,1264 115.5994552,40.0369655,1264 115.5994538,40.0369765,1264 115.5994524,40.0369876,1264 115.5994448,40.0370231,1264 115.5994465,40.0370402,1264 115.5994482,40.0370574,1264 115.5994468,40.0370708,1264 115.5994455,40.0370842,1272 115.5994422,40.0370953,1272 115.5994390,40.0371063,1272 115.5994324,40.0371168,1272 115.5994258,40.0371274,1272 115.5994179,40.0371381,1272 115.5994101,40.0371489,1272 115.5994036,40.0371599,1272 115.5993971,40.0371709,1272 115.5993913,40.0371821,1272 115.5993855,40.0371935,1272 115.5993798,40.0372042,1272 115.5993741,40.0372150,1272 115.5993702,40.0372283,1272 115.5993663,40.0372416,1272 115.5993625,40.0372560,1272 115.5993587,40.0372705,1272 115.5993541,40.0372834,1272 115.5993495,40.0372964,1272 115.5993436,40.0373071,1272 115.5993378,40.0373179,1272 115.5993325,40.0373301,1272 115.5993273,40.0373423,1272 115.5993246,40.0373500,1272 115.5993219,40.0373578,1272 115.5993146,40.0373721,1272 115.5993074,40.0373864,1272 115.5992988,40.0373978,1272 115.5992902,40.0374093,1272 115.5992807,40.0374153,1272 115.5992712,40.0374213,1272 115.5992614,40.0374247,1272 115.5992516,40.0374282,1272 115.5992412,40.0374326,1272 115.5992308,40.0374373,1272 115.5992232,40.0374451,1272 115.5992156,40.0374529,1272 115.5992051,40.0374659,1272 115.5991946,40.0374790,1272 115.5991817,40.0374951,1272 115.5991689,40.0375113,1272 115.5991546,40.0375281,1272 115.5991403,40.0375451,1272 115.5991269,40.0375614,1272 115.5991136,40.0375778,1272 115.5991026,40.0375949,1272 115.5990917,40.0376120,1272 115.5990822,40.0376289,1272 115.5990727,40.0376458,1263 115.5990641,40.0376616,1263 115.5990556,40.0376775,1263 115.5990479,40.0376911,1263 115.5990403,40.0377047,1263 115.5990343,40.0377170,1263 115.5990283,40.0377293,1263 115.5990207,40.0377396,1267 115.5990131,40.0377499,1267 115.5990042,40.0377547,1267 115.5989954,40.0377596,1267 115.5989838,40.0377596,1267 115.5989722,40.0377597,1267 115.5989555,40.0377554,1267 115.5989389,40.0377512,1267 115.5989223,40.0377479,1267 115.5989058,40.0377446,1267 115.5988919,40.0377463,1267 115.5988780,40.0377481,1267 115.5988661,40.0377553,1267 115.5988543,40.0377626,1267 115.5988416,40.0377748,1267 115.5988290,40.0377871,1267 115.5988186,40.0378028,1267 115.5988083,40.0378186,1267 115.5987993,40.0378339,1267 115.5987904,40.0378494,1267 115.5987838,40.0378643,1267 115.5987772,40.0378792,1267 115.5987772,40.0378959,1267 115.5987772,40.0379126,1267 115.5987772,40.0379294,1267 115.5987817,40.0379443,1267 115.5987862,40.0379593,1267 115.5987886,40.0379745,1267 115.5987910,40.0379898,1267 115.5987912,40.0380064,1267 115.5987915,40.0380230,1267 115.5987926,40.0380399,1267 115.5987938,40.0380569,1267 115.5987983,40.0380745,1267 115.5988029,40.0380922,1267 115.5988067,40.0381079,1267 115.5988106,40.0381237,1267 115.5988087,40.0381385,1267 115.5988069,40.0381533,1267 115.5987999,40.0381671,1267 115.5987929,40.0381811,1267 115.5987846,40.0381965,1261 115.5987764,40.0382119,1261 115.5987696,40.0382317,1261 115.5987628,40.0382516,1261 115.5987589,40.0382732,1261 115.5987551,40.0382948,1261 115.5987530,40.0383160,1261 115.5987510,40.0383373,1261 115.5987490,40.0383574,1264 115.5987471,40.0383777,1264 115.5987406,40.0383981,1264 115.5987341,40.0384185,1264 115.5987256,40.0384411,1264 115.5987172,40.0384638,1264 115.5987106,40.0384847,1265 115.5987040,40.0385057,1265 115.5986974,40.0385267,1265 115.5986919,40.0385447,1265 115.5986865,40.0385628,1265 115.5986830,40.0385798,1265 115.5986795,40.0385968,1265 115.5986796,40.0386132,1265 115.5986798,40.0386296,1265 115.5986828,40.0386481,1265 115.5986859,40.0386666,1265 115.5986889,40.0386850,1265 115.5986919,40.0387034,1265 115.5986934,40.0387174,1265 115.5986950,40.0387315,1265 115.5986951,40.0387450,1265 115.5986952,40.0387585,1269 115.5986961,40.0387739,1269 115.5986970,40.0387896,1269 115.5986993,40.0388053,1269 115.5987017,40.0388211,1269 115.5987049,40.0388353,1269 115.5987081,40.0388495,1269 115.5987070,40.0388627,1269 115.5987059,40.0388762,1269 115.5986993,40.0388910,1269 115.5986928,40.0389059,1269 115.5986836,40.0389202,1269 115.5986745,40.0389345,1269 115.5986648,40.0389477,1269 115.5986551,40.0389610,1269 115.5986437,40.0389752,1269 115.5986324,40.0389894,1269 115.5986219,40.0390035,1269 115.5986114,40.0390176,1269 115.5986046,40.0390319,1271 115.5985978,40.0390463,1271 115.5985943,40.0390630,1271 115.5985909,40.0390798,1271 115.5985867,40.0390970,1271 115.5985825,40.0391143,1271 115.5985773,40.0391276,1271 115.5985722,40.0391410,1271 115.5985689,40.0391508,1271 115.5985657,40.0391606,1271 115.5985653,40.0391673,1271 115.5985650,40.0391740,1271 115.5985667,40.0391804,1271 115.5985684,40.0391869,1271 115.5985724,40.0391949,1271 115.5985764,40.0392030,1271 115.5985796,40.0392079,1271 115.5985829,40.0392128,1271 115.5985868,40.0392245,1271 115.5985908,40.0392362,1271 115.5985927,40.0392490,1271 115.5985946,40.0392619,1271 115.5985924,40.0392737,1271 115.5985902,40.0392857,1271 115.5985858,40.0392967,1271 115.5985814,40.0393078,1271 115.5985787,40.0393185,1271 115.5985761,40.0393292,1271 115.5985720,40.0393388,1271 115.5985679,40.0393485,1271 115.5985597,40.0393557,1271 115.5985515,40.0393630,1271 115.5985415,40.0393708,1271 115.5985315,40.0393786,1271 115.5985189,40.0393886,1271 115.5985064,40.0393987,1271 115.5984930,40.0394119,1271 115.5984797,40.0394251,1271 115.5984660,40.0394378,1273 115.5984524,40.0394505,1273 115.5984365,40.0394618,1273 115.5984206,40.0394731,1273 115.5984052,40.0394832,1273 115.5983898,40.0394934,1273 115.5983733,40.0395032,1273 115.5983569,40.0395130,1273 115.5983373,40.0395200,1273 115.5983177,40.0395271,1273 115.5983024,40.0395314,1273 115.5982872,40.0395358,1273 115.5982799,40.0395431,1273 115.5982726,40.0395504,1273 115.5982675,40.0395601,1273 115.5982625,40.0395698,1273 115.5982557,40.0395793,1273 115.5982489,40.0395888,1274 115.5982400,40.0395936,1274 115.5982312,40.0395984,1274 115.5982224,40.0396034,1274 115.5982074,40.0396090,1274 115.5981925,40.0396146,1287 115.5981812,40.0396209,1287 115.5981700,40.0396275,1287 115.5981641,40.0396343,1287 115.5981582,40.0396411,1287 115.5981566,40.0396474,1287 115.5981551,40.0396538,1287 115.5981571,40.0396612,1287 115.5981592,40.0396687,1287 115.5981622,40.0396782,1287 115.5981653,40.0396878,1287 115.5981637,40.0396991,1287 115.5981622,40.0397104,1287 115.5981576,40.0397216,1287 115.5981531,40.0397328,1287 115.5981484,40.0397429,1287 115.5981438,40.0397531,1287 115.5981366,40.0397611,1287 115.5981295,40.0397692,1287 115.5981204,40.0397749,1287 115.5981114,40.0397807,1287 115.5981033,40.0397875,1287 115.5980953,40.0397944,1287 115.5980887,40.0398033,1287 115.5980821,40.0398124,1287 115.5980729,40.0398197,1287 115.5980637,40.0398273,1287 115.5980496,40.0398322,1287 115.5980355,40.0398372,1287 115.5980238,40.0398413,1287 115.5980122,40.0398454,1287 115.5980072,40.0398518,1287 115.5980022,40.0398583,1287 115.5979996,40.0398693,1296 115.5979971,40.0398803,1296 115.5979932,40.0398965,1296 115.5979893,40.0399128,1296 115.5979847,40.0399325,1296 115.5979802,40.0399523,1296 115.5979768,40.0399707,1296 115.5979734,40.0399891,1296 115.5979684,40.0400053,1296 115.5979635,40.0400215,1296 115.5979528,40.0400347,1296 115.5979422,40.0400480,1296 115.5979289,40.0400562,1296 115.5979156,40.0400644,1297 115.5978995,40.0400702,1297 115.5978834,40.0400760,1297 115.5978664,40.0400827,1297 115.5978494,40.0400895,1297 115.5978353,40.0400994,1297 115.5978212,40.0401093,1297 115.5978114,40.0401207,1297 115.5978017,40.0401323,1297 115.5977950,40.0401441,1309 115.5977884,40.0401559,1309 115.5977817,40.0401666,1309 115.5977751,40.0401773,1309 115.5977670,40.0401879,1309 115.5977589,40.0401985,1309 115.5977506,40.0402088,1309 115.5977423,40.0402192,1309 115.5977340,40.0402295,1309 115.5977257,40.0402398,1309 115.5977189,40.0402508,1309 115.5977121,40.0402621,1309 115.5977070,40.0402733,1309 115.5977019,40.0402846,1309 115.5976957,40.0402958,1309 115.5976895,40.0403070,1309 115.5976833,40.0403177,1309 115.5976772,40.0403286,1309 115.5976709,40.0403385,1309 115.5976646,40.0403485,1309 115.5976548,40.0403577,1309 115.5976451,40.0403669,1309 115.5976339,40.0403770,1313 115.5976228,40.0403872,1313 115.5976121,40.0403988,1313 115.5976015,40.0404104,1313 115.5975981,40.0404182,1322 115.5975947,40.0404259,1322 115.5975913,40.0404338,1322 115.5975898,40.0404453,1322 115.5975884,40.0404569,1322 115.5975846,40.0404676,1322 115.5975809,40.0404782,1322 115.5975730,40.0404898,1322 115.5975652,40.0405013,1322 115.5975590,40.0405147,1322 115.5975529,40.0405282,1322 115.5975504,40.0405420,1322 115.5975479,40.0405559,1322 115.5975447,40.0405666,1322 115.5975415,40.0405773,1322 115.5975344,40.0405858,1322 115.5975273,40.0405943,1322 115.5975170,40.0406017,1322 115.5975068,40.0406092,1322 115.5974948,40.0406162,1322 115.5974829,40.0406233,1322 115.5974721,40.0406314,1322 115.5974613,40.0406395,1322 115.5974506,40.0406477,1322 115.5974389,40.0406580,1322 115.5974272,40.0406684,1322 115.5974158,40.0406794,1322 115.5974045,40.0406904,1322 115.5973920,40.0407010,1335 115.5973796,40.0407117,1335 115.5973660,40.0407200,1335 115.5973525,40.0407283,1332 115.5973411,40.0407376,1332 115.5973298,40.0407470,1332 115.5973190,40.0407554,1332 115.5973082,40.0407639,1332 115.5972966,40.0407698,1332 115.5972850,40.0407758,1332 115.5972724,40.0407792,1332 115.5972599,40.0407826,1332 115.5972472,40.0407835,1332 115.5972346,40.0407845,1332 115.5972238,40.0407834,1332 115.5972131,40.0407822,1332 115.5972049,40.0407828,1332 115.5971967,40.0407833,1332 115.5971883,40.0407900,1332 115.5971800,40.0407967,1332 115.5971705,40.0408086,1332 115.5971611,40.0408206,1332 115.5971492,40.0408310,1332 115.5971374,40.0408414,1332 115.5971279,40.0408497,1332 115.5971185,40.0408582,1332 115.5971150,40.0408669,1332 115.5971115,40.0408757,1332 115.5971119,40.0408848,1332 115.5971124,40.0408939,1332 115.5971130,40.0409060,1332 115.5971136,40.0409182,1332 115.5971074,40.0409321,1332 115.5971012,40.0409461,1332 115.5970910,40.0409592,1332 115.5970809,40.0409723,1348 115.5970731,40.0409858,1348 115.5970653,40.0409993,1348 115.5970619,40.0410147,1348 115.5970586,40.0410301,1348 115.5970566,40.0410476,1348 115.5970547,40.0410651,1348 115.5970538,40.0410814,1348 115.5970529,40.0410977,1348 115.5970538,40.0411104,1348 115.5970548,40.0411232,1348 115.5970574,40.0411355,1348 115.5970600,40.0411479,1348 115.5970612,40.0411624,1348 115.5970625,40.0411769,1348 115.5970628,40.0411926,1348 115.5970631,40.0412084,1348 115.5970631,40.0412239,1348 115.5970631,40.0412395,1348 115.5970615,40.0412539,1344 115.5970599,40.0412684,1344 115.5970565,40.0412814,1344 115.5970531,40.0412947,1344 115.5970520,40.0413079,1344 115.5970510,40.0413212,1344 115.5970524,40.0413331,1344 115.5970538,40.0413453,1344 115.5970520,40.0413535,1344 115.5970503,40.0413617,1344 115.5970455,40.0413681,1344 115.5970407,40.0413746,1344 115.5970329,40.0413826,1344 115.5970251,40.0413906,1344 115.5970117,40.0413999,1344 115.5969984,40.0414091,1344 115.5969796,40.0414142,1344 115.5969609,40.0414192,1344 115.5969422,40.0414216,1344 115.5969236,40.0414241,1344 115.5969068,40.0414269,1344 115.5968901,40.0414297,1344 115.5968767,40.0414348,1344 115.5968633,40.0414400,1344 115.5968521,40.0414476,1344 115.5968409,40.0414552,1344 115.5968330,40.0414658,1344 115.5968251,40.0414765,1344 115.5968258,40.0414928,1344 115.5968265,40.0415091,1344 115.5968313,40.0415269,1344 115.5968361,40.0415447,1344 115.5968361,40.0415564,1344 115.5968362,40.0415681,1344 115.5968333,40.0415763,1344 115.5968305,40.0415845,1344 115.5968261,40.0415920,1344 115.5968218,40.0415996,1344 115.5968161,40.0416076,1344 115.5968104,40.0416156,1344 115.5968048,40.0416241,1344 115.5967993,40.0416326,1344 115.5967940,40.0416420,1344 115.5967888,40.0416514,1344 115.5967855,40.0416600,1344 115.5967822,40.0416686,1344 115.5967826,40.0416770,1344 115.5967830,40.0416855,1344 115.5967864,40.0416967,1344 115.5967899,40.0417079,1344 115.5967916,40.0417192,1344 115.5967933,40.0417306,1344 115.5967946,40.0417420,1344 115.5967960,40.0417535,1344 115.5967959,40.0417652,1344 115.5967958,40.0417770,1344 115.5967938,40.0417882,1344 115.5967919,40.0417995,1344 115.5967883,40.0418086,1359 115.5967847,40.0418177,1359 115.5967799,40.0418261,1359 115.5967752,40.0418344,1359 115.5967738,40.0418442,1359 115.5967724,40.0418541,1359 115.5967720,40.0418659,1359 115.5967716,40.0418778,1359 115.5967705,40.0418910,1359 115.5967694,40.0419043,1359 115.5967688,40.0419191,1359 115.5967683,40.0419340,1359 115.5967665,40.0419472,1359 115.5967648,40.0419606,1359 115.5967594,40.0419715,1359 115.5967540,40.0419826,1359 115.5967458,40.0419921,1359 115.5967377,40.0420017,1359 115.5967300,40.0420115,1359 115.5967224,40.0420213,1359 115.5967157,40.0420311,1359 115.5967090,40.0420412,1359 115.5967001,40.0420500,1359 115.5966913,40.0420588,1359 115.5966790,40.0420672,1359 115.5966667,40.0420757,1359 115.5966546,40.0420868,1373 115.5966425,40.0420980,1373 115.5966299,40.0421089,1373 115.5966174,40.0421199,1373 115.5966035,40.0421296,1373 115.5965897,40.0421394,1373 115.5965763,40.0421494,1373 115.5965630,40.0421594,1373 115.5965533,40.0421722,1373 115.5965436,40.0421849,1373 115.5965375,40.0421979,1373 115.5965314,40.0422109,1373 115.5965251,40.0422214,1375 115.5965189,40.0422321,1375 115.5965125,40.0422409,1375 115.5965062,40.0422497,1375 115.5964980,40.0422589,1375 115.5964898,40.0422681,1375 115.5964769,40.0422765,1375 115.5964641,40.0422849,1375 115.5964524,40.0422900,1375 115.5964408,40.0422950,1375 115.5964322,40.0423014,1375 115.5964236,40.0423077,1375 115.5964146,40.0423159,1375 115.5964057,40.0423241,1375 115.5963949,40.0423331,1375 115.5963841,40.0423422,1375 115.5963728,40.0423533,1375 115.5963615,40.0423645,1387 115.5963512,40.0423767,1387 115.5963410,40.0423889,1387 115.5963281,40.0424012,1387 115.5963152,40.0424136,1387 115.5963027,40.0424281,1387 115.5962902,40.0424427,1387 115.5962809,40.0424592,1387 115.5962717,40.0424757,1387 115.5962622,40.0424873,1387 115.5962527,40.0424990,1387 115.5962430,40.0425075,1387 115.5962334,40.0425160,1387 115.5962260,40.0425252,1387 115.5962186,40.0425344,1387 115.5962121,40.0425452,1387 115.5962056,40.0425561,1387 115.5961990,40.0425657,1387 115.5961924,40.0425753,1387 115.5961840,40.0425817,1387 115.5961757,40.0425880,1387 115.5961670,40.0425911,1387 115.5961583,40.0425944,1387 115.5961506,40.0425966,1387 115.5961430,40.0425989,1387 115.5961356,40.0426032,1387 115.5961283,40.0426075,1387 115.5961199,40.0426138,1387 115.5961116,40.0426200,1387 115.5961032,40.0426282,1387 115.5960949,40.0426367,1387 115.5960851,40.0426444,1400 115.5960754,40.0426522,1400 115.5960642,40.0426568,1400 115.5960531,40.0426614,1400 115.5960411,40.0426655,1400 115.5960291,40.0426697,1400 115.5960158,40.0426749,1400 115.5960026,40.0426801,1400 115.5959893,40.0426854,1400 115.5959760,40.0426907,1400 115.5959619,40.0426962,1403 115.5959478,40.0427017,1403 115.5959345,40.0427071,1403 115.5959213,40.0427125,1403 115.5959090,40.0427155,1403 115.5958967,40.0427185,1403 115.5958878,40.0427237,1403 115.5958789,40.0427289,1403 115.5958721,40.0427388,1403 115.5958654,40.0427487,1403 115.5958601,40.0427616,1403 115.5958549,40.0427746,1403 115.5958494,40.0427863,1403 115.5958439,40.0427980,1403 115.5958377,40.0428090,1403 115.5958316,40.0428200,1403 115.5958275,40.0428282,1403 115.5958234,40.0428364,1403 115.5958194,40.0428447,1403 115.5958119,40.0428577,1403 115.5958044,40.0428707,1403 115.5957926,40.0428810,1403 115.5957808,40.0428913,1403 115.5957645,40.0429010,1403 115.5957482,40.0429108,1403 115.5957304,40.0429198,1411 115.5957127,40.0429288,1411 115.5956973,40.0429368,1411 115.5956819,40.0429449,1405 115.5956702,40.0429521,1405 115.5956586,40.0429594,1405 115.5956486,40.0429672,1405 115.5956386,40.0429750,1405 115.5956311,40.0429844,1405 115.5956236,40.0429939,1405 115.5956175,40.0430042,1405 115.5956115,40.0430146,1405 115.5956051,40.0430246,1405 115.5955988,40.0430346,1405 115.5955921,40.0430438,1405 115.5955855,40.0430530,1405 115.5955786,40.0430611,1405 115.5955717,40.0430692,1405 115.5955638,40.0430765,1405 115.5955560,40.0430838,1405 115.5955457,40.0430907,1405 115.5955354,40.0430976,1405 115.5955282,40.0431054,1405 115.5955210,40.0431132,1405 115.5955138,40.0431211,1405 115.5955076,40.0431308,1405 115.5955015,40.0431406,1405 115.5954911,40.0431491,1405 115.5954807,40.0431577,1405 115.5954657,40.0431647,1405 115.5954507,40.0431717,1405 115.5954355,40.0431802,1405 115.5954204,40.0431887,1405 115.5954077,40.0431977,1406 115.5953950,40.0432068,1406 115.5953856,40.0432141,1406 115.5953763,40.0432215,1406 115.5953689,40.0432289,1406 115.5953616,40.0432365,1406 115.5953559,40.0432440,1406 115.5953503,40.0432514,1406 115.5953458,40.0432593,1406 115.5953414,40.0432672,1406 115.5953371,40.0432758,1406 115.5953329,40.0432845,1406 115.5953307,40.0432937,1406 115.5953286,40.0433030,1406 115.5953297,40.0433118,1406 115.5953309,40.0433207,1406 115.5953349,40.0433291,1406 115.5953389,40.0433375,1406 115.5953406,40.0433451,1406 115.5953423,40.0433528,1406 115.5953429,40.0433614,1406 115.5953436,40.0433700,1406 115.5953458,40.0433818,1406 115.5953481,40.0433937,1406 115.5953483,40.0434073,1406 115.5953486,40.0434210,1406 115.5953425,40.0434335,1406 115.5953365,40.0434461,1406 115.5953277,40.0434573,1406 115.5953190,40.0434685,1406 115.5953099,40.0434819,1417 115.5953008,40.0434954,1417 115.5952897,40.0435073,1417 115.5952787,40.0435192,1417 115.5952659,40.0435263,1417 115.5952532,40.0435334,1417 115.5952423,40.0435367,1417 115.5952315,40.0435400,1417 115.5952242,40.0435438,1417 115.5952169,40.0435477,1417 115.5952137,40.0435559,1417 115.5952106,40.0435641,1417 115.5952128,40.0435733,1417 115.5952150,40.0435825,1417 115.5952195,40.0435904,1417 115.5952241,40.0435984,1417 115.5952273,40.0436071,1417 115.5952305,40.0436158,1417 115.5952311,40.0436227,1417 115.5952318,40.0436296,1417 115.5952325,40.0436365,1417 115.5952316,40.0436480,1417 115.5952307,40.0436596,1417 115.5952285,40.0436725,1417 115.5952263,40.0436855,1417 115.5952199,40.0436964,1417 115.5952135,40.0437074,1417 115.5952050,40.0437154,1417 115.5951965,40.0437235,1417 115.5951880,40.0437316,1417 115.5951821,40.0437377,1417 115.5951763,40.0437439,1417 115.5951732,40.0437492,1417 115.5951701,40.0437545,1416 115.5951670,40.0437597,1416 115.5951624,40.0437698,1416 115.5951578,40.0437798,1416 115.5951502,40.0437901,1416 115.5951426,40.0438006,1416 115.5951324,40.0438108,1418 115.5951223,40.0438213,1418 115.5951117,40.0438309,1418 115.5951011,40.0438405,1418 115.5950952,40.0438506,1418 115.5950894,40.0438607,1418 115.5950880,40.0438709,1418 115.5950866,40.0438811,1418 115.5950854,40.0438900,1418 115.5950842,40.0438990,1418 115.5950853,40.0439055,1418 115.5950865,40.0439121,1418 115.5950945,40.0439201,1418 115.5951025,40.0439281,1418 115.5951082,40.0439371,1418 115.5951140,40.0439461,1418 115.5951148,40.0439542,1418 115.5951157,40.0439624,1418 115.5951145,40.0439682,1418 115.5951133,40.0439741,1418 115.5951126,40.0439805,1418 115.5951120,40.0439870,1418 115.5951104,40.0439950,1418 115.5951089,40.0440032,1418 115.5951052,40.0440124,1418 115.5951016,40.0440216,1418 115.5950991,40.0440343,1419 115.5950966,40.0440470,1419 115.5950942,40.0440597,1419 115.5950975,40.0440736,1419 115.5951009,40.0440876,1419 115.5951121,40.0440957,1419 115.5951234,40.0441039,1419 115.5951408,40.0441077,1420 115.5951582,40.0441115,1420 115.5951744,40.0441144,1420 115.5951906,40.0441173,1420 115.5952014,40.0441232,1420 115.5952123,40.0441292,1420 115.5952152,40.0441377,1420 115.5952181,40.0441463,1420 115.5952155,40.0441519,1420 115.5952130,40.0441575,1420 115.5952105,40.0441631,1420 115.5952080,40.0441688,1420 115.5951981,40.0441783,1420 115.5951882,40.0441878,1420 115.5951775,40.0441950,1420 115.5951668,40.0442023,1420 115.5951559,40.0442086,1420 115.5951450,40.0442150,1420 115.5951347,40.0442220,1419 115.5951245,40.0442290,1419 115.5951154,40.0442351,1419 115.5951064,40.0442412,1419 115.5950994,40.0442460,1419 115.5950924,40.0442509,1419 115.5950864,40.0442525,1419 115.5950805,40.0442541,1419 115.5950773,40.0442563,1419 115.5950741,40.0442586,1419 115.5950764,40.0442646,1419 115.5950787,40.0442706,1419 115.5950814,40.0442775,1419 115.5950842,40.0442845,1419 115.5950846,40.0442924,1419 115.5950850,40.0443003,1419 115.5950844,40.0443041,1419 115.5950838,40.0443080,1424 115.5950833,40.0443118,1424 115.5950816,40.0443222,1424 115.5950800,40.0443326,1424 115.5950777,40.0443413,1424 115.5950755,40.0443500,1424 115.5950723,40.0443558,1424 115.5950691,40.0443616,1424 115.5950660,40.0443674,1424 115.5950563,40.0443740,1424 115.5950466,40.0443805,1424 115.5950371,40.0443875,1424 115.5950277,40.0443944,1424 115.5950237,40.0444010,1424 115.5950198,40.0444077,1424 115.5950257,40.0444126,1424 115.5950317,40.0444175,1424 115.5950460,40.0444204,1424 115.5950603,40.0444233,1424 115.5950745,40.0444267,1424 115.5950887,40.0444303,1424 115.5950965,40.0444395,1424 115.5951044,40.0444489,1424 115.5951035,40.0444620,1424 115.5951027,40.0444752,1424 115.5950973,40.0444893,1424 115.5950920,40.0445035,1424 115.5950813,40.0445189,1424 115.5950706,40.0445343,1424 115.5950550,40.0445463,1424 115.5950395,40.0445583,1424 115.5950235,40.0445616,1424 115.5950075,40.0445649,1424 115.5949930,40.0445650,1424 115.5949786,40.0445652,1424 115.5949664,40.0445673,1424 115.5949543,40.0445694,1424 115.5949456,40.0445766,1424 115.5949369,40.0445839,1430 115.5949343,40.0445927,1430 115.5949318,40.0446017,1430 115.5949363,40.0446103,1430 115.5949409,40.0446189,1430 115.5949403,40.0446377,1430 115.5949321,40.0446453,1430 115.5949240,40.0446528,1430 115.5949204,40.0446553,1430 115.5949169,40.0446579,1430 115.5949134,40.0446605,1430 115.5949045,40.0446681,1430 115.5948956,40.0446758,1430 115.5948873,40.0446827,1430 115.5948790,40.0446898,1430 115.5948718,40.0446967,1430 115.5948646,40.0447036,1430 115.5948582,40.0447130,1442 115.5948519,40.0447225,1442 115.5948435,40.0447333,1442 115.5948352,40.0447441,1442 115.5948260,40.0447566,1442 115.5948168,40.0447692,1442 115.5948093,40.0447796,1442 115.5948019,40.0447900,1442 115.5947987,40.0448005,1442 115.5947955,40.0448110,1442 115.5947890,40.0448200,1442 115.5947825,40.0448291,1442 115.5947743,40.0448374,1442 115.5947661,40.0448457,1442 115.5947572,40.0448549,1442 115.5947483,40.0448641,1449 115.5947365,40.0448742,1449 115.5947247,40.0448843,1449 115.5947119,40.0448941,1449 115.5946991,40.0449040,1449 115.5946904,40.0449159,1449 115.5946818,40.0449278,1449 115.5946768,40.0449398,1449 115.5946719,40.0449518,1449 115.5946643,40.0449595,1449 115.5946568,40.0449673,1449 115.5946468,40.0449763,1449 115.5946368,40.0449854,1449 115.5946243,40.0449940,1449 115.5946119,40.0450029,1449 115.5945964,40.0450133,1449 115.5945809,40.0450238,1449 115.5945626,40.0450362,1449 115.5945443,40.0450487,1449 115.5945290,40.0450627,1449 115.5945137,40.0450767,1449 115.5945020,40.0450860,1449 115.5944904,40.0450954,1449 115.5944797,40.0451024,1449 115.5944690,40.0451095,1449 115.5944636,40.0451131,1449 115.5944582,40.0451168,1449 115.5944470,40.0451222,1449 115.5944359,40.0451277,1449 115.5944250,40.0451324,1449 115.5944142,40.0451371,1449 115.5944065,40.0451417,1466 115.5943989,40.0451464,1466 115.5943935,40.0451527,1466 115.5943882,40.0451592,1466 115.5943813,40.0451654,1466 115.5943744,40.0451716,1466 115.5943650,40.0451762,1466 115.5943557,40.0451808,1466 115.5943461,40.0451849,1466 115.5943365,40.0451892,1466 115.5943255,40.0451946,1466 115.5943146,40.0452000,1466 115.5943080,40.0452033,1466 115.5943014,40.0452066,1465 115.5942889,40.0452128,1465 115.5942765,40.0452191,1465 115.5942631,40.0452251,1465 115.5942498,40.0452311,1465 115.5942355,40.0452377,1465 115.5942213,40.0452444,1465 115.5942053,40.0452498,1465 115.5941893,40.0452552,1465 115.5941712,40.0452585,1465 115.5941532,40.0452620,1465 115.5941371,40.0452668,1465 115.5941211,40.0452717,1465 115.5941070,40.0452781,1465 115.5940929,40.0452845,1465 115.5940775,40.0452857,1465 115.5940621,40.0452869,1465 115.5940439,40.0452837,1465 115.5940258,40.0452806,1468 115.5940083,40.0452813,1468 115.5939909,40.0452820,1468 115.5939757,40.0452855,1468 115.5939605,40.0452891,1468 115.5939482,40.0452941,1468 115.5939359,40.0452991,1468 115.5939259,40.0453047,1468 115.5939160,40.0453105,1468 115.5939054,40.0453155,1468 115.5938948,40.0453205,1468 115.5938829,40.0453269,1468 115.5938710,40.0453333,1468 115.5938613,40.0453410,1468 115.5938517,40.0453487,1468 115.5938429,40.0453558,1468 115.5938342,40.0453629,1468 115.5938245,40.0453699,1468 115.5938148,40.0453769,1468 115.5938047,40.0453823,1468 115.5937947,40.0453878,1468 115.5937849,40.0453929,1468 115.5937751,40.0453981,1468 115.5937692,40.0454065,1468 115.5937633,40.0454150,1468 115.5937616,40.0454253,1471 115.5937599,40.0454357,1471 115.5937573,40.0454443,1471 115.5937547,40.0454530,1471 115.5937556,40.0454603,1471 115.5937566,40.0454676,1471 115.5937576,40.0454701,1471 115.5937587,40.0454727,1471 115.5937597,40.0454753,1471 115.5937608,40.0454779,1471 115.5937594,40.0454844,1471 115.5937580,40.0454909,1471 115.5937512,40.0454967,1471 115.5937445,40.0455026,1476 115.5937355,40.0455088,1476 115.5937265,40.0455150,1476 115.5937146,40.0455221,1476 115.5937028,40.0455292,1476 115.5936883,40.0455350,1476 115.5936738,40.0455408,1476 115.5936636,40.0455440,1476 115.5936534,40.0455473,1476 115.5936508,40.0455521,1476 115.5936483,40.0455570,1476 115.5936501,40.0455594,1476 115.5936519,40.0455618,1476 115.5936537,40.0455642,1476 115.5936630,40.0455721,1476 115.5936724,40.0455800,1476 115.5936743,40.0455868,1476 115.5936762,40.0455937,1476 115.5936734,40.0455984,1476 115.5936707,40.0456033,1476 115.5936680,40.0456081,1476 115.5936606,40.0456144,1476 115.5936533,40.0456207,1476 115.5936436,40.0456279,1476 115.5936340,40.0456351,1476 115.5936229,40.0456440,1476 115.5936118,40.0456531,1476 115.5936008,40.0456654,1476 115.5935899,40.0456776,1476 115.5935784,40.0456908,1476 115.5935670,40.0457043,1481 115.5935571,40.0457156,1481 115.5935473,40.0457269,1481 115.5935403,40.0457358,1481 115.5935334,40.0457449,1481 115.5935253,40.0457506,1481 115.5935172,40.0457563,1481 115.5935082,40.0457613,1481 115.5934992,40.0457664,1481 115.5934915,40.0457725,1481 115.5934838,40.0457787,1481 115.5934833,40.0457874,1481 115.5934829,40.0457962,1481 115.5934890,40.0458055,1481 115.5934951,40.0458148,1481 115.5935005,40.0458255,1481 115.5935060,40.0458361,1481 115.5935049,40.0458485,1481 115.5935039,40.0458608,1481 115.5934959,40.0458718,1481 115.5934880,40.0458828,1481 115.5934755,40.0458910,1481 115.5934631,40.0458992,1479 115.5934494,40.0459050,1479 115.5934358,40.0459109,1479 115.5934232,40.0459164,1479 115.5934106,40.0459220,1479 115.5933950,40.0459270,1479 115.5933794,40.0459320,1479 115.5933617,40.0459372,1479 115.5933440,40.0459424,1479 115.5933291,40.0459522,1479 115.5933143,40.0459620,1479 115.5933001,40.0459726,1488 115.5932859,40.0459832,1488 115.5932718,40.0459904,1488 115.5932578,40.0459976,1488 115.5932443,40.0460042,1488 115.5932309,40.0460108,1488 115.5932183,40.0460175,1488 115.5932057,40.0460243,1488 115.5931943,40.0460301,1497 115.5931830,40.0460360,1497 115.5931731,40.0460415,1497 115.5931632,40.0460470,1497 115.5931502,40.0460508,1497 115.5931373,40.0460547,1497 115.5931241,40.0460577,1497 115.5931110,40.0460607,1497 115.5930974,40.0460639,1497 115.5930838,40.0460672,1497 115.5930681,40.0460704,1497 115.5930524,40.0460736,1497 115.5930342,40.0460778,1497 115.5930161,40.0460820,1497 115.5929953,40.0460863,1497 115.5929746,40.0460906,1497 115.5929543,40.0460956,1497 115.5929340,40.0461006,1497 115.5929184,40.0461057,1497 115.5929028,40.0461108,1501 115.5928888,40.0461192,1501 115.5928748,40.0461277,1501 115.5928605,40.0461387,1501 115.5928462,40.0461498,1501 115.5928288,40.0461575,1501 115.5928115,40.0461653,1501 115.5927919,40.0461693,1501 115.5927723,40.0461736,1501 115.5927521,40.0461731,1501 115.5927319,40.0461727,1501 115.5927143,40.0461697,1501 115.5926968,40.0461667,1501 115.5926809,40.0461641,1501 115.5926650,40.0461616,1501 115.5926496,40.0461614,1501 115.5926342,40.0461614,1506 115.5926195,40.0461628,1506 115.5926048,40.0461642,1506 115.5925905,40.0461679,1506 115.5925763,40.0461716,1506 115.5925606,40.0461739,1506 115.5925450,40.0461762,1506 115.5925267,40.0461675,1506 115.5925085,40.0461590,1506 115.5924912,40.0461460,1506 115.5924740,40.0461330,1506 115.5924604,40.0461263,1506 115.5924469,40.0461196,1506 115.5924332,40.0461193,1506 115.5924196,40.0461190,1506 115.5924071,40.0461271,1506 115.5923946,40.0461353,1506 115.5923864,40.0461465,1506 115.5923782,40.0461578,1506 115.5923706,40.0461659,1506 115.5923630,40.0461740,1506 115.5923556,40.0461798,1522 115.5923482,40.0461857,1522 115.5923444,40.0461889,1522 115.5923406,40.0461922,1522 115.5923340,40.0461987,1522 115.5923274,40.0462052,1522 115.5923213,40.0462103,1522 115.5923152,40.0462154,1522 115.5923122,40.0462184,1522 115.5923092,40.0462215,1522 115.5923060,40.0462286,1522 115.5923028,40.0462358,1522 115.5923005,40.0462445,1522 115.5922982,40.0462532,1522 115.5922935,40.0462583,1522 115.5922888,40.0462633,1522 115.5922812,40.0462639,1522 115.5922737,40.0462645,1522 115.5922687,40.0462657,1522 115.5922638,40.0462669,1522 115.5922623,40.0462697,1522 115.5922608,40.0462726,1522 115.5922592,40.0462800,1522 115.5922576,40.0462874,1522 115.5922535,40.0462891,1522 115.5922495,40.0462911,1522 115.5922443,40.0462830,1522 115.5922392,40.0462750,1522 115.5922361,40.0462651,1522 115.5922331,40.0462553,1522 115.5922272,40.0462548,1522 115.5922213,40.0462544,1522 115.5922099,40.0462641,1522 115.5921985,40.0462738,1522 115.5921857,40.0462876,1522 115.5921729,40.0463014,1522 115.5921653,40.0463151,1522 115.5921577,40.0463288,1522 115.5921546,40.0463409,1522 115.5921516,40.0463530,1522 115.5921486,40.0463612,1522 115.5921457,40.0463694,1522 115.5921428,40.0463777,1522 115.5921372,40.0463840,1522 115.5921316,40.0463904,1522 115.5921225,40.0463906,1522 115.5921135,40.0463908,1522 115.5921025,40.0463843,1522 115.5920916,40.0463778,1522 115.5920819,40.0463662,1534 115.5920723,40.0463546,1534 115.5920647,40.0463425,1534 115.5920572,40.0463305,1534 115.5920522,40.0463207,1534 115.5920472,40.0463110,1534 115.5920412,40.0463009,1534 115.5920352,40.0462909,1534 115.5920255,40.0462811,1534 115.5920159,40.0462713,1534 115.5920011,40.0462656,1534 115.5919863,40.0462599,1534 115.5919637,40.0462575,1534 115.5919411,40.0462554,1534 115.5919207,40.0462513,1534 115.5919003,40.0462472,1530 115.5918829,40.0462426,1530 115.5918655,40.0462380,1530 115.5918428,40.0462364,1530 115.5918201,40.0462347,1530 115.5917975,40.0462331,1540 115.5917740,40.0462339,1540 115.5917505,40.0462348,1540 115.5917335,40.0462310,1540 115.5917165,40.0462273,1540 115.5917047,40.0462172,1540 115.5916930,40.0462072,1540 115.5916814,40.0461976,1540 115.5916698,40.0461881,1540 115.5916547,40.0461815,1540 115.5916396,40.0461750,1540 115.5916205,40.0461713,1540 115.5916014,40.0461675,1540 115.5915844,40.0461635,1540 115.5915674,40.0461594,1540 115.5915563,40.0461562,1540 115.5915453,40.0461531,1540 115.5915386,40.0461529,1540 115.5915319,40.0461527,1540 115.5915239,40.0461575,1551 115.5915160,40.0461624,1551 115.5915040,40.0461701,1551 115.5914921,40.0461778,1551 115.5914760,40.0461864,1551 115.5914599,40.0461950,1551 115.5914430,40.0462005,1551 115.5914262,40.0462061,1551 115.5914102,40.0462088,1551 115.5913942,40.0462115,1551 115.5913803,40.0462090,1551 115.5913665,40.0462066,1551 115.5913562,40.0462017,1551 115.5913460,40.0461969,1551 115.5913378,40.0461932,1551 115.5913297,40.0461896,1551 115.5913202,40.0461883,1551 115.5913107,40.0461870,1551 115.5913023,40.0461903,1551 115.5912939,40.0461937,1551 115.5912901,40.0462003,1551 115.5912863,40.0462069,1551 115.5912858,40.0462121,1551 115.5912853,40.0462174,1551 115.5912812,40.0462233,1551 115.5912771,40.0462292,1551 115.5912664,40.0462332,1551 115.5912557,40.0462372,1551 115.5912433,40.0462401,1565 115.5912310,40.0462431,1565 115.5912235,40.0462441,1565 115.5912160,40.0462452,1565 115.5912024,40.0462461,1565 115.5911889,40.0462470,1565 115.5911758,40.0462485,1565 115.5911628,40.0462501,1565 115.5911565,40.0462526,1565 115.5911502,40.0462552,1565 115.5911410,40.0462622,1565 115.5911318,40.0462692,1565 115.5911225,40.0462754,1565 115.5911133,40.0462817,1565 115.5911025,40.0462846,1565 115.5910918,40.0462875,1565 115.5910825,40.0462893,1565 115.5910732,40.0462912,1565 115.5910658,40.0462958,1565 115.5910584,40.0463005,1565 115.5910475,40.0463051,1565 115.5910366,40.0463097,1565 115.5910217,40.0463122,1565 115.5910068,40.0463148,1565 115.5909937,40.0463151,1565 115.5909806,40.0463154,1565 115.5909747,40.0463183,1565 115.5909688,40.0463215,1575 115.5909690,40.0463254,1575 115.5909693,40.0463294,1575 115.5909747,40.0463371,1565 115.5909801,40.0463449,1565 115.5909848,40.0463514,1565 115.5909896,40.0463578,1565 115.5909838,40.0463631,1565 115.5909781,40.0463683,1565 115.5909724,40.0463736,1565 115.5909596,40.0463771,1575 115.5909469,40.0463807,1575 115.5909367,40.0463840,1575 115.5909265,40.0463874,1575 115.5909237,40.0463904,1575 115.5909209,40.0463935,1575 115.5909181,40.0463966,1575 115.5909247,40.0463996,1575 115.5909314,40.0464027,1575 115.5909392,40.0464084,1575 115.5909471,40.0464141,1575 115.5909513,40.0464173,1575 115.5909555,40.0464205,1575 115.5909598,40.0464237,1575 115.5909650,40.0464220,1575 115.5909703,40.0464203,1575 115.5909772,40.0464146,1565 115.5909842,40.0464089,1565 115.5909948,40.0464055,1565 115.5910055,40.0464021,1565 115.5910168,40.0464014,1565 115.5910282,40.0464008,1565 115.5910396,40.0464001,1565 115.5910511,40.0463995,1565 115.5910622,40.0464011,1565 115.5910733,40.0464028,1565 115.5910828,40.0464061,1565 115.5910923,40.0464095,1565 115.5910992,40.0464157,1565 115.5911062,40.0464219,1565 115.5911070,40.0464317,1565 115.5911078,40.0464415,1565 115.5911003,40.0464505,1565 115.5910928,40.0464595,1565 115.5910853,40.0464686,1565 115.5910729,40.0464757,1565 115.5910606,40.0464829,1565 115.5910470,40.0464894,1565 115.5910335,40.0464958,1565 115.5910200,40.0465024,1565 115.5910054,40.0465092,1565 115.5909908,40.0465159,1565 115.5909752,40.0465221,1565 115.5909597,40.0465282,1582 115.5909442,40.0465327,1582 115.5909287,40.0465373,1582 115.5909115,40.0465406,1582 115.5908943,40.0465439,1582 115.5908779,40.0465466,1582 115.5908615,40.0465493,1582 115.5908452,40.0465521,1582 115.5908308,40.0465577,1582 115.5908165,40.0465633,1582 115.5908031,40.0465677,1582 115.5907898,40.0465721,1582 115.5907757,40.0465750,1582 115.5907616,40.0465779,1582 115.5907507,40.0465817,1582 115.5907399,40.0465854,1582 115.5907291,40.0465892,1582 115.5907157,40.0465923,1582 115.5907024,40.0465955,1582 115.5906727,40.0465988,1582 115.5906629,40.0465989,1582 115.5906531,40.0465990,1582 115.5906494,40.0465986,1582 115.5906457,40.0465982,1582 115.5906421,40.0465978,1582 115.5906343,40.0465958,1582 115.5906265,40.0465937,1582 115.5906188,40.0465918,1582 115.5906120,40.0465904,1582 115.5906053,40.0465891,1582 115.5905920,40.0465876,1582 115.5905788,40.0465862,1582 115.5905646,40.0465843,1582 115.5905505,40.0465825,1582 115.5905368,40.0465822,1582 115.5905232,40.0465819,1582 115.5905094,40.0465824,1582 115.5904957,40.0465829,1582 115.5904819,40.0465852,1582 115.5904682,40.0465875,1582 115.5904547,40.0465913,1582 115.5904412,40.0465951,1582 115.5904284,40.0465995,1582 115.5904157,40.0466039,1588 115.5904068,40.0466092,1588 115.5903979,40.0466146,1588 115.5903890,40.0466200,1588 115.5903789,40.0466231,1588 115.5903688,40.0466263,1588 115.5903564,40.0466282,1588 115.5903441,40.0466301,1588 115.5903312,40.0466314,1588 115.5903184,40.0466330,1588 115.5903079,40.0466352,1588 115.5902975,40.0466374,1588 115.5902897,40.0466427,1588 115.5902819,40.0466480,1588 115.5902771,40.0466515,1588 115.5902724,40.0466551,1588 115.5902677,40.0466587,1588 115.5902593,40.0466615,1588 115.5902510,40.0466644,1588 115.5902420,40.0466670,1588 115.5902331,40.0466697,1588 115.5902280,40.0466762,1588 115.5902229,40.0466827,1588 115.5902199,40.0466922,1588 115.5902169,40.0467017,1588 115.5902126,40.0467096,1588 115.5902084,40.0467176,1588 115.5902046,40.0467246,1588 115.5902009,40.0467317,1588 115.5901968,40.0467372,1588 115.5901927,40.0467427,1588 115.5901876,40.0467477,1588 115.5901826,40.0467527,1588 115.5901758,40.0467578,1588 115.5901691,40.0467630,1588 115.5901590,40.0467661,1588 115.5901489,40.0467692,1588 115.5901358,40.0467662,1593 115.5901227,40.0467632,1593 115.5901097,40.0467602,1593 115.5900989,40.0467515,1593 115.5900881,40.0467427,1593 115.5900790,40.0467324,1593 115.5900700,40.0467220,1593 115.5900642,40.0467105,1593 115.5900584,40.0466989,1593 115.5900562,40.0466884,1593 115.5900540,40.0466780,1593 115.5900573,40.0466687,1593 115.5900606,40.0466594,1593 115.5900659,40.0466499,1593 115.5900713,40.0466404,1593 115.5900715,40.0466337,1593 115.5900718,40.0466270,1593 115.5900671,40.0466133,1593 115.5900624,40.0465997,1593 115.5900578,40.0465861,1593 115.5900540,40.0465723,1593 115.5900502,40.0465586,1593 115.5900506,40.0465475,1593 115.5900510,40.0465367,1593 115.5900575,40.0465269,1592 115.5900641,40.0465171,1592 115.5900731,40.0465065,1592 115.5900822,40.0464960,1592 115.5900890,40.0464845,1592 115.5900958,40.0464730,1592 115.5900995,40.0464611,1592 115.5901033,40.0464493,1592 115.5901042,40.0464393,1592 115.5901052,40.0464294,1592 115.5901019,40.0464227,1592 115.5900986,40.0464161,1592 115.5900917,40.0464122,1592 115.5900848,40.0464084,1592 115.5900753,40.0464085,1592 115.5900658,40.0464086,1592 115.5900561,40.0464135,1592 115.5900465,40.0464184,1592 115.5900376,40.0464245,1592 115.5900288,40.0464307,1592 115.5900214,40.0464365,1592 115.5900140,40.0464423,1592 115.5900069,40.0464484,1592 115.5899998,40.0464547,1592 115.5899910,40.0464609,1592 115.5899823,40.0464671,1592 115.5899742,40.0464727,1592 115.5899661,40.0464785,1592 115.5899598,40.0464858,1592 115.5899535,40.0464931,1592 115.5899475,40.0465036,1592 115.5899415,40.0465141,1592 115.5899331,40.0465272,1592 115.5899247,40.0465404,1593 115.5899148,40.0465541,1593 115.5899050,40.0465679,1593 115.5898949,40.0465807,1593 115.5898849,40.0465936,1593 115.5898758,40.0466049,1593 115.5898667,40.0466162,1593 115.5898574,40.0466262,1598 115.5898482,40.0466362,1598 115.5898390,40.0466462,1598 115.5898298,40.0466551,1598 115.5898207,40.0466640,1598 115.5898129,40.0466716,1598 115.5898052,40.0466793,1598 115.5897966,40.0466849,1598 115.5897881,40.0466908,1598 115.5897791,40.0466949,1598 115.5897702,40.0466989,1598 115.5897613,40.0467031,1598 115.5897567,40.0467096,1598 115.5897521,40.0467161,1598 115.5897547,40.0467240,1598 115.5897574,40.0467319,1598 115.5897601,40.0467398,1598 115.5897672,40.0467476,1598 115.5897744,40.0467554,1598 115.5897810,40.0467641,1598 115.5897877,40.0467728,1598 115.5897944,40.0467815,1598 115.5897958,40.0467917,1598 115.5897972,40.0468020,1598 115.5897986,40.0468123,1597 115.5897970,40.0468209,1597 115.5897954,40.0468296,1597 115.5897869,40.0468331,1597 115.5897784,40.0468367,1597 115.5897700,40.0468403,1597 115.5897553,40.0468398,1597 115.5897406,40.0468393,1597 115.5897282,40.0468401,1597 115.5897158,40.0468410,1597 115.5897041,40.0468432,1597 115.5896924,40.0468454,1597 115.5896828,40.0468446,1597 115.5896732,40.0468439,1597 115.5896650,40.0468404,1597 115.5896569,40.0468369,1597 115.5896501,40.0468332,1597 115.5896433,40.0468295,1597 115.5896395,40.0468260,1597 115.5896358,40.0468226,1597 115.5896320,40.0468191,1597 115.5896283,40.0468157,1597 115.5896231,40.0468065,1597 115.5896179,40.0467974,1598 115.5896125,40.0467918,1598 115.5896072,40.0467863,1598 115.5896010,40.0467872,1598 115.5895949,40.0467881,1598 115.5895883,40.0467937,1598 115.5895818,40.0467993,1602 115.5895786,40.0468062,1605 115.5895754,40.0468132,1605 115.5895750,40.0468209,1605 115.5895746,40.0468287,1605 115.5895749,40.0468386,1605 115.5895752,40.0468485,1605 115.5895751,40.0468576,1605 115.5895750,40.0468670,1605 115.5895679,40.0468724,1605 115.5895609,40.0468778,1605 115.5895477,40.0468800,1605 115.5895345,40.0468822,1605 115.5895188,40.0468827,1605 115.5895031,40.0468832,1605 115.5894869,40.0468828,1605 115.5894707,40.0468824,1605 115.5894537,40.0468807,1605 115.5894367,40.0468789,1605 115.5894195,40.0468744,1605 115.5894024,40.0468699,1605 115.5893879,40.0468642,1605 115.5893734,40.0468586,1605 115.5893615,40.0468554,1605 115.5893496,40.0468523,1605 115.5893388,40.0468548,1605 115.5893281,40.0468574,1605 115.5893204,40.0468641,1605 115.5893128,40.0468708,1605 115.5893068,40.0468793,1605 115.5893008,40.0468878,1617 115.5892942,40.0468951,1617 115.5892876,40.0469025,1617 115.5892782,40.0469064,1617 115.5892689,40.0469103,1617 115.5892584,40.0469093,1617 115.5892479,40.0469086,1617 115.5892380,40.0469064,1617 115.5892282,40.0469043,1617 115.5892184,40.0469041,1617 115.5892086,40.0469040,1617 115.5891990,40.0469075,1617 115.5891894,40.0469110,1617 115.5891795,40.0469156,1617 115.5891697,40.0469202,1617 115.5891591,40.0469235,1617 115.5891486,40.0469269,1617 115.5891350,40.0469265,1617 115.5891214,40.0469262,1617 115.5891085,40.0469213,1617 115.5890956,40.0469165,1617 115.5890887,40.0469111,1617 115.5890818,40.0469058,1617 115.5890762,40.0468990,1617 115.5890706,40.0468923,1617 115.5890679,40.0468880,1617 115.5890652,40.0468839,1617 115.5890626,40.0468797,1617 115.5890599,40.0468755,1617 115.5890573,40.0468713,1617 115.5890502,40.0468608,1617 115.5890432,40.0468503,1617 115.5890371,40.0468369,1617 115.5890310,40.0468235,1617 115.5890286,40.0468089,1617 115.5890263,40.0467944,1621 115.5890262,40.0467790,1621 115.5890262,40.0467637,1621 115.5890286,40.0467468,1613 115.5890310,40.0467299,1613 115.5890362,40.0467149,1613 115.5890414,40.0466999,1613 115.5890452,40.0466882,1613 115.5890490,40.0466764,1613 115.5890504,40.0466648,1613 115.5890518,40.0466532,1613 115.5890511,40.0466405,1613 115.5890504,40.0466279,1613 115.5890485,40.0466164,1613 115.5890466,40.0466050,1613 115.5890455,40.0465915,1613 115.5890444,40.0465781,1613 115.5890446,40.0465645,1613 115.5890449,40.0465509,1613 115.5890442,40.0465396,1613 115.5890436,40.0465283,1613 115.5890406,40.0465187,1606 115.5890376,40.0465092,1606 115.5890314,40.0464996,1606 115.5890253,40.0464900,1618 115.5890170,40.0464800,1618 115.5890088,40.0464702,1618 115.5890000,40.0464600,1618 115.5889912,40.0464498,1618 115.5889846,40.0464383,1618 115.5889780,40.0464269,1618 115.5889751,40.0464144,1618 115.5889722,40.0464020,1618 115.5889702,40.0463886,1618 115.5889682,40.0463752,1618 115.5889656,40.0463627,1618 115.5889631,40.0463502,1618 115.5889585,40.0463382,1618 115.5889540,40.0463262,1618 115.5889468,40.0463134,1618 115.5889396,40.0463006,1618 115.5889313,40.0462865,1618 115.5889230,40.0462725,1618 115.5889136,40.0462577,1618 115.5889043,40.0462429,1626 115.5888945,40.0462299,1626 115.5888847,40.0462169,1626 115.5888731,40.0462055,1626 115.5888616,40.0461941,1626 115.5888498,40.0461821,1626 115.5888380,40.0461702,1626 115.5888266,40.0461575,1626 115.5888153,40.0461448,1626 115.5888035,40.0461319,1626 115.5887917,40.0461191,1626 115.5887787,40.0461077,1626 115.5887658,40.0460964,1626 115.5887533,40.0460859,1626 115.5887408,40.0460755,1632 115.5887314,40.0460655,1632 115.5887220,40.0460556,1632 115.5887140,40.0460447,1632 115.5887060,40.0460339,1632 115.5886984,40.0460228,1632 115.5886908,40.0460120,1632 115.5886834,40.0460031,1632 115.5886761,40.0459942,1632 115.5886669,40.0459883,1632 115.5886578,40.0459824,1632 115.5886444,40.0459794,1632 115.5886310,40.0459764,1632 115.5886141,40.0459761,1632 115.5885973,40.0459758,1632 115.5885801,40.0459755,1632 115.5885629,40.0459752,1632 115.5885477,40.0459736,1632 115.5885325,40.0459720,1632 115.5885199,40.0459686,1632 115.5885073,40.0459653,1632 115.5884964,40.0459591,1632 115.5884855,40.0459529,1632 115.5884739,40.0459453,1632 115.5884624,40.0459378,1634 115.5884497,40.0459304,1634 115.5884371,40.0459230,1634 115.5884230,40.0459155,1634 115.5884089,40.0459081,1634 115.5883965,40.0458992,1634 115.5883841,40.0458904,1634 115.5883748,40.0458792,1634 115.5883655,40.0458681,1634 115.5883583,40.0458547,1634 115.5883511,40.0458413,1634 115.5883437,40.0458279,1634 115.5883363,40.0458146,1634 115.5883265,40.0458036,1634 115.5883167,40.0457927,1634 115.5883056,40.0457834,1634 115.5882945,40.0457741,1634 115.5882840,40.0457648,1634 115.5882736,40.0457556,1634 115.5882626,40.0457475,1634 115.5882517,40.0457395,1634 115.5882378,40.0457344,1634 115.5882239,40.0457294,1634 115.5882075,40.0457279,1634 115.5881912,40.0457266,1634 115.5881754,40.0457276,1634 115.5881596,40.0457285,1634 115.5881448,40.0457297,1634 115.5881301,40.0457311,1634 115.5881151,40.0457326,1634 115.5881001,40.0457342,1634 115.5880850,40.0457344,1634 115.5880699,40.0457346,1634 115.5880536,40.0457339,1634 115.5880374,40.0457331,1634 115.5880188,40.0457326,1634 115.5880002,40.0457322,1634 115.5879808,40.0457334,1634 115.5879615,40.0457346,1634 115.5879420,40.0457372,1634 115.5879226,40.0457398,1634 115.5879037,40.0457417,1631 115.5878848,40.0457436,1631 115.5878656,40.0457437,1631 115.5878465,40.0457441,1631 115.5878270,40.0457447,1631 115.5878076,40.0457454,1631 115.5877890,40.0457472,1631 115.5877705,40.0457490,1631 115.5877524,40.0457507,1631 115.5877343,40.0457525,1631 115.5877152,40.0457542,1631 115.5876962,40.0457560,1631 115.5876775,40.0457583,1631 115.5876588,40.0457607,1631 115.5876410,40.0457653,1631 115.5876232,40.0457700,1628 115.5876052,40.0457758,1628 115.5875872,40.0457817,1628 115.5875695,40.0457867,1628 115.5875518,40.0457918,1628 115.5875344,40.0457954,1628 115.5875171,40.0457990,1628 115.5874998,40.0458024,1628 115.5874826,40.0458059,1628 115.5874658,40.0458112,1628 115.5874490,40.0458166,1628 115.5874329,40.0458243,1628 115.5874168,40.0458320,1628 115.5874007,40.0458396,1628 115.5873846,40.0458473,1628 115.5873679,40.0458538,1628 115.5873513,40.0458603,1624 115.5873336,40.0458657,1624 115.5873160,40.0458711,1624 115.5872991,40.0458761,1624 115.5872823,40.0458811,1624 115.5872665,40.0458857,1624 115.5872508,40.0458904,1624 115.5872344,40.0458944,1624 115.5872181,40.0458984,1624 115.5872004,40.0459024,1624 115.5871827,40.0459064,1624 115.5871651,40.0459103,1624 115.5871476,40.0459144,1624 115.5871309,40.0459174,1624 115.5871143,40.0459204,1624 115.5870978,40.0459226,1624 115.5870814,40.0459248,1622 115.5870655,40.0459276,1622 115.5870496,40.0459305,1622 115.5870305,40.0459331,1622 115.5870115,40.0459358,1622 115.5869900,40.0459375,1622 115.5869686,40.0459393,1622 115.5869506,40.0459404,1622 115.5869327,40.0459416,1622 115.5869169,40.0459423,1622 115.5869012,40.0459430,1622 115.5868866,40.0459447,1622 115.5868720,40.0459465,1622 115.5868565,40.0459516,1622 115.5868410,40.0459568,1622 115.5868240,40.0459630,1622 115.5868071,40.0459693,1622 115.5867889,40.0459747,1636 115.5867707,40.0459801,1636 115.5867523,40.0459857,1636 115.5867339,40.0459914,1636 115.5867155,40.0459976,1636 115.5866972,40.0460039,1636 115.5866800,40.0460100,1636 115.5866629,40.0460164,1636 115.5866459,40.0460209,1636 115.5866290,40.0460254,1636 115.5866132,40.0460286,1636 115.5865975,40.0460318,1636 115.5865824,40.0460363,1636 115.5865674,40.0460409,1636 115.5865497,40.0460468,1636 115.5865321,40.0460528,1636 115.5865122,40.0460583,1632 115.5864924,40.0460638,1632 115.5864735,40.0460684,1632 115.5864546,40.0460732,1632 115.5864378,40.0460768,1632 115.5864210,40.0460804,1632 115.5864041,40.0460839,1632 115.5863873,40.0460874,1632 115.5863687,40.0460915,1632 115.5863501,40.0460956,1632 115.5863300,40.0460993,1632 115.5863100,40.0461030,1632 115.5862904,40.0461059,1632 115.5862708,40.0461088,1632 115.5862518,40.0461105,1632 115.5862329,40.0461123,1629 115.5862159,40.0461140,1629 115.5861989,40.0461160,1629 115.5861839,40.0461188,1629 115.5861690,40.0461216,1629 115.5861550,40.0461256,1629 115.5861410,40.0461296,1629 115.5861275,40.0461350,1629 115.5861141,40.0461404,1629 115.5861003,40.0461461,1629 115.5860865,40.0461519,1629 115.5860711,40.0461566,1629 115.5860558,40.0461613,1629 115.5860411,40.0461635,1629 115.5860264,40.0461657,1629 115.5860115,40.0461660,1629 115.5859966,40.0461664,1629 115.5859813,40.0461668,1629 115.5859660,40.0461673,1629 115.5859506,40.0461681,1629 115.5859353,40.0461691,1629 115.5859213,40.0461715,1629 115.5859073,40.0461740,1629 115.5858937,40.0461778,1629 115.5858802,40.0461816,1629 115.5858666,40.0461845,1629 115.5858530,40.0461877,1629 115.5858371,40.0461894,1629 115.5858213,40.0461911,1629 115.5858036,40.0461927,1629 115.5857859,40.0461944,1629 115.5857671,40.0461957,1629 115.5857483,40.0461971,1629 115.5857305,40.0461987,1629 115.5857128,40.0462003,1629 115.5856984,40.0462032,1629 115.5856840,40.0462062,1630 115.5856704,40.0462102,1630 115.5856569,40.0462143,1630 115.5856427,40.0462173,1630 115.5856285,40.0462203,1630 115.5856126,40.0462227,1630 115.5855967,40.0462252,1630 115.5855805,40.0462276,1630 115.5855644,40.0462300,1630 115.5855476,40.0462330,1630 115.5855309,40.0462360,1630 115.5855148,40.0462404,1630 115.5854987,40.0462449,1630 115.5854840,40.0462505,1637 115.5854694,40.0462561,1637 115.5854556,40.0462631,1637 115.5854418,40.0462702,1637 115.5854277,40.0462777,1637 115.5854137,40.0462853,1632 115.5853998,40.0462943,1632 115.5853859,40.0463034,1632 115.5853736,40.0463121,1632 115.5853613,40.0463209,1632 115.5853504,40.0463284,1632 115.5853396,40.0463359,1632 115.5853286,40.0463426,1632 115.5853177,40.0463495,1632 115.5853085,40.0463548,1632 115.5852994,40.0463602,1632 115.5852903,40.0463656,1632 115.5852754,40.0463738,1632 115.5852605,40.0463821,1632 115.5852454,40.0463909,1632 115.5852304,40.0463998,1632 115.5852158,40.0464095,1632 115.5852013,40.0464194,1632 115.5851876,40.0464307,1632 115.5851739,40.0464420,1632 115.5851605,40.0464524,1632 115.5851472,40.0464628,1632 115.5851338,40.0464719,1630 115.5851205,40.0464810,1630 115.5851066,40.0464881,1630 115.5850928,40.0464952,1630 115.5850792,40.0465011,1630 115.5850656,40.0465070,1630 115.5850514,40.0465123,1630 115.5850372,40.0465177,1630 115.5850219,40.0465236,1630 115.5850066,40.0465296,1638 115.5849902,40.0465359,1638 115.5849739,40.0465423,1638 115.5849592,40.0465487,1638 115.5849445,40.0465552,1638 115.5849342,40.0465625,1638 115.5849239,40.0465698,1638 115.5849175,40.0465790,1638 115.5849112,40.0465883,1638 115.5849043,40.0465992,1638 115.5848975,40.0466103,1638 115.5848887,40.0466222,1638 115.5848800,40.0466342,1638 115.5848691,40.0466456,1638 115.5848583,40.0466571,1639 115.5848469,40.0466681,1639 115.5848356,40.0466792,1639 115.5848243,40.0466891,1639 115.5848131,40.0466991,1639 115.5848014,40.0467058,1639 115.5847898,40.0467125,1639 115.5847771,40.0467155,1639 115.5847645,40.0467186,1639 115.5847507,40.0467162,1639 115.5847370,40.0467138,1639 115.5847243,40.0467047,1639 115.5847117,40.0466957,1639 115.5847009,40.0466847,1639 115.5846901,40.0466738,1639 115.5846781,40.0466645,1639 115.5846662,40.0466551,1639 115.5846539,40.0466474,1639 115.5846417,40.0466397,1639 115.5846303,40.0466314,1639 115.5846189,40.0466232,1639 115.5846090,40.0466138,1639 115.5845991,40.0466047,1639 115.5845870,40.0465976,1639 115.5845750,40.0465906,1641 115.5845571,40.0465842,1641 115.5845392,40.0465779,1641 115.5845192,40.0465724,1641 115.5844992,40.0465670,1641 115.5844783,40.0465629,1641 115.5844574,40.0465589,1641 115.5844366,40.0465560,1641 115.5844158,40.0465533,1641 115.5843961,40.0465487,1641 115.5843764,40.0465441,1641 115.5843584,40.0465380,1641 115.5843404,40.0465320,1641 115.5843243,40.0465262,1633 115.5843082,40.0465206,1633 115.5842914,40.0465162,1637 115.5842747,40.0465119,1637 115.5842571,40.0465103,1637 115.5842395,40.0465088,1637 115.5842210,40.0465084,1637 115.5842026,40.0465080,1637 115.5841838,40.0465074,1637 115.5841651,40.0465067,1637 115.5841460,40.0465048,1637 115.5841270,40.0465030,1637 115.5841070,40.0465010,1637 115.5840870,40.0464990,1637 115.5840668,40.0464960,1637 115.5840466,40.0464930,1637 115.5840299,40.0464864,1637 115.5840132,40.0464798,1642 115.5840029,40.0464678,1642 115.5839927,40.0464557,1642 115.5839895,40.0464395,1642 115.5839863,40.0464233,1642 115.5839864,40.0464063,1642 115.5839866,40.0463894,1642 115.5839863,40.0463742,1642 115.5839861,40.0463590,1642 115.5839828,40.0463450,1642 115.5839795,40.0463310,1642 115.5839729,40.0463164,1642 115.5839664,40.0463018,1642 115.5839576,40.0462858,1642 115.5839488,40.0462698,1642 115.5839412,40.0462534,1642 115.5839336,40.0462370,1640 115.5839313,40.0462207,1640 115.5839290,40.0462045,1640 115.5839299,40.0461892,1640 115.5839309,40.0461739,1640 115.5839348,40.0461602,1640 115.5839388,40.0461467,1640 115.5839449,40.0461359,1640 115.5839510,40.0461252,1640 115.5839568,40.0461152,1640 115.5839626,40.0461052,1640 115.5839638,40.0460949,1640 115.5839651,40.0460846,1640 115.5839629,40.0460762,1640 115.5839607,40.0460678,1640 115.5839568,40.0460599,1640 115.5839529,40.0460521,1640 115.5839485,40.0460420,1640 115.5839441,40.0460319,1640 115.5839448,40.0460193,1640 115.5839455,40.0460067,1640 115.5839490,40.0459926,1640 115.5839525,40.0459784,1640 115.5839549,40.0459632,1648 115.5839573,40.0459482,1648 115.5839563,40.0459333,1648 115.5839553,40.0459184,1648 115.5839506,40.0459042,1648 115.5839460,40.0458903,1648 115.5839403,40.0458758,1648 115.5839347,40.0458614,1648 115.5839292,40.0458453,1648 115.5839237,40.0458292,1648 115.5839184,40.0458143,1648 115.5839132,40.0457994,1648 115.5839102,40.0457867,1648 115.5839072,40.0457741,1648 115.5839063,40.0457626,1648 115.5839055,40.0457510,1648 115.5839033,40.0457411,1648 115.5839011,40.0457312,1648 115.5838953,40.0457211,1648 115.5838896,40.0457110,1648 115.5838830,40.0457009,1648 115.5838765,40.0456908,1652 115.5838699,40.0456795,1652 115.5838634,40.0456681,1652 115.5838564,40.0456560,1652 115.5838495,40.0456440,1652 115.5838422,40.0456328,1652 115.5838349,40.0456215,1652 115.5838264,40.0456107,1652 115.5838180,40.0455998,1652 115.5838070,40.0455896,1652 115.5837960,40.0455795,1652 115.5837826,40.0455703,1652 115.5837692,40.0455611,1652 115.5837544,40.0455546,1652 115.5837396,40.0455483,1660 115.5837241,40.0455447,1660 115.5837086,40.0455412,1660 115.5836928,40.0455382,1660 115.5836771,40.0455355,1660 115.5836579,40.0455326,1660 115.5836387,40.0455297,1660 115.5836158,40.0455253,1660 115.5835929,40.0455210,1660 115.5835693,40.0455147,1660 115.5835457,40.0455084,1660 115.5835244,40.0455016,1660 115.5835032,40.0454949,1660 115.5834842,40.0454871,1660 115.5834652,40.0454794,1663 115.5834474,40.0454704,1663 115.5834297,40.0454614,1663 115.5834112,40.0454505,1663 115.5833928,40.0454396,1663 115.5833734,40.0454280,1663 115.5833541,40.0454164,1658 115.5833342,40.0454057,1658 115.5833144,40.0453950,1658 115.5832939,40.0453853,1658 115.5832734,40.0453756,1658 115.5832529,40.0453658,1658 115.5832324,40.0453560,1658 115.5832144,40.0453465,1658 115.5831964,40.0453370,1658 115.5831830,40.0453280,1655 115.5831696,40.0453190,1655 115.5831575,40.0453106,1655 115.5831455,40.0453023,1655 115.5831333,40.0452935,1655 115.5831212,40.0452847,1655 115.5831097,40.0452755,1655 115.5830983,40.0452663,1655 115.5830857,40.0452575,1655 115.5830731,40.0452488,1655 115.5830586,40.0452409,1655 115.5830441,40.0452330,1655 115.5830271,40.0452267,1655 115.5830101,40.0452205,1655 115.5829890,40.0452146,1655 115.5829680,40.0452087,1655 115.5829439,40.0452030,1655 115.5829199,40.0451974,1655 115.5828955,40.0451920,1656 115.5828712,40.0451866,1656 115.5828463,40.0451821,1656 115.5828214,40.0451777,1656 115.5827946,40.0451756,1656 115.5827679,40.0451735,1656 115.5827403,40.0451745,1656 115.5827127,40.0451755,1656 115.5826845,40.0451785,1656 115.5826564,40.0451816,1656 115.5826274,40.0451856,1658 115.5825984,40.0451897,1658 115.5825704,40.0451939,1658 115.5825425,40.0451981,1658 115.5825174,40.0452022,1658 115.5824924,40.0452062,1658 115.5824720,40.0452093,1658 115.5824516,40.0452123,1658 115.5824344,40.0452152,1658 115.5824172,40.0452181,1658 115.5823995,40.0452211,1658 115.5823818,40.0452242,1658 115.5823650,40.0452273,1658 115.5823483,40.0452304,1660 115.5823317,40.0452346,1660 115.5823151,40.0452388,1660 115.5822986,40.0452441,1660 115.5822821,40.0452495,1660 115.5822653,40.0452561,1660 115.5822485,40.0452627,1660 115.5822313,40.0452696,1660 115.5822141,40.0452765,1660 115.5821967,40.0452827,1660 115.5821793,40.0452889,1660 115.5821622,40.0452933,1660 115.5821451,40.0452977,1660 115.5821280,40.0453026,1660 115.5821109,40.0453075,1660 115.5820932,40.0453137,1660 115.5820755,40.0453199,1660 115.5820560,40.0453265,1660 115.5820365,40.0453331,1660 115.5820155,40.0453398,1660 115.5819945,40.0453466,1660 115.5819742,40.0453538,1660 115.5819540,40.0453611,1660 115.5819369,40.0453687,1660 115.5819198,40.0453764,1660 115.5819029,40.0453822,1660 115.5818861,40.0453880,1660 115.5818685,40.0453882,1660 115.5818509,40.0453885,1660 115.5818313,40.0453841,1660 115.5818118,40.0453798,1660 115.5817886,40.0453743,1661 115.5817655,40.0453688,1661 115.5817400,40.0453632,1661 115.5817145,40.0453576,1661 115.5816910,40.0453550,1661 115.5816675,40.0453523,1661 115.5816483,40.0453535,1661 115.5816291,40.0453547,1661 115.5816123,40.0453556,1661 115.5815955,40.0453564,1661 115.5815793,40.0453564,1661 115.5815631,40.0453564,1661 115.5815449,40.0453566,1661 115.5815267,40.0453568,1662 115.5815055,40.0453564,1662 115.5814843,40.0453562,1662 115.5814599,40.0453564,1662 115.5814356,40.0453566,1662 115.5814104,40.0453572,1662 115.5813852,40.0453579,1662 115.5813630,40.0453576,1662 115.5813409,40.0453575,1662 115.5813206,40.0453547,1662 115.5813003,40.0453519,1662 115.5812810,40.0453489,1662 115.5812617,40.0453459,1662 115.5812444,40.0453461,1660 115.5812271,40.0453464,1660 115.5812099,40.0453477,1660 115.5811927,40.0453491,1660 115.5811752,40.0453503,1660 115.5811577,40.0453515,1660 115.5811406,40.0453526,1660 115.5811236,40.0453536,1660 115.5811060,40.0453554,1660 115.5810885,40.0453573,1660 115.5810715,40.0453587,1660 115.5810546,40.0453602,1660 115.5810369,40.0453613,1660 115.5810193,40.0453625,1660 115.5810006,40.0453640,1660 115.5809819,40.0453655,1660 115.5809631,40.0453689,1656 115.5809443,40.0453722,1656 115.5809253,40.0453782,1656 115.5809064,40.0453842,1656 115.5808877,40.0453901,1656 115.5808691,40.0453959,1656 115.5808504,40.0454005,1656 115.5808318,40.0454051,1656 115.5808111,40.0454091,1656 115.5807904,40.0454131,1656 115.5807692,40.0454187,1656 115.5807481,40.0454243,1656 115.5807287,40.0454299,1656 115.5807094,40.0454355,1656 115.5806921,40.0454412,1654 115.5806748,40.0454469,1654 115.5806583,40.0454534,1654 115.5806419,40.0454600,1654 115.5806259,40.0454669,1654 115.5806099,40.0454738,1654 115.5805944,40.0454782,1654 115.5805790,40.0454826,1654 115.5805643,40.0454852,1654 115.5805496,40.0454877,1654 115.5805350,40.0454904,1654 115.5805204,40.0454931,1654 115.5805052,40.0454974,1654 115.5804901,40.0455017,1654 115.5804753,40.0455072,1654 115.5804605,40.0455126,1654 115.5804442,40.0455188,1654 115.5804280,40.0455250,1654 115.5804129,40.0455319,1650 115.5803979,40.0455388,1650 115.5803839,40.0455461,1650 115.5803700,40.0455534,1650 115.5803571,40.0455613,1650 115.5803442,40.0455691,1650 115.5803319,40.0455768,1650 115.5803197,40.0455844,1650 115.5803093,40.0455922,1650 115.5802990,40.0455999,1650 115.5802897,40.0456079,1650 115.5802805,40.0456159,1650 115.5802712,40.0456249,1650 115.5802619,40.0456339,1650 115.5802532,40.0456452,1650 115.5802446,40.0456567,1650 115.5802360,40.0456689,1650 115.5802274,40.0456813,1650 115.5802189,40.0456936,1650 115.5802104,40.0457060,1653 115.5802024,40.0457194,1653 115.5801945,40.0457328,1653 115.5801867,40.0457477,1653 115.5801789,40.0457627,1653 115.5801715,40.0457788,1653 115.5801642,40.0457949,1653 115.5801586,40.0458102,1653 115.5801531,40.0458256,1653 115.5801482,40.0458402,1653 115.5801433,40.0458549,1653 115.5801387,40.0458689,1649 115.5801342,40.0458829,1649 115.5801300,40.0458961,1649 115.5801258,40.0459094,1649 115.5801214,40.0459215,1649 115.5801171,40.0459337,1649 115.5801122,40.0459457,1649 115.5801074,40.0459577,1649 115.5801036,40.0459702,1649 115.5800998,40.0459828,1651 115.5800971,40.0459954,1651 115.5800945,40.0460080,1651 115.5800922,40.0460205,1651 115.5800899,40.0460331,1651 115.5800863,40.0460464,1651 115.5800828,40.0460597,1651 115.5800802,40.0460741,1651 115.5800776,40.0460886,1651 115.5800762,40.0461036,1651 115.5800748,40.0461186,1651 115.5800741,40.0461338,1651 115.5800734,40.0461490,1651 115.5800731,40.0461640,1651 115.5800729,40.0461790,1651 115.5800724,40.0461934,1651 115.5800720,40.0462078,1651 115.5800708,40.0462208,1651 115.5800696,40.0462339,1651 115.5800684,40.0462463,1651 115.5800673,40.0462587,1658 115.5800659,40.0462710,1658 115.5800645,40.0462832,1658 115.5800618,40.0462958,1658 115.5800592,40.0463084,1658 115.5800537,40.0463211,1658 115.5800482,40.0463339,1658 115.5800394,40.0463450,1658 115.5800306,40.0463560,1658 115.5800218,40.0463673,1658 115.5800124,40.0463780,1658 115.5800030,40.0463887,1658 115.5799944,40.0463999,1658 115.5799859,40.0464111,1658 115.5799777,40.0464229,1658 115.5799696,40.0464348,1658 115.5799631,40.0464472,1658 115.5799567,40.0464599,1658 115.5799536,40.0464727,1658 115.5799506,40.0464855,1658 115.5799497,40.0464977,1658 115.5799489,40.0465098,1658 115.5799485,40.0465205,1658 115.5799482,40.0465313,1657 115.5799473,40.0465425,1657 115.5799465,40.0465536,1657 115.5799459,40.0465662,1657 115.5799453,40.0465788,1657 115.5799465,40.0465913,1657 115.5799478,40.0466040,1657 115.5799503,40.0466165,1657 115.5799529,40.0466290,1657 115.5799563,40.0466420,1657 115.5799597,40.0466549,1657 115.5799614,40.0466669,1657 115.5799631,40.0466789,1657 115.5799638,40.0466921,1657 115.5799646,40.0467053,1657 115.5799622,40.0467181,1657 115.5799599,40.0467309,1657 115.5799565,40.0467421,1657 115.5799531,40.0467533,1657 115.5799510,40.0467636,1657 115.5799489,40.0467739,1657 115.5799456,40.0467846,1657 115.5799423,40.0467953,1657 115.5799372,40.0468076,1648 115.5799321,40.0468199,1648 115.5799261,40.0468326,1648 115.5799202,40.0468452,1648 115.5799136,40.0468573,1648 115.5799071,40.0468694,1648 115.5799011,40.0468809,1648 115.5798951,40.0468925,1648 115.5798891,40.0469041,1648 115.5798847,40.0469162,1648 115.5798803,40.0469283,1648 115.5798773,40.0469413,1648 115.5798743,40.0469543,1648 115.5798725,40.0469682,1648 115.5798707,40.0469821,1648 115.5798683,40.0469966,1648 115.5798660,40.0470112,1648 115.5798608,40.0470245,1637 115.5798556,40.0470378,1637 115.5798485,40.0470493,1637 115.5798415,40.0470607,1637 115.5798359,40.0470722,1637 115.5798303,40.0470836,1638 115.5798280,40.0470960,1638 115.5798257,40.0471084,1638 115.5798249,40.0471206,1638 115.5798242,40.0471329,1638 115.5798241,40.0471460,1638 115.5798240,40.0471591,1638 115.5798236,40.0471725,1638 115.5798233,40.0471860,1638 115.5798212,40.0471979,1638 115.5798192,40.0472099,1638 115.5798151,40.0472210,1638 115.5798111,40.0472322,1638 115.5798086,40.0472437,1638 115.5798062,40.0472553,1638 115.5798076,40.0472677,1638 115.5798090,40.0472802,1638 115.5798119,40.0472930,1638 115.5798148,40.0473057,1638 115.5798163,40.0473175,1638 115.5798178,40.0473293,1638 115.5798192,40.0473397,1638 115.5798206,40.0473501,1638 115.5798212,40.0473611,1638 115.5798219,40.0473722,1642 115.5798221,40.0473838,1642 115.5798224,40.0473954,1642 115.5798234,40.0474073,1642 115.5798245,40.0474192,1642 115.5798242,40.0474316,1642 115.5798240,40.0474440,1642 115.5798213,40.0474567,1642 115.5798187,40.0474694,1642 115.5798155,40.0474812,1642 115.5798124,40.0474930,1642 115.5798125,40.0475041,1642 115.5798126,40.0475152,1642 115.5798136,40.0475264,1642 115.5798146,40.0475376,1642 115.5798148,40.0475494,1642 115.5798150,40.0475611,1642 115.5798142,40.0475730,1642 115.5798135,40.0475848,1642 115.5798111,40.0475968,1642 115.5798087,40.0476088,1642 115.5798054,40.0476204,1642 115.5798021,40.0476320,1642 115.5797968,40.0476432,1645 115.5797915,40.0476545,1645 115.5797865,40.0476657,1645 115.5797815,40.0476770,1645 115.5797770,40.0476876,1645 115.5797725,40.0476982,1645 115.5797684,40.0477091,1645 115.5797643,40.0477201,1645 115.5797612,40.0477306,1645 115.5797581,40.0477411,1645 115.5797565,40.0477500,1645 115.5797550,40.0477590,1645 115.5797533,40.0477692,1645 115.5797517,40.0477794,1645 115.5797504,40.0477903,1645 115.5797492,40.0478013,1645 115.5797463,40.0478122,1645 115.5797435,40.0478233,1645 115.5797388,40.0478338,1645 115.5797342,40.0478443,1645 115.5797287,40.0478532,1645 115.5797233,40.0478621,1645 115.5797185,40.0478704,1645 115.5797138,40.0478787,1645 115.5797083,40.0478886,1645 115.5797028,40.0478986,1645 115.5796955,40.0479087,1645 115.5796882,40.0479188,1645 115.5796801,40.0479279,1645 115.5796720,40.0479371,1645 115.5796650,40.0479447,1645 115.5796581,40.0479524,1645 115.5796511,40.0479597,1645 115.5796442,40.0479671,1645 115.5796362,40.0479752,1645 115.5796283,40.0479833,1645 115.5796211,40.0479924,1645 115.5796139,40.0480015,1645 115.5796070,40.0480104,1645 115.5796002,40.0480193,1645 115.5795952,40.0480261,1645 115.5795902,40.0480329,1645 115.5795854,40.0480389,1645 115.5795806,40.0480449,1637 115.5795735,40.0480538,1637 115.5795659,40.0480661,1637 115.5795583,40.0480785,1637 115.5795487,40.0480911,1637 115.5795391,40.0481037,1637 115.5795297,40.0481153,1637 115.5795204,40.0481270,1637 115.5795114,40.0481386,1637 115.5795025,40.0481503,1637 115.5794931,40.0481612,1637 115.5794837,40.0481724,1637 115.5794729,40.0481837,1637 115.5794621,40.0481950,1638 115.5794520,40.0482062,1638 115.5794419,40.0482176,1638 115.5794332,40.0482289,1638 115.5794246,40.0482402,1638 115.5794170,40.0482512,1638 115.5794095,40.0482624,1638 115.5794022,40.0482737,1638 115.5793950,40.0482853,1638 115.5793884,40.0482965,1638 115.5793819,40.0483077,1638 115.5793746,40.0483189,1638 115.5793673,40.0483301,1638 115.5793604,40.0483414,1638 115.5793536,40.0483528,1638 115.5793479,40.0483655,1638 115.5793422,40.0483784,1638 115.5793376,40.0483923,1638 115.5793331,40.0484063,1638 115.5793282,40.0484190,1638 115.5793233,40.0484319,1638 115.5793167,40.0484430,1638 115.5793102,40.0484542,1638 115.5793023,40.0484646,1629 115.5792945,40.0484750,1634 115.5792882,40.0484848,1634 115.5792819,40.0484946,1634 115.5792768,40.0485047,1634 115.5792718,40.0485148,1634 115.5792668,40.0485264,1634 115.5792619,40.0485380,1634 115.5792556,40.0485514,1634 115.5792494,40.0485649,1634 115.5792420,40.0485777,1634 115.5792347,40.0485905,1634 115.5792283,40.0486033,1634 115.5792219,40.0486162,1634 115.5792162,40.0486273,1634 115.5792106,40.0486385,1634 115.5792042,40.0486500,1634 115.5791978,40.0486616,1634 115.5791915,40.0486742,1634 115.5791852,40.0486868,1634 115.5791805,40.0486997,1634 115.5791758,40.0487127,1634 115.5791731,40.0487249,1634 115.5791705,40.0487372,1634 115.5791679,40.0487495,1634 115.5791658,40.0487613,1642 115.5791637,40.0487732,1642 115.5791631,40.0487857,1642 115.5791626,40.0487983,1642 115.5791629,40.0488109,1642 115.5791633,40.0488236,1642 115.5791631,40.0488360,1642 115.5791630,40.0488484,1642 115.5791614,40.0488601,1642 115.5791599,40.0488719,1642 115.5791579,40.0488839,1642 115.5791560,40.0488959,1642 115.5791552,40.0489082,1642 115.5791544,40.0489205,1642 115.5791548,40.0489327,1642 115.5791552,40.0489449,1642 115.5791563,40.0489574,1642 115.5791575,40.0489699,1642 115.5791573,40.0489812,1642 115.5791572,40.0489926,1642 115.5791564,40.0490025,1642 115.5791557,40.0490124,1642 115.5791550,40.0490214,1642 115.5791544,40.0490305,1629 115.5791552,40.0490406,1629 115.5791560,40.0490508,1629 115.5791593,40.0490626,1629 115.5791627,40.0490744,1629 115.5791677,40.0490856,1629 115.5791727,40.0490969,1629 115.5791777,40.0491076,1629 115.5791827,40.0491183,1629 115.5791867,40.0491300,1629 115.5791908,40.0491418,1629 115.5791936,40.0491549,1629 115.5791965,40.0491680,1629 115.5791977,40.0491810,1629 115.5791990,40.0491940,1629 115.5792005,40.0492061,1629 115.5792021,40.0492183,1629 115.5792051,40.0492292,1629 115.5792082,40.0492402,1629 115.5792127,40.0492500,1629 115.5792173,40.0492599,1629 115.5792229,40.0492692,1629 115.5792286,40.0492785,1629 115.5792347,40.0492882,1629 115.5792409,40.0492979,1629 115.5792457,40.0493081,1621 115.5792505,40.0493183,1621 115.5792555,40.0493289,1621 115.5792605,40.0493396,1621 115.5792671,40.0493497,1621 115.5792737,40.0493598,1621 115.5792794,40.0493688,1621 115.5792852,40.0493778,1621 115.5792907,40.0493856,1621 115.5792963,40.0493935,1621 115.5793005,40.0494020,1621 115.5793047,40.0494106,1621 115.5793077,40.0494203,1632 115.5793108,40.0494301,1632 115.5793148,40.0494404,1632 115.5793188,40.0494507,1632 115.5793243,40.0494609,1632 115.5793299,40.0494711,1632 115.5793351,40.0494806,1632 115.5793403,40.0494902,1632 115.5793439,40.0495005,1632 115.5793475,40.0495109,1632 115.5793512,40.0495219,1632 115.5793550,40.0495329,1632 115.5793603,40.0495433,1632 115.5793656,40.0495538,1632 115.5793713,40.0495633,1632 115.5793770,40.0495729,1632 115.5793806,40.0495823,1632 115.5793843,40.0495917,1626 115.5793852,40.0496025,1626 115.5793861,40.0496134,1626 115.5793847,40.0496241,1626 115.5793833,40.0496351,1626 115.5793821,40.0496447,1626 115.5793809,40.0496543,1626 115.5793827,40.0496639,1626 115.5793846,40.0496736,1626 115.5793881,40.0496833,1626 115.5793917,40.0496931,1626 115.5793950,40.0497013,1626 115.5793983,40.0497098,1626 115.5794010,40.0497187,1626 115.5794037,40.0497277,1626 115.5794066,40.0497380,1626 115.5794095,40.0497483,1626 115.5794124,40.0497585,1626 115.5794153,40.0497690,1626 115.5794192,40.0497794,1626 115.5794232,40.0497899,1626 115.5794272,40.0497992,1626 115.5794313,40.0498086,1626 115.5794314,40.0498174,1626 115.5794316,40.0498262,1626 115.5794283,40.0498369,1626 115.5794250,40.0498476,1626 115.5794238,40.0498587,1626 115.5794226,40.0498698,1622 115.5794246,40.0498810,1622 115.5794267,40.0498922,1622 115.5794284,40.0499036,1622 115.5794301,40.0499150,1622 115.5794299,40.0499257,1622 115.5794297,40.0499366,1622 115.5794296,40.0499475,1622 115.5794284,40.0499573,1622 115.5794273,40.0499674,1622 115.5794232,40.0499767,1622 115.5794192,40.0499861,1622 115.5794138,40.0499962,1622 115.5794084,40.0500064,1622 115.5794032,40.0500184,1622 115.5793980,40.0500305,1622 115.5793928,40.0500432,1622 115.5793876,40.0500558,1622 115.5793820,40.0500686,1622 115.5793765,40.0500814,1622 115.5793719,40.0500940,1622 115.5793673,40.0501067,1622 115.5793635,40.0501186,1622 115.5793597,40.0501306,1622 115.5793554,40.0501415,1628 115.5793512,40.0501525,1628 115.5793448,40.0501614,1628 115.5793385,40.0501703,1628 115.5793293,40.0501770,1628 115.5793201,40.0501838,1628 115.5793084,40.0501883,1628 115.5792967,40.0501928,1624 115.5792843,40.0501968,1624 115.5792720,40.0502009,1624 115.5792598,40.0502036,1624 115.5792477,40.0502064,1624 115.5792365,40.0502095,1624 115.5792253,40.0502127,1624 115.5792138,40.0502171,1624 115.5792023,40.0502216,1624 115.5791916,40.0502270,1624 115.5791809,40.0502324,1624 115.5791709,40.0502385,1624 115.5791610,40.0502447,1624 115.5791498,40.0502508,1624 115.5791387,40.0502569,1624 115.5791271,40.0502640,1624 115.5791156,40.0502712,1624 115.5791051,40.0502788,1624 115.5790947,40.0502864,1624 115.5790854,40.0502934,1624 115.5790762,40.0503005,1624 115.5790655,40.0503066,1624 115.5790549,40.0503128,1624 115.5790440,40.0503184,1624 115.5790331,40.0503240,1624 115.5790213,40.0503290,1617 115.5790096,40.0503341,1617 115.5789967,40.0503375,1617 115.5789838,40.0503409,1617 115.5789714,40.0503434,1617 115.5789590,40.0503459,1617 115.5789479,40.0503476,1617 115.5789369,40.0503494,1617 115.5789266,40.0503501,1617 115.5789163,40.0503509,1617 115.5789051,40.0503505,1617 115.5788939,40.0503501,1617 115.5788844,40.0503504,1617 115.5788749,40.0503507,1617 115.5788655,40.0503511,1617 115.5788507,40.0503525,1617 115.5788360,40.0503539,1617 115.5788208,40.0503551,1617 115.5788056,40.0503564,1617 115.5787915,40.0503577,1617 115.5787775,40.0503590,1617 115.5787646,40.0503620,1617 115.5787517,40.0503650,1617 115.5787399,40.0503704,1616 115.5787281,40.0503759,1616 115.5787168,40.0503825,1616 115.5787055,40.0503892,1616 115.5786948,40.0503957,1616 115.5786842,40.0504022,1616 115.5786735,40.0504073,1616 115.5786629,40.0504125,1616 115.5786508,40.0504167,1623 115.5786388,40.0504210,1623 115.5786254,40.0504269,1623 115.5786121,40.0504328,1623 115.5785981,40.0504403,1623 115.5785841,40.0504477,1623 115.5785716,40.0504545,1623 115.5785592,40.0504613,1623 115.5785482,40.0504668,1623 115.5785373,40.0504723,1623 115.5785270,40.0504778,1623 115.5785168,40.0504834,1623 115.5785077,40.0504904,1623 115.5784987,40.0504974,1623 115.5784894,40.0505059,1623 115.5784801,40.0505144,1623 115.5784714,40.0505228,1618 115.5784627,40.0505313,1618 115.5784547,40.0505387,1618 115.5784467,40.0505462,1618 115.5784380,40.0505523,1618 115.5784293,40.0505584,1618 115.5784170,40.0505620,1618 115.5784048,40.0505657,1618 115.5783906,40.0505657,1618 115.5783764,40.0505658,1618 115.5783625,40.0505632,1618 115.5783487,40.0505607,1618 115.5783340,40.0505602,1618 115.5783194,40.0505597,1618 115.5783043,40.0505607,1618 115.5782893,40.0505617,1618 115.5782744,40.0505637,1618 115.5782596,40.0505658,1618 115.5782415,40.0505696,1618 115.5782235,40.0505734,1618 115.5782013,40.0505801,1618 115.5781791,40.0505869,1614 115.5781579,40.0505939,1614 115.5781367,40.0506010,1614 115.5781194,40.0506066,1614 115.5781022,40.0506123,1614 115.5780873,40.0506139,1614 115.5780725,40.0506156,1614 115.5780577,40.0506156,1614 115.5780430,40.0506157,1614 115.5780285,40.0506181,1614 115.5780140,40.0506206,1614 115.5779980,40.0506252,1614 115.5779820,40.0506298,1614 115.5779650,40.0506331,1614 115.5779481,40.0506364,1614 115.5779302,40.0506360,1614 115.5779123,40.0506357,1611 115.5778940,40.0506334,1611 115.5778757,40.0506312,1611 115.5778577,40.0506281,1611 115.5778398,40.0506249,1611 115.5778213,40.0506208,1611 115.5778028,40.0506167,1611 115.5777847,40.0506103,1611 115.5777667,40.0506042,1611 115.5777501,40.0505975,1611 115.5777335,40.0505908,1611 115.5777175,40.0505856,1611 115.5777015,40.0505804,1611 115.5776843,40.0505781,1611 115.5776671,40.0505759,1611 115.5776495,40.0505759,1611 115.5776319,40.0505760,1612 115.5776135,40.0505764,1612 115.5775952,40.0505768,1612 115.5775757,40.0505781,1612 115.5775562,40.0505796,1612 115.5775376,40.0505821,1612 115.5775191,40.0505847,1612 115.5775010,40.0505875,1612 115.5774830,40.0505904,1612 115.5774658,40.0505942,1612 115.5774486,40.0505980,1612 115.5774320,40.0506024,1612 115.5774155,40.0506068,1612 115.5774002,40.0506117,1612 115.5773850,40.0506167,1612 115.5773701,40.0506231,1612 115.5773553,40.0506296,1607 115.5773408,40.0506372,1607 115.5773263,40.0506448,1607 115.5773114,40.0506521,1607 115.5772966,40.0506595,1607 115.5772826,40.0506657,1607 115.5772686,40.0506719,1607 115.5772543,40.0506776,1607 115.5772400,40.0506833,1607 115.5772255,40.0506894,1607 115.5772111,40.0506954,1623 115.5771942,40.0507009,1623 115.5771774,40.0507064,1623 115.5771592,40.0507110,1623 115.5771410,40.0507155,1623 115.5771215,40.0507197,1623 115.5771021,40.0507238,1623 115.5770843,40.0507257,1623 115.5770665,40.0507276,1618 115.5770486,40.0507282,1618 115.5770308,40.0507289,1618 115.5770125,40.0507301,1618 115.5769942,40.0507316,1618 115.5769758,40.0507329,1618 115.5769575,40.0507343,1618 115.5769387,40.0507350,1618 115.5769199,40.0507357,1618 115.5769027,40.0507366,1618 115.5768856,40.0507376,1618 115.5768697,40.0507397,1618 115.5768538,40.0507419,1618 115.5768381,40.0507458,1618 115.5768224,40.0507498,1618 115.5768062,40.0507540,1618 115.5767901,40.0507583,1609 115.5767751,40.0507626,1609 115.5767601,40.0507669,1609 115.5767466,40.0507701,1609 115.5767332,40.0507733,1609 115.5767205,40.0507744,1609 115.5767078,40.0507755,1609 115.5766968,40.0507754,1609 115.5766859,40.0507753,1609 115.5766755,40.0507755,1609 115.5766651,40.0507757,1609 115.5766553,40.0507778,1609 115.5766456,40.0507800,1609 115.5766367,40.0507840,1609 115.5766278,40.0507881,1609 115.5766200,40.0507943,1609 115.5766122,40.0508005,1609 115.5766051,40.0508090,1609 115.5765981,40.0508175,1609 115.5765913,40.0508274,1609 115.5765846,40.0508374,1609 115.5765779,40.0508464,1609 115.5765713,40.0508555,1609 115.5765639,40.0508627,1609 115.5765566,40.0508700,1609 115.5765491,40.0508752,1609 115.5765416,40.0508803,1609 115.5765354,40.0508866,1609 115.5765292,40.0508929,1609 115.5765270,40.0508972,1604 115.5765248,40.0509016,1604 115.5765233,40.0509061,1604 115.5765218,40.0509106,1604 115.5765204,40.0509180,1604 115.5765191,40.0509253,1604 115.5765209,40.0509331,1604 115.5765228,40.0509409,1604 115.5765269,40.0509479,1604 115.5765311,40.0509550,1609 115.5765364,40.0509615,1609 115.5765417,40.0509681,1609 115.5765446,40.0509717,1609 115.5765476,40.0509753,1612 115.5765516,40.0509818,1612 115.5765556,40.0509884,1612 115.5765615,40.0509958,1612 115.5765675,40.0510035,1612 115.5765720,40.0510078,1612 115.5765765,40.0510121,1612 115.5765842,40.0510212,1612 115.5765919,40.0510304,1612 115.5765964,40.0510396,1612 115.5766009,40.0510491,1612 115.5766008,40.0510594,1612 115.5766007,40.0510697,1612 115.5765978,40.0510800,1612 115.5765950,40.0510903,1612 115.5765926,40.0510955,1612 115.5765903,40.0511007,1612 115.5765872,40.0511083,1612 115.5765842,40.0511160,1612 115.5765833,40.0511229,1612 115.5765824,40.0511301,1612 115.5765826,40.0511358,1612 115.5765829,40.0511416,1612 115.5765848,40.0511474,1612 115.5765868,40.0511532,1612 115.5765895,40.0511581,1612 115.5765922,40.0511630,1612 115.5765964,40.0511672,1612 115.5766006,40.0511715,1612 115.5766086,40.0511755,1612 115.5766166,40.0511796,1612 115.5766296,40.0511849,1612 115.5766293,40.0511918,1612 115.5766291,40.0511987,1612 115.5766264,40.0512043,1612 115.5766238,40.0512099,1612 115.5766185,40.0512135,1612 115.5766133,40.0512171,1612 115.5766045,40.0512192,1612 115.5765957,40.0512213,1612 115.5765836,40.0512226,1612 115.5765716,40.0512240,1612 115.5765565,40.0512279,1612 115.5765414,40.0512317,1612 115.5765151,40.0512439,1601 115.5765068,40.0512487,1601 115.5764986,40.0512535,1603 115.5764898,40.0512581,1603 115.5764811,40.0512628,1603 115.5764726,40.0512670,1603 115.5764641,40.0512713,1603 115.5764562,40.0512764,1603 115.5764483,40.0512816,1603 115.5764412,40.0512898,1603 115.5764341,40.0512980,1603 115.5764267,40.0513047,1603 115.5764194,40.0513115,1603 115.5764107,40.0513162,1603 115.5764020,40.0513209,1603 115.5763920,40.0513258,1603 115.5763820,40.0513308,1603 115.5763722,40.0513371,1603 115.5763625,40.0513435,1603 115.5763530,40.0513518,1603 115.5763435,40.0513602,1603 115.5763342,40.0513682,1603 115.5763249,40.0513762,1603 115.5763152,40.0513839,1603 115.5763056,40.0513916,1603 115.5762950,40.0513996,1603 115.5762845,40.0514076,1603 115.5762740,40.0514160,1603 115.5762636,40.0514244,1603 115.5762543,40.0514328,1603 115.5762450,40.0514412,1586 115.5762351,40.0514490,1586 115.5762253,40.0514569,1586 115.5762156,40.0514663,1586 115.5762059,40.0514758,1586 115.5761957,40.0514869,1586 115.5761856,40.0514980,1586 115.5761736,40.0515093,1586 115.5761616,40.0515207,1586 115.5761490,40.0515304,1591 115.5761364,40.0515402,1591 115.5761238,40.0515476,1591 115.5761112,40.0515551,1591 115.5760983,40.0515625,1591 115.5760854,40.0515700,1591 115.5760722,40.0515774,1591 115.5760591,40.0515848,1591 115.5760446,40.0515912,1591 115.5760301,40.0515977,1591 115.5760164,40.0516055,1591 115.5760028,40.0516133,1591 115.5759905,40.0516222,1591 115.5759782,40.0516311,1591 115.5759658,40.0516387,1589 115.5759535,40.0516463,1589 115.5759413,40.0516530,1589 115.5759292,40.0516597,1589 115.5759163,40.0516657,1589 115.5759035,40.0516717,1589 115.5758916,40.0516772,1589 115.5758798,40.0516828,1589 115.5758704,40.0516879,1589 115.5758611,40.0516931,1589 115.5758521,40.0516997,1589 115.5758432,40.0517064,1589 115.5758346,40.0517154,1589 115.5758260,40.0517245,1589 115.5758174,40.0517357,1589 115.5758088,40.0517470,1589 115.5758011,40.0517594,1589 115.5757935,40.0517719,1589 115.5757868,40.0517848,1589 115.5757801,40.0517978,1589 115.5757721,40.0518112,1598 115.5757642,40.0518247,1598 115.5757532,40.0518372,1598 115.5757423,40.0518498,1598 115.5757296,40.0518606,1598 115.5757170,40.0518715,1598 115.5757050,40.0518800,1598 115.5756930,40.0518886,1595 115.5756830,40.0518971,1595 115.5756731,40.0519056,1595 115.5756662,40.0519139,1595 115.5756594,40.0519224,1595 115.5756547,40.0519302,1595 115.5756501,40.0519381,1595 115.5756470,40.0519448,1595 115.5756440,40.0519516,1595 115.5756405,40.0519583,1595 115.5756370,40.0519650,1595 115.5756296,40.0519719,1595 115.5756222,40.0519788,1595 115.5756116,40.0519868,1595 115.5756011,40.0519948,1595 115.5755880,40.0520033,1595 115.5755750,40.0520117,1595 115.5755605,40.0520189,1595 115.5755461,40.0520261,1595 115.5755309,40.0520313,1595 115.5755158,40.0520365,1595 115.5755004,40.0520426,1595 115.5754850,40.0520487,1595 115.5754705,40.0520568,1595 115.5754560,40.0520650,1595 115.5754444,40.0520760,1595 115.5754329,40.0520871,1592 115.5754255,40.0521004,1592 115.5754181,40.0521138,1592 115.5754142,40.0521267,1580 115.5754104,40.0521397,1580 115.5754070,40.0521507,1580 115.5754037,40.0521617,1580 115.5754018,40.0521711,1580 115.5754000,40.0521808,1580 115.5753977,40.0521894,1580 115.5753954,40.0521980,1580 115.5753925,40.0522066,1580 115.5753896,40.0522152,1580 115.5753864,40.0522236,1580 115.5753833,40.0522321,1580 115.5753816,40.0522364,1580 115.5753800,40.0522407,1580 115.5753791,40.0522468,1580 115.5753783,40.0522529,1580 115.5753790,40.0522590,1580 115.5753798,40.0522652,1580 115.5753805,40.0522718,1580 115.5753813,40.0522785,1580 115.5753803,40.0522860,1580 115.5753793,40.0522936,1580 115.5753755,40.0523013,1580 115.5753718,40.0523091,1580 115.5753652,40.0523152,1580 115.5753587,40.0523216,1580 115.5753513,40.0523271,1580 115.5753439,40.0523326,1580 115.5753369,40.0523387,1580 115.5753299,40.0523448,1580 115.5753225,40.0523514,1580 115.5753151,40.0523581,1580 115.5753107,40.0523618,1570 115.5753064,40.0523655,1570 115.5752996,40.0523710,1570 115.5752928,40.0523766,1570 115.5752863,40.0523836,1570 115.5752799,40.0523906,1570 115.5752628,40.0524055,1570 115.5752540,40.0524096,1570 115.5752453,40.0524137,1570 115.5752352,40.0524182,1570 115.5752252,40.0524228,1570 115.5752147,40.0524282,1570 115.5752043,40.0524336,1570 115.5751956,40.0524391,1570 115.5751870,40.0524446,1570 115.5751801,40.0524517,1570 115.5751733,40.0524589,1570 115.5751658,40.0524666,1570 115.5751584,40.0524743,1570 115.5751513,40.0524808,1570 115.5751442,40.0524873,1570 115.5751371,40.0524927,1566 115.5751301,40.0524981,1566 115.5751224,40.0525019,1566 115.5751148,40.0525060,1566 115.5751050,40.0525096,1566 115.5750953,40.0525133,1566 115.5750843,40.0525158,1566 115.5750734,40.0525183,1566 115.5750612,40.0525204,1566 115.5750490,40.0525225,1566 115.5750377,40.0525256,1566 115.5750265,40.0525290,1566 115.5750176,40.0525339,1566 115.5750088,40.0525388,1566 115.5750020,40.0525439,1566 115.5749952,40.0525490,1566 115.5749873,40.0525531,1566 115.5749794,40.0525572,1566 115.5749696,40.0525613,1566 115.5749598,40.0525655,1566 115.5749493,40.0525685,1566 115.5749389,40.0525715,1566 115.5749284,40.0525727,1566 115.5749179,40.0525739,1566 115.5749061,40.0525750,1566 115.5748943,40.0525762,1566 115.5748816,40.0525785,1566 115.5748690,40.0525809,1566 115.5748566,40.0525831,1568 115.5748442,40.0525854,1568 115.5748332,40.0525886,1568 115.5748223,40.0525918,1568 115.5748117,40.0525948,1568 115.5748011,40.0525978,1568 115.5747897,40.0526002,1568 115.5747784,40.0526027,1568 115.5747663,40.0526042,1568 115.5747542,40.0526057,1568 115.5747406,40.0526069,1568 115.5747271,40.0526082,1568 115.5747132,40.0526110,1568 115.5746994,40.0526138,1568 115.5746867,40.0526165,1568 115.5746741,40.0526192,1568 115.5746630,40.0526195,1568 115.5746519,40.0526198,1568 115.5746414,40.0526191,1568 115.5746309,40.0526185,1568 115.5746209,40.0526196,1568 115.5746110,40.0526207,1568 115.5746008,40.0526267,1568 115.5745906,40.0526326,1568 115.5745782,40.0526422,1571 115.5745659,40.0526518,1571 115.5745519,40.0526611,1571 115.5745379,40.0526705,1571 115.5745216,40.0526788,1571 115.5745053,40.0526871,1571 115.5744902,40.0526960,1571 115.5744752,40.0527049,1571 115.5744610,40.0527153,1571 115.5744468,40.0527259,1571 115.5744349,40.0527366,1571 115.5744230,40.0527475,1571 115.5744137,40.0527595,1571 115.5744044,40.0527714,1571 115.5743929,40.0527840,1571 115.5743814,40.0527967,1571 115.5743631,40.0528099,1571 115.5743448,40.0528232,1571 115.5743220,40.0528365,1571 115.5742993,40.0528498,1586 115.5742772,40.0528619,1586 115.5742552,40.0528740,1586 115.5742336,40.0528859,1586 115.5742121,40.0528979,1586 115.5741951,40.0529075,1586 115.5741781,40.0529172,1575 115.5741629,40.0529281,1575 115.5741477,40.0529393,1575 115.5741317,40.0529509,1575 115.5741158,40.0529625,1575 115.5740985,40.0529729,1575 115.5740813,40.0529834,1575 115.5740640,40.0529930,1575 115.5740467,40.0530026,1575 115.5740313,40.0530128,1575 115.5740159,40.0530230,1585 115.5740007,40.0530336,1585 115.5739856,40.0530443,1585 115.5739685,40.0530535,1585 115.5739514,40.0530627,1585 115.5739319,40.0530696,1585 115.5739125,40.0530766,1585 115.5738920,40.0530816,1585 115.5738716,40.0530866,1585 115.5738518,40.0530895,1585 115.5738320,40.0530925,1585 115.5738119,40.0530937,1585 115.5737919,40.0530950,1585 115.5737719,40.0530963,1585 115.5737520,40.0530977,1585 115.5737331,40.0530997,1578 115.5737143,40.0531018,1578 115.5736988,40.0531019,1578 115.5736833,40.0531020,1578 115.5736696,40.0531002,1578 115.5736560,40.0530987,1578 115.5736406,40.0530957,1578 115.5736253,40.0530928,1578 115.5736098,40.0530894,1578 115.5735943,40.0530861,1578 115.5735789,40.0530842,1578 115.5735636,40.0530823,1578 115.5735476,40.0530823,1578 115.5735316,40.0530824,1578 115.5735152,40.0530827,1578 115.5734988,40.0530830,1578 115.5734818,40.0530827,1578 115.5734648,40.0530824,1579 115.5734467,40.0530819,1579 115.5734286,40.0530815,1579 115.5734064,40.0530814,1579 115.5733843,40.0530814,1579 115.5733591,40.0530828,1579 115.5733339,40.0530842,1579 115.5733076,40.0530846,1579 115.5732813,40.0530850,1579 115.5732552,40.0530840,1579 115.5732292,40.0530830,1579 115.5732069,40.0530806,1579 115.5731846,40.0530783,1585 115.5731653,40.0530759,1585 115.5731461,40.0530735,1585 115.5731261,40.0530719,1585 115.5731061,40.0530703,1585 115.5730856,40.0530689,1585 115.5730651,40.0530675,1585 115.5730443,40.0530653,1585 115.5730236,40.0530631,1585 115.5730024,40.0530607,1585 115.5729813,40.0530582,1585 115.5729621,40.0530580,1585 115.5729429,40.0530576,1585 115.5729251,40.0530581,1585 115.5729074,40.0530586,1589 115.5728888,40.0530564,1589 115.5728702,40.0530544,1589 115.5728505,40.0530502,1589 115.5728308,40.0530461,1589 115.5728097,40.0530404,1589 115.5727886,40.0530347,1589 115.5727682,40.0530300,1589 115.5727479,40.0530253,1589 115.5727292,40.0530222,1589 115.5727105,40.0530191,1589 115.5726927,40.0530144,1589 115.5726750,40.0530096,1589 115.5726565,40.0530053,1589 115.5726381,40.0530009,1586 115.5726173,40.0529971,1586 115.5725966,40.0529933,1586 115.5725765,40.0529891,1586 115.5725565,40.0529849,1586 115.5725373,40.0529810,1586 115.5725181,40.0529771,1586 115.5724976,40.0529728,1586 115.5724772,40.0529685,1586 115.5724571,40.0529633,1586 115.5724371,40.0529581,1586 115.5724181,40.0529547,1586 115.5723991,40.0529512,1586 115.5723799,40.0529482,1586 115.5723607,40.0529452,1583 115.5723428,40.0529427,1583 115.5723249,40.0529402,1583 115.5723098,40.0529372,1583 115.5722947,40.0529342,1583 115.5722807,40.0529297,1583 115.5722668,40.0529251,1583 115.5722499,40.0529208,1583 115.5722331,40.0529166,1601 115.5722155,40.0529134,1601 115.5721980,40.0529102,1601 115.5721813,40.0529110,1601 115.5721647,40.0529119,1601 115.5721481,40.0529159,1601 115.5721315,40.0529199,1583 115.5721139,40.0529254,1583 115.5720963,40.0529310,1583 115.5720792,40.0529376,1585 115.5720621,40.0529443,1585 115.5720449,40.0529514,1585 115.5720278,40.0529585,1585 115.5720053,40.0529643,1585 115.5719828,40.0529701,1585 115.5719572,40.0529761,1585 115.5719316,40.0529822,1585 115.5719072,40.0529882,1585 115.5718828,40.0529942,1585 115.5718604,40.0529997,1585 115.5718381,40.0530052,1585 115.5718212,40.0530086,1585 115.5718043,40.0530120,1594 115.5717880,40.0530134,1594 115.5717718,40.0530148,1594 115.5717558,40.0530143,1594 115.5717399,40.0530139,1594 115.5717245,40.0530132,1594 115.5717091,40.0530126,1594 115.5716941,40.0530141,1594 115.5716792,40.0530156,1594 115.5716631,40.0530181,1594 115.5716471,40.0530209,1594 115.5716293,40.0530222,1594 115.5716116,40.0530236,1594 115.5715896,40.0530227,1594 115.5715677,40.0530219,1594 115.5715402,40.0530186,1594 115.5715128,40.0530154,1594 115.5714834,40.0530091,1594 115.5714540,40.0530028,1594 115.5714288,40.0529970,1594 115.5714036,40.0529913,1594 115.5713789,40.0529868,1594 115.5713542,40.0529822,1594 115.5713308,40.0529812,1594 115.5713075,40.0529801,1594 115.5712865,40.0529806,1594 115.5712655,40.0529812,1594 115.5712440,40.0529831,1592 115.5712225,40.0529850,1592 115.5712044,40.0529870,1592 115.5711863,40.0529891,1592 115.5711689,40.0529914,1592 115.5711516,40.0529938,1592 115.5711350,40.0529950,1592 115.5711184,40.0529962,1592 115.5711021,40.0529960,1592 115.5710858,40.0529956,1592 115.5710686,40.0529941,1592 115.5710515,40.0529926,1592 115.5710334,40.0529901,1592 115.5710153,40.0529877,1592 115.5709961,40.0529860,1592 115.5709770,40.0529844,1592 115.5709573,40.0529850,1592 115.5709377,40.0529856,1592 115.5709169,40.0529862,1592 115.5708962,40.0529868,1592 115.5708743,40.0529870,1592 115.5708525,40.0529873,1592 115.5708310,40.0529881,1592 115.5708096,40.0529889,1592 115.5707885,40.0529910,1592 115.5707675,40.0529931,1592 115.5707453,40.0529941,1592 115.5707231,40.0529952,1592 115.5707025,40.0529955,1592 115.5706820,40.0529959,1585 115.5706650,40.0529956,1585 115.5706481,40.0529956,1585 115.5706347,40.0529954,1585 115.5706213,40.0529953,1585 115.5706085,40.0529956,1585 115.5705957,40.0529960,1585 115.5705819,40.0529966,1585 115.5705681,40.0529973,1585 115.5705541,40.0529992,1585 115.5705402,40.0530012,1585 115.5705255,40.0530038,1585 115.5705108,40.0530065,1585 115.5704942,40.0530093,1585 115.5704777,40.0530120,1585 115.5704610,40.0530137,1585 115.5704444,40.0530153,1585 115.5704295,40.0530164,1585 115.5704146,40.0530175,1588 115.5704012,40.0530199,1588 115.5703878,40.0530225,1588 115.5703748,40.0530266,1588 115.5703618,40.0530309,1588 115.5703488,40.0530349,1588 115.5703358,40.0530390,1588 115.5703228,40.0530439,1588 115.5703099,40.0530488,1588 115.5702967,40.0530548,1588 115.5702836,40.0530609,1588 115.5702713,40.0530670,1588 115.5702591,40.0530732,1588 115.5702476,40.0530783,1588 115.5702361,40.0530837,1588 115.5702246,40.0530877,1588 115.5702132,40.0530917,1588 115.5702011,40.0530952,1588 115.5701890,40.0530988,1588 115.5701758,40.0531032,1588 115.5701627,40.0531078,1588 115.5701489,40.0531124,1588 115.5701351,40.0531171,1588 115.5701210,40.0531208,1588 115.5701070,40.0531245,1588 115.5700937,40.0531279,1588 115.5700804,40.0531314,1588 115.5700679,40.0531347,1588 115.5700555,40.0531381,1588 115.5700436,40.0531409,1588 115.5700317,40.0531438,1588 115.5700219,40.0531467,1588 115.5700121,40.0531497,1588 115.5700010,40.0531540,1588 115.5699899,40.0531583,1588 115.5699767,40.0531624,1588 115.5699636,40.0531666,1588 115.5699483,40.0531680,1588 115.5699331,40.0531694,1588 115.5699148,40.0531683,1588 115.5698965,40.0531672,1588 115.5698764,40.0531664,1588 115.5698563,40.0531656,1589 115.5698364,40.0531673,1589 115.5698166,40.0531691,1589 115.5697978,40.0531726,1589 115.5697790,40.0531762,1589 115.5697608,40.0531807,1589 115.5697427,40.0531853,1589 115.5697260,40.0531919,1589 115.5697094,40.0531986,1581 115.5696946,40.0532055,1581 115.5696798,40.0532125,1581 115.5696682,40.0532194,1581 115.5696566,40.0532263,1581 115.5696480,40.0532329,1581 115.5696395,40.0532396,1581 115.5696315,40.0532445,1581 115.5696236,40.0532494,1581 115.5696146,40.0532534,1581 115.5696056,40.0532576,1581 115.5696003,40.0532594,1581 115.5695951,40.0532612,1581 115.5695898,40.0532630,1581 115.5695846,40.0532649,1581 115.5695752,40.0532680,1588 115.5695659,40.0532712,1588 115.5695560,40.0532742,1588 115.5695461,40.0532773,1588 115.5695347,40.0532798,1588 115.5695233,40.0532823,1588 115.5695114,40.0532828,1588 115.5694995,40.0532834,1588 115.5694891,40.0532829,1588 115.5694787,40.0532825,1588 115.5694686,40.0532814,1588 115.5694586,40.0532804,1588 115.5694487,40.0532802,1588 115.5694388,40.0532801,1588 115.5694296,40.0532822,1588 115.5694204,40.0532843,1588 115.5694123,40.0532901,1588 115.5694042,40.0532960,1588 115.5693961,40.0533038,1588 115.5693880,40.0533116,1588 115.5693794,40.0533188,1588 115.5693708,40.0533260,1588 115.5693612,40.0533338,1588 115.5693517,40.0533417,1588 115.5693429,40.0533512,1588 115.5693341,40.0533607,1588 115.5693241,40.0533704,1588 115.5693142,40.0533802,1588 115.5693036,40.0533908,1592 115.5692931,40.0534016,1592 115.5692829,40.0534131,1592 115.5692728,40.0534247,1592 115.5692623,40.0534352,1592 115.5692519,40.0534458,1592 115.5692416,40.0534550,1592 115.5692313,40.0534642,1592 115.5692215,40.0534737,1589 115.5692117,40.0534832,1589 115.5692029,40.0534942,1589 115.5691941,40.0535055,1589 115.5691871,40.0535189,1589 115.5691802,40.0535324,1589 115.5691752,40.0535469,1589 115.5691703,40.0535614,1589 115.5691657,40.0535756,1589 115.5691611,40.0535899,1589 115.5691560,40.0536039,1589 115.5691510,40.0536180,1589 115.5691474,40.0536310,1589 115.5691438,40.0536442,1589 115.5691428,40.0536568,1589 115.5691418,40.0536693,1589 115.5691423,40.0536820,1589 115.5691429,40.0536947,1589 115.5691434,40.0537075,1589 115.5691439,40.0537203,1589 115.5691439,40.0537311,1589 115.5691440,40.0537420,1589 115.5691411,40.0537504,1580 115.5691382,40.0537589,1580 115.5691305,40.0537654,1580 115.5691228,40.0537720,1580 115.5691154,40.0537766,1580 115.5691080,40.0537812,1580 115.5691006,40.0537859,1580 115.5690903,40.0537934,1580 115.5690800,40.0538009,1580 115.5690699,40.0538089,1580 115.5690598,40.0538170,1580 115.5690492,40.0538265,1580 115.5690387,40.0538361,1580 115.5690280,40.0538470,1580 115.5690173,40.0538578,1587 115.5690067,40.0538690,1587 115.5689961,40.0538802,1587 115.5689876,40.0538920,1587 115.5689792,40.0539039,1587 115.5689723,40.0539156,1587 115.5689655,40.0539273,1587 115.5689570,40.0539375,1587 115.5689486,40.0539478,1587 115.5689389,40.0539560,1587 115.5689292,40.0539642,1587 115.5689194,40.0539705,1587 115.5689096,40.0539769,1587 115.5688996,40.0539833,1587 115.5688896,40.0539897,1587 115.5688802,40.0539975,1587 115.5688709,40.0540053,1587 115.5688630,40.0540138,1587 115.5688551,40.0540224,1587 115.5688490,40.0540285,1582 115.5688430,40.0540346,1582 115.5688377,40.0540386,1582 115.5688325,40.0540426,1582 115.5688307,40.0540438,1582 115.5688289,40.0540451,1582 115.5688271,40.0540463,1582 115.5688253,40.0540475,1582 115.5688161,40.0540537,1582 115.5688069,40.0540598,1582 115.5687969,40.0540648,1582 115.5687869,40.0540698,1582 115.5687755,40.0540736,1582 115.5687642,40.0540774,1582 115.5687513,40.0540802,1582 115.5687384,40.0540830,1577 115.5687266,40.0540855,1577 115.5687149,40.0540880,1577 115.5687042,40.0540915,1577 115.5686936,40.0540949,1577 115.5686840,40.0540992,1577 115.5686744,40.0541034,1577 115.5686695,40.0541063,1577 115.5686646,40.0541093,1577 115.5686571,40.0541156,1577 115.5686496,40.0541222,1577 115.5686412,40.0541292,1577 115.5686329,40.0541363,1577 115.5686238,40.0541440,1577 115.5686147,40.0541517,1577 115.5686052,40.0541580,1577 115.5685957,40.0541644,1577 115.5685861,40.0541693,1577 115.5685765,40.0541742,1577 115.5685674,40.0541788,1577 115.5685583,40.0541836,1577 115.5685517,40.0541907,1577 115.5685451,40.0541978,1577 115.5685416,40.0542080,1577 115.5685382,40.0542183,1577 115.5685379,40.0542305,1577 115.5685376,40.0542429,1577 115.5685395,40.0542551,1577 115.5685414,40.0542674,1577 115.5685433,40.0542786,1577 115.5685453,40.0542899,1577 115.5685449,40.0543003,1577 115.5685446,40.0543108,1577 115.5685445,40.0543209,1577 115.5685445,40.0543311,1577 115.5685443,40.0543402,1577 115.5685442,40.0543494,1577 115.5685425,40.0543575,1577 115.5685408,40.0543655,1577 115.5685389,40.0543746,1577 115.5685370,40.0543837,1577 115.5685363,40.0543934,1577 115.5685357,40.0544031,1577 115.5685345,40.0544125,1577 115.5685333,40.0544219,1577 115.5685333,40.0544321,1577 115.5685334,40.0544423,1577 115.5685332,40.0544537,1577 115.5685331,40.0544652,1577 115.5685313,40.0544760,1577 115.5685296,40.0544869,1577 115.5685263,40.0544974,1577 115.5685231,40.0545079,1577 115.5685185,40.0545186,1577 115.5685139,40.0545293,1577 115.5685103,40.0545391,1577 115.5685067,40.0545489,1577 115.5685062,40.0545582,1577 115.5685057,40.0545678,1577 115.5685059,40.0545787,1577 115.5685061,40.0545896,1576 115.5685034,40.0546017,1576 115.5685008,40.0546139,1576 115.5684978,40.0546261,1576 115.5684948,40.0546383,1576 115.5684913,40.0546499,1576 115.5684879,40.0546615,1576 115.5684839,40.0546741,1576 115.5684799,40.0546868,1576 115.5684762,40.0547004,1576 115.5684725,40.0547141,1576 115.5684682,40.0547278,1573 115.5684640,40.0547416,1573 115.5684586,40.0547546,1573 115.5684533,40.0547677,1573 115.5684475,40.0547791,1573 115.5684417,40.0547905,1573 115.5684375,40.0548010,1573 115.5684334,40.0548114,1573 115.5684311,40.0548215,1573 115.5684289,40.0548319,1573 115.5684273,40.0548424,1573 115.5684257,40.0548530,1573 115.5684261,40.0548639,1567 115.5684265,40.0548748,1567 115.5684275,40.0548858,1567 115.5684286,40.0548969,1567 115.5684288,40.0549081,1567 115.5684290,40.0549194,1567 115.5684296,40.0549311,1567 115.5684303,40.0549428,1567 115.5684312,40.0549563,1567 115.5684322,40.0549699,1567 115.5684331,40.0549828,1567 115.5684340,40.0549958,1567 115.5684366,40.0550063,1567 115.5684392,40.0550169,1567 115.5684405,40.0550261,1567 115.5684419,40.0550354,1567 115.5684404,40.0550456,1567 115.5684389,40.0550558,1567 115.5684337,40.0550666,1567 115.5684286,40.0550775,1567 115.5684232,40.0550883,1567 115.5684178,40.0550992,1567 115.5684124,40.0551100,1567 115.5684070,40.0551208,1567 115.5684018,40.0551300,1567 115.5683967,40.0551392,1563 115.5683908,40.0551474,1563 115.5683850,40.0551557,1563 115.5683784,40.0551638,1563 115.5683718,40.0551722,1563 115.5683629,40.0551809,1563 115.5683541,40.0551896,1563 115.5683429,40.0551983,1563 115.5683318,40.0552070,1563 115.5683190,40.0552164,1563 115.5683062,40.0552259,1563 115.5682939,40.0552352,1563 115.5682817,40.0552445,1563 115.5682705,40.0552534,1563 115.5682593,40.0552623,1563 115.5682499,40.0552708,1563 115.5682405,40.0552794,1563 115.5682337,40.0552886,1563 115.5682270,40.0552978,1563 115.5682211,40.0553079,1563 115.5682153,40.0553182,1563 115.5682099,40.0553279,1563 115.5682045,40.0553377,1563 115.5681980,40.0553470,1563 115.5681915,40.0553563,1562 115.5681828,40.0553651,1562 115.5681741,40.0553740,1562 115.5681654,40.0553829,1562 115.5681567,40.0553918,1562 115.5681475,40.0554009,1562 115.5681383,40.0554100,1562 115.5681274,40.0554194,1564 115.5681166,40.0554289,1564 115.5681066,40.0554389,1564 115.5680966,40.0554489,1564 115.5680889,40.0554587,1564 115.5680812,40.0554687,1564 115.5680732,40.0554783,1564 115.5680652,40.0554879,1564 115.5680585,40.0554963,1564 115.5680518,40.0555048,1564 115.5680456,40.0555127,1564 115.5680395,40.0555206,1564 115.5680344,40.0555293,1564 115.5680294,40.0555381,1564 115.5680261,40.0555481,1564 115.5680228,40.0555581,1564 115.5680192,40.0555685,1564 115.5680157,40.0555790,1564 115.5680097,40.0555888,1564 115.5680037,40.0555987,1564 115.5679967,40.0556069,1564 115.5679898,40.0556151,1564 115.5679834,40.0556234,1564 115.5679771,40.0556317,1564 115.5679684,40.0556409,1564 115.5679597,40.0556501,1564 115.5679490,40.0556600,1564 115.5679384,40.0556699,1564 115.5679282,40.0556798,1564 115.5679180,40.0556898,1564 115.5679117,40.0556998,1554 115.5679054,40.0557098,1554 115.5679020,40.0557202,1554 115.5678987,40.0557305,1554 115.5678943,40.0557395,1554 115.5678899,40.0557485,1554 115.5678850,40.0557564,1554 115.5678802,40.0557644,1554 115.5678765,40.0557722,1554 115.5678728,40.0557800,1554 115.5678680,40.0557873,1554 115.5678633,40.0557947,1554 115.5678578,40.0558009,1554 115.5678523,40.0558071,1554 115.5678476,40.0558138,1554 115.5678430,40.0558205,1554 115.5678392,40.0558290,1554 115.5678355,40.0558377,1554 115.5678330,40.0558476,1554 115.5678306,40.0558576,1554 115.5678278,40.0558679,1554 115.5678251,40.0558785,1554 115.5678224,40.0558881,1554 115.5678198,40.0558977,1554 115.5678161,40.0559062,1554 115.5678125,40.0559147,1554 115.5678081,40.0559232,1554 115.5678038,40.0559316,1554 115.5677997,40.0559408,1554 115.5677956,40.0559500,1554 115.5677923,40.0559590,1554 115.5677891,40.0559679,1554 115.5677845,40.0559757,1553 115.5677800,40.0559836,1553 115.5677723,40.0559907,1553 115.5677647,40.0559979,1553 115.5677577,40.0560047,1553 115.5677507,40.0560116,1553 115.5677447,40.0560189,1553 115.5677388,40.0560263,1553 115.5677349,40.0560356,1553 115.5677311,40.0560449,1553 115.5677288,40.0560547,1553 115.5677265,40.0560645,1553 115.5677222,40.0560749,1553 115.5677180,40.0560854,1553 115.5677126,40.0560951,1553 115.5677072,40.0561049,1553 115.5677011,40.0561136,1553 115.5676950,40.0561223,1553 115.5676884,40.0561296,1553 115.5676818,40.0561370,1553 115.5676750,40.0561451,1553 115.5676683,40.0561533,1553 115.5676619,40.0561626,1553 115.5676555,40.0561719,1553 115.5676514,40.0561808,1553 115.5676474,40.0561897,1553 115.5676451,40.0561971,1553 115.5676428,40.0562045,1553 115.5676428,40.0562119,1553 115.5676429,40.0562193,1553 115.5676462,40.0562263,1553 115.5676495,40.0562333,1553 115.5676545,40.0562391,1553 115.5676595,40.0562449,1553 115.5676646,40.0562495,1553 115.5676697,40.0562540,1548 115.5676740,40.0562558,1548 115.5676783,40.0562578,1548 115.5676827,40.0562597,1548 115.5676899,40.0562567,1548 115.5676972,40.0562538,1548 115.5677026,40.0562461,1553 115.5677080,40.0562387,1553 115.5677125,40.0562314,1553 115.5677170,40.0562242,1553 115.5677217,40.0562185,1553 115.5677264,40.0562128,1553 115.5677324,40.0562089,1553 115.5677385,40.0562051,1553 115.5677430,40.0562011,1553 115.5677475,40.0561974,1553 115.5677516,40.0561917,1553 115.5677557,40.0561859,1553 115.5677641,40.0561804,1553 115.5677726,40.0561749,1553 115.5677843,40.0561707,1553 115.5677961,40.0561668,1553 115.5678033,40.0561636,1553 115.5678106,40.0561605,1553 115.5678179,40.0561573,1553 115.5678290,40.0561529,1553 115.5678402,40.0561485,1553 115.5678541,40.0561456,1553 115.5678680,40.0561427,1553 115.5678782,40.0561408,1553 115.5678884,40.0561389,1553 115.5678994,40.0561385,1553 115.5679104,40.0561382,1553 115.5679176,40.0561384,1545 115.5679248,40.0561387,1545 115.5679327,40.0561397,1545 115.5679406,40.0561407,1545 115.5679528,40.0561431,1545 115.5679650,40.0561456,1545 115.5679732,40.0561499,1545 115.5679815,40.0561542,1545 115.5679850,40.0561611,1545 115.5679885,40.0561680,1545 115.5679889,40.0561756,1545 115.5679893,40.0561833,1545 115.5679898,40.0561887,1545 115.5679904,40.0561941,1545 115.5679940,40.0561968,1545 115.5679977,40.0561995,1545 115.5680021,40.0562004,1545 115.5680066,40.0562014,1545 115.5680155,40.0562037,1545 115.5680245,40.0562061,1545 115.5680317,40.0562101,1545 115.5680389,40.0562141,1545 115.5680423,40.0562197,1545 115.5680458,40.0562254,1545 115.5680442,40.0562294,1545 115.5680427,40.0562334,1545 115.5680412,40.0562374,1545 115.5680347,40.0562420,1545 115.5680283,40.0562466,1545 115.5680193,40.0562506,1538 115.5680104,40.0562546,1538 115.5680020,40.0562590,1538 115.5679936,40.0562633,1538 115.5679878,40.0562688,1538 115.5679820,40.0562744,1538 115.5679784,40.0562809,1538 115.5679749,40.0562874,1538 115.5679720,40.0562944,1538 115.5679692,40.0563014,1538 115.5679650,40.0563077,1538 115.5679609,40.0563140,1538 115.5679582,40.0563212,1538 115.5679555,40.0563285,1538 115.5679529,40.0563358,1538 115.5679504,40.0563431,1538 115.5679485,40.0563496,1538 115.5679466,40.0563562,1538 115.5679452,40.0563607,1538 115.5679439,40.0563653,1538 115.5679426,40.0563699,1538 115.5679393,40.0563760,1538 115.5679360,40.0563822,1538 115.5679314,40.0563871,1538 115.5679269,40.0563920,1538 115.5679224,40.0563969,1538 115.5679179,40.0564018,1538 115.5679146,40.0564077,1548 115.5679113,40.0564136,1548 115.5679089,40.0564215,1548 115.5679066,40.0564294,1548 115.5679087,40.0564504,1548 115.5679104,40.0564598,1548 115.5679122,40.0564692,1548 115.5679112,40.0564792,1548 115.5679102,40.0564892,1548 115.5679083,40.0564971,1548 115.5679065,40.0565051,1548 115.5679034,40.0565117,1548 115.5679003,40.0565183,1548 115.5678927,40.0565252,1548 115.5678851,40.0565322,1533 115.5678758,40.0565401,1533 115.5678666,40.0565480,1533 115.5678623,40.0565562,1533 115.5678581,40.0565647,1533 115.5678553,40.0565738,1533 115.5678525,40.0565830,1533 115.5678508,40.0565929,1533 115.5678492,40.0566029,1533 115.5678475,40.0566126,1533 115.5678459,40.0566224,1533 115.5678436,40.0566309,1533 115.5678413,40.0566395,1533 115.5678385,40.0566480,1533 115.5678357,40.0566565,1533 115.5678318,40.0566655,1533 115.5678280,40.0566746,1533 115.5678243,40.0566836,1533 115.5678207,40.0566926,1533 115.5678168,40.0567020,1533 115.5678130,40.0567114,1533 115.5678088,40.0567209,1533 115.5678046,40.0567305,1533 115.5678005,40.0567403,1533 115.5677965,40.0567501,1533 115.5677920,40.0567609,1533 115.5677875,40.0567718,1533 115.5677799,40.0567836,1533 115.5677724,40.0567954,1533 115.5677597,40.0568072,1525 115.5677471,40.0568191,1525 115.5677324,40.0568294,1525 115.5677178,40.0568398,1525 115.5677042,40.0568500,1525 115.5676906,40.0568602,1525 115.5676757,40.0568693,1525 115.5676609,40.0568787,1525 115.5676462,40.0568869,1525 115.5676315,40.0568952,1525 115.5676194,40.0569019,1525 115.5676074,40.0569087,1525 115.5675990,40.0569156,1525 115.5675907,40.0569226,1525 115.5675864,40.0569313,1525 115.5675821,40.0569400,1525 115.5675812,40.0569453,1525 115.5675803,40.0569508,1525 115.5675785,40.0569593,1525 115.5675768,40.0569677,1525 115.5675733,40.0569753,1525 115.5675698,40.0569829,1525 115.5675648,40.0569894,1525 115.5675598,40.0569960,1525 115.5675524,40.0570015,1525 115.5675451,40.0570071,1525 115.5675360,40.0570109,1525 115.5675270,40.0570148,1525 115.5675181,40.0570179,1525 115.5675092,40.0570210,1525 115.5675014,40.0570234,1525 115.5674937,40.0570259,1525 115.5674864,40.0570289,1525 115.5674792,40.0570320,1525 115.5674718,40.0570365,1525 115.5674644,40.0570410,1525 115.5674563,40.0570460,1525 115.5674483,40.0570510,1525 115.5674401,40.0570574,1525 115.5674319,40.0570638,1525 115.5674213,40.0570699,1525 115.5674107,40.0570760,1525 115.5674001,40.0570815,1525 115.5673896,40.0570870,1513 115.5673804,40.0570927,1513 115.5673713,40.0570984,1513 115.5673645,40.0571055,1513 115.5673577,40.0571127,1510 115.5673540,40.0571180,1510 115.5673503,40.0571233,1510 115.5673466,40.0571287,1510 115.5673415,40.0571357,1510 115.5673365,40.0571428,1510 115.5673310,40.0571501,1510 115.5673255,40.0571575,1510 115.5673192,40.0571648,1510 115.5673130,40.0571724,1510 115.5673075,40.0571800,1510 115.5673020,40.0571876,1510 115.5672967,40.0571956,1510 115.5672914,40.0572036,1510 115.5672858,40.0572125,1510 115.5672802,40.0572215,1510 115.5672738,40.0572296,1510 115.5672674,40.0572378,1510 115.5672607,40.0572460,1510 115.5672541,40.0572542,1510 115.5672479,40.0572632,1510 115.5672417,40.0572721,1510 115.5672369,40.0572814,1510 115.5672322,40.0572907,1510 115.5672280,40.0573006,1510 115.5672239,40.0573106,1510 115.5672191,40.0573214,1510 115.5672144,40.0573323,1510 115.5672102,40.0573444,1510 115.5672060,40.0573565,1510 115.5672023,40.0573694,1498 115.5671986,40.0573824,1498 115.5671959,40.0573964,1498 115.5671933,40.0574104,1498 115.5671935,40.0574254,1498 115.5671937,40.0574404,1498 115.5671963,40.0574557,1498 115.5671990,40.0574711,1498 115.5672010,40.0574868,1498 115.5672031,40.0575026,1498 115.5672032,40.0575187,1498 115.5672033,40.0575351,1498 115.5671999,40.0575494,1498 115.5671965,40.0575637,1498 115.5671898,40.0575776,1498 115.5671831,40.0575916,1498 115.5671748,40.0576048,1498 115.5671665,40.0576181,1498 115.5671577,40.0576313,1498 115.5671489,40.0576445,1505 115.5671407,40.0576580,1505 115.5671326,40.0576716,1505 115.5671264,40.0576855,1505 115.5671202,40.0576994,1505 115.5671170,40.0577138,1505 115.5671138,40.0577282,1505 115.5671137,40.0577433,1505 115.5671136,40.0577584,1505 115.5671113,40.0577739,1505 115.5671090,40.0577895,1505 115.5670984,40.0578033,1505 115.5670879,40.0578171,1505 115.5670731,40.0578265,1508 115.5670584,40.0578359,1508 115.5670431,40.0578422,1508 115.5670279,40.0578486,1508 115.5670149,40.0578564,1508 115.5670019,40.0578643,1508 115.5669919,40.0578771,1508 115.5669820,40.0578899,1508 115.5669739,40.0579050,1508 115.5669658,40.0579200,1516 115.5669621,40.0579339,1516 115.5669584,40.0579477,1516 115.5669589,40.0579610,1516 115.5669595,40.0579743,1516 115.5669600,40.0579875,1516 115.5669606,40.0580008,1516 115.5669575,40.0580124,1516 115.5669545,40.0580243,1516 115.5669459,40.0580342,1516 115.5669373,40.0580442,1516 115.5669235,40.0580519,1516 115.5669097,40.0580597,1516 115.5668959,40.0580664,1516 115.5668821,40.0580731,1516 115.5668686,40.0580801,1516 115.5668552,40.0580872,1516 115.5668396,40.0580942,1516 115.5668241,40.0581012,1516 115.5668055,40.0581057,1520 115.5667870,40.0581103,1520 115.5667659,40.0581117,1520 115.5667449,40.0581132,1520 115.5667239,40.0581118,1520 115.5667029,40.0581105,1520 115.5666828,40.0581066,1520 115.5666627,40.0581027,1520 115.5666443,40.0580960,1520 115.5666259,40.0580894,1520 115.5666095,40.0580823,1520 115.5665931,40.0580753,1520 115.5665765,40.0580699,1520 115.5665599,40.0580645,1520 115.5665434,40.0580604,1520 115.5665270,40.0580564,1520 115.5665114,40.0580536,1520 115.5664958,40.0580509,1520 115.5664798,40.0580488,1520 115.5664639,40.0580467,1520 115.5664467,40.0580454,1520 115.5664296,40.0580442,1520 115.5664126,40.0580436,1520 115.5663956,40.0580431,1520 115.5663787,40.0580433,1520 115.5663619,40.0580434,1520 115.5663456,40.0580432,1520 115.5663293,40.0580430,1520 115.5663139,40.0580409,1520 115.5662985,40.0580389,1520 115.5662826,40.0580347,1520 115.5662667,40.0580306,1520 115.5662498,40.0580262,1518 115.5662330,40.0580219,1518 115.5662169,40.0580179,1518 115.5662008,40.0580142,1518 115.5661851,40.0580129,1518 115.5661694,40.0580117,1518 115.5661555,40.0580132,1518 115.5661416,40.0580148,1518 115.5661276,40.0580168,1518 115.5661137,40.0580189,1518 115.5660971,40.0580214,1518 115.5660806,40.0580240,1518 115.5660625,40.0580270,1518 115.5660445,40.0580301,1518 115.5660285,40.0580341,1518 115.5660126,40.0580382,1518 115.5659973,40.0580425,1518 115.5659821,40.0580469,1518 115.5659663,40.0580512,1516 115.5659506,40.0580556,1516 115.5659340,40.0580595,1516 115.5659174,40.0580635,1516 115.5659011,40.0580679,1516 115.5658849,40.0580723,1516 115.5658692,40.0580759,1516 115.5658535,40.0580796,1516 115.5658369,40.0580826,1516 115.5658204,40.0580857,1516 115.5658041,40.0580894,1516 115.5657878,40.0580932,1516 115.5657722,40.0580975,1516 115.5657567,40.0581018,1516 115.5657415,40.0581051,1516 115.5657264,40.0581083,1516 115.5657111,40.0581091,1516 115.5656958,40.0581099,1516 115.5656800,40.0581105,1508 115.5656643,40.0581112,1508 115.5656482,40.0581115,1508 115.5656322,40.0581120,1508 115.5656173,40.0581127,1508 115.5656025,40.0581134,1508 115.5655870,40.0581170,1508 115.5655715,40.0581209,1508 115.5655560,40.0581247,1508 115.5655403,40.0581306,1508 115.5655246,40.0581365,1508 115.5655092,40.0581429,1508 115.5654939,40.0581494,1508 115.5654769,40.0581574,1508 115.5654600,40.0581654,1508 115.5654431,40.0581734,1508 115.5654238,40.0581814,1508 115.5654046,40.0581895,1503 115.5653839,40.0581971,1512 115.5653632,40.0582048,1512 115.5653427,40.0582113,1512 115.5653222,40.0582178,1512 115.5653047,40.0582228,1512 115.5652873,40.0582279,1512 115.5652742,40.0582335,1512 115.5652611,40.0582392,1512 115.5652502,40.0582455,1512 115.5652393,40.0582518,1512 115.5652284,40.0582572,1512 115.5652175,40.0582627,1512 115.5652045,40.0582670,1512 115.5651916,40.0582714,1512 115.5651770,40.0582749,1512 115.5651625,40.0582784,1512 115.5651480,40.0582819,1512 115.5651309,40.0582859,1512 115.5651139,40.0582899,1512 115.5650964,40.0582944,1512 115.5650789,40.0582988,1512 115.5650616,40.0583039,1512 115.5650444,40.0583090,1512 115.5650268,40.0583124,1512 115.5650093,40.0583158,1512 115.5649918,40.0583194,1512 115.5649701,40.0583229,1512 115.5649485,40.0583265,1512 115.5649231,40.0583309,1512 115.5648977,40.0583353,1512 115.5648736,40.0583388,1512 115.5648495,40.0583423,1513 115.5648296,40.0583466,1513 115.5648097,40.0583510,1513 115.5647924,40.0583579,1513 115.5647752,40.0583649,1513 115.5647605,40.0583778,1513 115.5647458,40.0583906,1513 115.5647312,40.0584037,1513 115.5647148,40.0584221,1513 115.5646985,40.0584406,1513 115.5646822,40.0584591,1513 115.5646626,40.0584742,1516 115.5646430,40.0584893,1516 115.5646205,40.0584981,1516 115.5645981,40.0585070,1516 115.5645769,40.0585105,1518 115.5645558,40.0585140,1518 115.5645355,40.0585142,1518 115.5645152,40.0585144,1518 115.5644935,40.0585128,1518 115.5644718,40.0585114,1518 115.5644525,40.0585091,1518 115.5644333,40.0585069,1518 115.5644172,40.0585058,1518 115.5644012,40.0585047,1518 115.5643862,40.0585034,1518 115.5643712,40.0585021,1518 115.5643554,40.0585010,1518 115.5643397,40.0584999,1518 115.5643247,40.0584991,1518 115.5643098,40.0584984,1518 115.5642947,40.0585004,1516 115.5642796,40.0585025,1516 115.5642639,40.0585066,1516 115.5642483,40.0585108,1516 115.5642333,40.0585145,1516 115.5642184,40.0585182,1516 115.5642033,40.0585209,1516 115.5641882,40.0585237,1516 115.5641719,40.0585248,1516 115.5641556,40.0585259,1516 115.5641372,40.0585274,1516 115.5641189,40.0585291,1516 115.5641010,40.0585327,1516 115.5640832,40.0585363,1516 115.5640670,40.0585420,1516 115.5640509,40.0585479,1516 115.5640354,40.0585556,1516 115.5640199,40.0585633,1514 115.5640054,40.0585718,1514 115.5639909,40.0585806,1514 115.5639786,40.0585907,1514 115.5639664,40.0586008,1514 115.5639552,40.0586094,1514 115.5639440,40.0586180,1514 115.5639307,40.0586251,1514 115.5639175,40.0586322,1514 115.5639051,40.0586387,1514 115.5638928,40.0586453,1514 115.5638820,40.0586515,1514 115.5638713,40.0586577,1514 115.5638609,40.0586645,1514 115.5638505,40.0586714,1514 115.5638389,40.0586788,1514 115.5638274,40.0586861,1514 115.5638144,40.0586924,1514 115.5638015,40.0586986,1514 115.5637886,40.0587041,1514 115.5637757,40.0587096,1514 115.5637628,40.0587134,1514 115.5637500,40.0587173,1510 115.5637383,40.0587198,1510 115.5637267,40.0587223,1510 115.5637165,40.0587243,1510 115.5637063,40.0587262,1510 115.5636983,40.0587273,1510 115.5636904,40.0587283,1510 115.5636830,40.0587289,1510 115.5636757,40.0587295,1510 115.5636668,40.0587295,1510 115.5636579,40.0587296,1510 115.5636438,40.0587291,1510 115.5636330,40.0587333,1510 115.5636222,40.0587376,1510 115.5636123,40.0587425,1510 115.5636025,40.0587475,1510 115.5635956,40.0587511,1502 115.5635888,40.0587547,1502 115.5635820,40.0587583,1502 115.5635713,40.0587636,1502 115.5635606,40.0587690,1502 115.5635509,40.0587743,1502 115.5635413,40.0587797,1502 115.5635332,40.0587846,1502 115.5635251,40.0587896,1502 115.5635171,40.0587941,1502 115.5635092,40.0587986,1502 115.5635015,40.0588033,1502 115.5634938,40.0588080,1502 115.5634840,40.0588127,1502 115.5634743,40.0588174,1502 115.5634623,40.0588220,1500 115.5634504,40.0588267,1500 115.5634369,40.0588314,1500 115.5634234,40.0588362,1500 115.5634105,40.0588403,1500 115.5633977,40.0588444,1500 115.5633862,40.0588493,1500 115.5633747,40.0588542,1500 115.5633641,40.0588605,1500 115.5633535,40.0588667,1500 115.5633420,40.0588735,1500 115.5633305,40.0588802,1500 115.5633194,40.0588877,1500 115.5633084,40.0588952,1500 115.5632990,40.0589037,1500 115.5632896,40.0589122,1500 115.5632790,40.0589214,1500 115.5632684,40.0589305,1500 115.5632560,40.0589405,1500 115.5632437,40.0589505,1500 115.5632308,40.0589605,1500 115.5632180,40.0589705,1500 115.5632040,40.0589801,1500 115.5631900,40.0589897,1496 115.5631770,40.0589986,1496 115.5631640,40.0590077,1496 115.5631532,40.0590158,1496 115.5631425,40.0590239,1496 115.5631330,40.0590318,1491 115.5631236,40.0590398,1491 115.5631146,40.0590473,1491 115.5631057,40.0590549,1491 115.5630973,40.0590620,1491 115.5630889,40.0590691,1491 115.5630780,40.0590759,1491 115.5630672,40.0590828,1491 115.5630546,40.0590877,1491 115.5630421,40.0590926,1491 115.5630287,40.0590958,1491 115.5630154,40.0590990,1491 115.5630020,40.0591014,1491 115.5629886,40.0591038,1491 115.5629764,40.0591071,1491 115.5629643,40.0591104,1491 115.5629554,40.0591143,1491 115.5629465,40.0591183,1491 115.5629405,40.0591232,1491 115.5629345,40.0591281,1491 115.5629295,40.0591357,1491 115.5629246,40.0591433,1491 115.5629213,40.0591522,1491 115.5629181,40.0591612,1491 115.5629150,40.0591695,1486 115.5629120,40.0591778,1486 115.5629072,40.0591857,1486 115.5629025,40.0591937,1486 115.5628960,40.0592001,1486 115.5628896,40.0592065,1486 115.5628829,40.0592108,1486 115.5628762,40.0592151,1486 115.5628703,40.0592196,1486 115.5628644,40.0592241,1486 115.5628593,40.0592303,1486 115.5628543,40.0592366,1486 115.5628476,40.0592445,1486 115.5628409,40.0592525,1486 115.5628322,40.0592631,1486 115.5628235,40.0592740,1486 115.5628161,40.0592865,1486 115.5628088,40.0592990,1486 115.5627999,40.0593130,1481 115.5627910,40.0593269,1481 115.5627790,40.0593408,1481 115.5627670,40.0593547,1481 115.5627590,40.0593639,1481 115.5627510,40.0593731,1481 115.5627432,40.0593784,1481 115.5627355,40.0593837,1481 115.5627264,40.0593864,1481 115.5627173,40.0593891,1481 115.5627081,40.0593917,1481 115.5626990,40.0593944,1481 115.5626899,40.0593987,1481 115.5626808,40.0594032,1481 115.5626723,40.0594103,1481 115.5626638,40.0594174,1481 115.5626559,40.0594241,1481 115.5626480,40.0594308,1481 115.5626395,40.0594366,1481 115.5626310,40.0594424,1480 115.5626212,40.0594477,1480 115.5626115,40.0594531,1480 115.5626006,40.0594585,1480 115.5625897,40.0594640,1480 115.5625791,40.0594701,1480 115.5625686,40.0594763,1480 115.5625586,40.0594826,1480 115.5625486,40.0594891,1480 115.5625395,40.0594960,1480 115.5625305,40.0595030,1480 115.5625216,40.0595095,1480 115.5625128,40.0595161,1480 115.5625038,40.0595223,1480 115.5624949,40.0595286,1480 115.5624857,40.0595347,1480 115.5624765,40.0595408,1480 115.5624678,40.0595462,1480 115.5624591,40.0595517,1480 115.5624492,40.0595562,1480 115.5624393,40.0595608,1480 115.5624292,40.0595645,1480 115.5624191,40.0595682,1480 115.5624100,40.0595708,1480 115.5624009,40.0595735,1480 115.5623919,40.0595780,1480 115.5623829,40.0595825,1480 115.5623750,40.0595881,1476 115.5623671,40.0595937,1476 115.5623603,40.0595990,1477 115.5623535,40.0596044,1477 115.5623464,40.0596097,1477 115.5623393,40.0596152,1477 115.5623305,40.0596213,1477 115.5623217,40.0596273,1477 115.5623118,40.0596333,1477 115.5623020,40.0596393,1477 115.5622919,40.0596449,1477 115.5622819,40.0596504,1477 115.5622722,40.0596552,1477 115.5622626,40.0596599,1477 115.5622559,40.0596653,1477 115.5622492,40.0596708,1477 115.5622437,40.0596778,1477 115.5622383,40.0596851,1477 115.5622347,40.0596932,1477 115.5622311,40.0597013,1477 115.5622279,40.0597106,1477 115.5622248,40.0597199,1477 115.5622232,40.0597257,1477 115.5622216,40.0597315,1477 115.5622201,40.0597374,1477 115.5622184,40.0597438,1477 115.5622167,40.0597503,1477 115.5622146,40.0597559,1477 115.5622126,40.0597616,1477 115.5622103,40.0597670,1477 115.5622081,40.0597725,1477 115.5622060,40.0597797,1477 115.5622040,40.0597869,1477 115.5622025,40.0597914,1477 115.5622010,40.0597960,1477 115.5621969,40.0598042,1477 115.5621929,40.0598124,1477 115.5621869,40.0598214,1477 115.5621809,40.0598304,1477 115.5621743,40.0598388,1477 115.5621677,40.0598471,1477 115.5621615,40.0598558,1477 115.5621554,40.0598645,1467 115.5621509,40.0598743,1467 115.5621465,40.0598842,1467 115.5621449,40.0598933,1467 115.5621434,40.0599025,1467 115.5621435,40.0599113,1467 115.5621437,40.0599202,1467 115.5621421,40.0599282,1467 115.5621406,40.0599362,1467 115.5621344,40.0599439,1467 115.5621283,40.0599516,1467 115.5621199,40.0599583,1467 115.5621116,40.0599650,1467 115.5621004,40.0599700,1467 115.5620892,40.0599750,1467 115.5620757,40.0599774,1466 115.5620623,40.0599798,1466 115.5620486,40.0599810,1466 115.5620349,40.0599822,1466 115.5620233,40.0599838,1466 115.5620117,40.0599854,1466 115.5620006,40.0599881,1466 115.5619895,40.0599909,1466 115.5619775,40.0599933,1466 115.5619655,40.0599957,1466 115.5619529,40.0599970,1466 115.5619404,40.0599986,1466 115.5619288,40.0599998,1466 115.5619173,40.0600010,1466 115.5619048,40.0600049,1466 115.5618924,40.0600091,1466 115.5618817,40.0600139,1466 115.5618710,40.0600187,1466 115.5618599,40.0600221,1466 115.5618489,40.0600255,1466 115.5618379,40.0600298,1466 115.5618270,40.0600341,1466 115.5618201,40.0600374,1466 115.5618132,40.0600408,1466 115.5618085,40.0600435,1466 115.5618038,40.0600462,1463 115.5617991,40.0600509,1463 115.5617926,40.0600527,1463 115.5617861,40.0600546,1463 115.5617736,40.0600595,1463 115.5617611,40.0600644,1463 115.5617482,40.0600698,1463 115.5617354,40.0600753,1463 115.5617227,40.0600807,1463 115.5617100,40.0600861,1463 115.5616975,40.0600909,1463 115.5616850,40.0600958,1463 115.5616727,40.0600988,1463 115.5616605,40.0601018,1463 115.5616491,40.0601031,1463 115.5616377,40.0601044,1463 115.5616266,40.0601049,1463 115.5616155,40.0601054,1463 115.5616049,40.0601080,1463 115.5615943,40.0601106,1463 115.5615812,40.0601146,1463 115.5615682,40.0601186,1463 115.5615529,40.0601235,1463 115.5615376,40.0601284,1463 115.5615210,40.0601338,1458 115.5615044,40.0601395,1449 115.5614898,40.0601446,1449 115.5614752,40.0601498,1449 115.5614640,40.0601541,1449 115.5614529,40.0601584,1449 115.5614407,40.0601633,1449 115.5614285,40.0601683,1449 115.5614148,40.0601733,1449 115.5614011,40.0601786,1449 115.5613869,40.0601816,1449 115.5613727,40.0601846,1449 115.5613591,40.0601871,1449 115.5613455,40.0601897,1449 115.5613337,40.0601952,1449 115.5613219,40.0602009,1449 115.5613127,40.0602076,1449 115.5613035,40.0602143,1449 115.5612951,40.0602196,1449 115.5612867,40.0602249,1449 115.5612788,40.0602311,1449 115.5612709,40.0602374,1449 115.5612620,40.0602439,1449 115.5612531,40.0602504,1449 115.5612416,40.0602551,1443 115.5612301,40.0602599,1443 115.5612180,40.0602611,1443 115.5612060,40.0602624,1443 115.5611945,40.0602608,1443 115.5611830,40.0602592,1443 115.5611730,40.0602582,1443 115.5611630,40.0602572,1443 115.5611547,40.0602577,1443 115.5611464,40.0602582,1443 115.5611416,40.0602614,1443 115.5611368,40.0602645,1443 115.5611298,40.0602787,1443 115.5611268,40.0602846,1443 115.5611239,40.0602906,1443 115.5611214,40.0602976,1443 115.5611189,40.0603046,1443 115.5611178,40.0603077,1443 115.5611168,40.0603108,1443 115.5611158,40.0603139,1443 115.5611112,40.0603187,1443 115.5611067,40.0603235,1443 115.5611022,40.0603284,1443 115.5610941,40.0603375,1443 115.5610860,40.0603468,1443 115.5610721,40.0603717,1443 115.5610677,40.0603858,1443 115.5610633,40.0604000,1443 115.5610559,40.0604286,1436 115.5610520,40.0604377,1436 115.5610481,40.0604468,1436 115.5610425,40.0604550,1436 115.5610370,40.0604632,1436 115.5610315,40.0604715,1436 115.5610147,40.0604919,1436 115.5609979,40.0605123,1436 115.5609581,40.0605561,1432 115.5609399,40.0605682,1432 115.5609218,40.0605804,1432 115.5608831,40.0606037,1432 115.5608792,40.0606067,1432 115.5608753,40.0606097,1432 115.5608690,40.0606146,1432 115.5608628,40.0606195,1432 115.5608556,40.0606247,1432 115.5608485,40.0606299,1432 115.5608455,40.0606320,1432 115.5608426,40.0606342,1432 115.5608397,40.0606364,1432 115.5608356,40.0606418,1432 115.5608315,40.0606472,1432 115.5608304,40.0606543,1432 115.5608294,40.0606615,1432 115.5608301,40.0606673,1432 115.5608309,40.0606731,1432 115.5608317,40.0606789,1432 115.5608315,40.0606871,1432 115.5608314,40.0606956,1421 115.5608280,40.0607028,1421 115.5608246,40.0607100,1421 115.5608204,40.0607139,1421 115.5608162,40.0607178,1421 115.5608121,40.0607218,1421 115.5608044,40.0607248,1421 115.5607968,40.0607278,1421 115.5607906,40.0607287,1421 115.5607845,40.0607296,1421 115.5607784,40.0607305,1421 115.5607695,40.0607329,1421 115.5607606,40.0607354,1421 115.5607505,40.0607384,1421 115.5607404,40.0607415,1421 115.5607374,40.0607428,1421 115.5607344,40.0607442,1421 115.5607314,40.0607455,1421 115.5607284,40.0607469,1421 115.5607228,40.0607500,1421 115.5607172,40.0607532,1421 115.5607117,40.0607564,1421 115.5607044,40.0607621,1421 115.5606971,40.0607678,1421 115.5606928,40.0607715,1415 115.5606886,40.0607752,1415 115.5606850,40.0607788,1415 115.5606814,40.0607824,1415 115.5606762,40.0607882,1415 115.5606711,40.0607941,1415 115.5606619,40.0608005,1415 115.5606527,40.0608069,1415 115.5606305,40.0608223,1415 115.5606219,40.0608302,1415 115.5606133,40.0608381,1415 115.5605974,40.0608546,1415 115.5605919,40.0608595,1415 115.5605864,40.0608645,1415 115.5605795,40.0608701,1415 115.5605726,40.0608758,1415 115.5605695,40.0608788,1415 115.5605664,40.0608819,1415 115.5605633,40.0608850,1415 115.5605602,40.0608881,1415 115.5605572,40.0608912,1415 115.5605534,40.0608959,1415 115.5605496,40.0609005,1415 115.5605458,40.0609054,1415 115.5605397,40.0609118,1415 115.5605336,40.0609183,1415 115.5605286,40.0609221,1415 115.5605236,40.0609259,1415 115.5605187,40.0609297,1415 115.5605114,40.0609330,1415 115.5605042,40.0609363,1415 115.5604976,40.0609405,1415 115.5604910,40.0609447,1415 115.5604870,40.0609481,1415 115.5604830,40.0609516,1415 115.5604747,40.0609581,1415 115.5604665,40.0609646,1415 115.5604575,40.0609716,1415 115.5604486,40.0609787,1411 115.5604411,40.0609858,1411 115.5604336,40.0609930,1411 115.5604277,40.0609994,1411 115.5604219,40.0610057,1411 115.5604167,40.0610122,1411 115.5604115,40.0610186,1409 115.5604066,40.0610266,1409 115.5604017,40.0610346,1409 115.5603986,40.0610396,1409 115.5603956,40.0610446,1409 115.5603905,40.0610532,1409 115.5603854,40.0610617,1409 115.5603808,40.0610685,1409 115.5603762,40.0610753,1409 115.5603721,40.0610797,1409 115.5603680,40.0610842,1409 115.5603615,40.0610889,1409 115.5603550,40.0610936,1409 115.5603326,40.0611091,1409 115.5603218,40.0611176,1409 115.5603110,40.0611261,1409 115.5602997,40.0611345,1409 115.5602884,40.0611429,1409 115.5602761,40.0611504,1409 115.5602639,40.0611582,1409 115.5602498,40.0611652,1409 115.5602357,40.0611722,1409 115.5602216,40.0611792,1409 115.5602056,40.0611850,1409 115.5601896,40.0611908,1409 115.5601737,40.0611966,1409 115.5601595,40.0612015,1409 115.5601453,40.0612065,1409 115.5601312,40.0612115,1406 115.5601186,40.0612177,1406 115.5601061,40.0612240,1406 115.5600936,40.0612303,1406 115.5600793,40.0612367,1406 115.5600650,40.0612431,1406 115.5600525,40.0612494,1406 115.5600400,40.0612556,1422 115.5600316,40.0612611,1422 115.5600233,40.0612667,1422 115.5600172,40.0612695,1422 115.5600111,40.0612724,1422 115.5600050,40.0612753,1422 115.5599954,40.0612787,1422 115.5599859,40.0612823,1422 115.5599764,40.0612859,1422 115.5599665,40.0612909,1422 115.5599566,40.0612959,1422 115.5599468,40.0613010,1422 115.5599393,40.0613084,1422 115.5599318,40.0613158,1422 115.5599247,40.0613243,1422 115.5599177,40.0613328,1422 115.5599090,40.0613411,1422 115.5599004,40.0613493,1422 115.5598913,40.0613570,1422 115.5598823,40.0613648,1422 115.5598734,40.0613711,1422 115.5598646,40.0613774,1422 115.5598558,40.0613837,1420 115.5598441,40.0613884,1420 115.5598324,40.0613932,1420 115.5598204,40.0613976,1420 115.5598084,40.0614021,1420 115.5597979,40.0614091,1420 115.5597874,40.0614161,1420 115.5597770,40.0614231,1420 115.5597657,40.0614318,1420 115.5597545,40.0614406,1420 115.5597433,40.0614494,1420 115.5597329,40.0614560,1420 115.5597226,40.0614626,1420 115.5597123,40.0614693,1420 115.5597015,40.0614759,1420 115.5596908,40.0614824,1420 115.5596801,40.0614891,1420 115.5596684,40.0614969,1420 115.5596567,40.0615048,1420 115.5596454,40.0615120,1420 115.5596341,40.0615192,1420 115.5596262,40.0615242,1420 115.5596183,40.0615292,1442 115.5596104,40.0615341,1442 115.5596026,40.0615391,1442 115.5595928,40.0615460,1442 115.5595830,40.0615529,1428 115.5595733,40.0615598,1428 115.5595648,40.0615692,1428 115.5595563,40.0615787,1428 115.5595482,40.0615894,1428 115.5595401,40.0616001,1428 115.5595321,40.0616109,1428 115.5595231,40.0616215,1428 115.5595141,40.0616321,1428 115.5595051,40.0616428,1428 115.5594909,40.0616517,1428 115.5594767,40.0616606,1428 115.5594601,40.0616657,1428 115.5594435,40.0616708,1428 115.5594257,40.0616733,1428 115.5594079,40.0616761,1428 115.5593908,40.0616782,1428 115.5593738,40.0616804,1428 115.5593560,40.0616810,1428 115.5593382,40.0616817,1428 115.5593204,40.0616824,1428 115.5593029,40.0616831,1425 115.5592855,40.0616838,1425 115.5592682,40.0616855,1425 115.5592510,40.0616875,1425 115.5592339,40.0616894,1425 115.5592168,40.0616913,1425 115.5592001,40.0616933,1425 115.5591835,40.0616954,1425 115.5591670,40.0616977,1425 115.5591506,40.0617001,1425 115.5591334,40.0617017,1425 115.5591163,40.0617033,1425 115.5591002,40.0617049,1425 115.5590842,40.0617065,1425 115.5590675,40.0617096,1425 115.5590508,40.0617127,1425 115.5590330,40.0617162,1425 115.5590153,40.0617198,1422 115.5589977,40.0617233,1422 115.5589802,40.0617268,1422 115.5589671,40.0617304,1422 115.5589540,40.0617340,1422 115.5589414,40.0617375,1422 115.5589288,40.0617410,1422 115.5589148,40.0617459,1422 115.5589008,40.0617509,1422 115.5588841,40.0617575,1422 115.5588674,40.0617642,1422 115.5588509,40.0617694,1422 115.5588344,40.0617749,1422 115.5588190,40.0617793,1422 115.5588036,40.0617838,1422 115.5587899,40.0617883,1422 115.5587762,40.0617928,1422 115.5587626,40.0617983,1422 115.5587491,40.0618039,1422 115.5587354,40.0618099,1435 115.5587217,40.0618159,1435 115.5587069,40.0618223,1435 115.5586922,40.0618288,1435 115.5586760,40.0618362,1435 115.5586598,40.0618437,1435 115.5586447,40.0618527,1435 115.5586296,40.0618618,1435 115.5586153,40.0618722,1435 115.5586011,40.0618825,1435 115.5585849,40.0618928,1435 115.5585688,40.0619030,1435 115.5585498,40.0619123,1435 115.5585309,40.0619216,1435 115.5585115,40.0619295,1435 115.5584922,40.0619374,1435 115.5584749,40.0619445,1435 115.5584577,40.0619516,1434 115.5584407,40.0619581,1434 115.5584238,40.0619647,1434 115.5584072,40.0619702,1434 115.5583906,40.0619758,1434 115.5583748,40.0619806,1434 115.5583590,40.0619855,1434 115.5583430,40.0619895,1434 115.5583270,40.0619935,1434 115.5583090,40.0619967,1434 115.5582910,40.0619999,1434 115.5582734,40.0620021,1434 115.5582559,40.0620043,1434 115.5582387,40.0620064,1434 115.5582215,40.0620085,1434 115.5582046,40.0620114,1434 115.5581878,40.0620144,1434 115.5581723,40.0620171,1434 115.5581568,40.0620199,1434 115.5581425,40.0620228,1434 115.5581282,40.0620257,1434 115.5581173,40.0620295,1434 115.5581065,40.0620334,1434 115.5581010,40.0620396,1434 115.5580956,40.0620458,1434 115.5580938,40.0620535,1434 115.5580920,40.0620612,1434 115.5580918,40.0620691,1434 115.5580917,40.0620770,1434 115.5580903,40.0620853,1448 115.5580890,40.0620936,1448 115.5580849,40.0621009,1448 115.5580809,40.0621082,1448 115.5580758,40.0621150,1448 115.5580708,40.0621218,1448 115.5580653,40.0621291,1448 115.5580598,40.0621364,1448 115.5580558,40.0621443,1448 115.5580518,40.0621523,1448 115.5580489,40.0621607,1448 115.5580460,40.0621692,1448 115.5580406,40.0621790,1448 115.5580353,40.0621889,1448 115.5580286,40.0621989,1448 115.5580220,40.0622089,1448 115.5580180,40.0622187,1448 115.5580140,40.0622285,1448 115.5580126,40.0622388,1448 115.5580112,40.0622491,1448 115.5580115,40.0622599,1448 115.5580118,40.0622707,1448 115.5580123,40.0622811,1448 115.5580129,40.0622916,1448 115.5580135,40.0623023,1448 115.5580141,40.0623131,1448 115.5580154,40.0623239,1448 115.5580167,40.0623349,1448 115.5580180,40.0623458,1448 115.5580198,40.0623562,1448 115.5580216,40.0623666,1452 115.5580240,40.0623783,1452 115.5580265,40.0623901,1452 115.5580286,40.0624023,1452 115.5580307,40.0624145,1452 115.5580327,40.0624266,1452 115.5580348,40.0624388,1452 115.5580377,40.0624513,1452 115.5580406,40.0624639,1452 115.5580438,40.0624775,1452 115.5580470,40.0624911,1452 115.5580504,40.0625039,1452 115.5580538,40.0625168,1452 115.5580578,40.0625282,1452 115.5580619,40.0625398,1452 115.5580655,40.0625513,1452 115.5580691,40.0625629,1452 115.5580718,40.0625756,1452 115.5580745,40.0625884,1452 115.5580762,40.0626012,1452 115.5580780,40.0626140,1452 115.5580799,40.0626261,1452 115.5580819,40.0626383,1452 115.5580840,40.0626504,1451 115.5580862,40.0626627,1451 115.5580885,40.0626745,1451 115.5580908,40.0626863,1451 115.5580938,40.0626971,1451 115.5580968,40.0627080,1451 115.5580995,40.0627189,1451 115.5581023,40.0627299,1451 115.5581040,40.0627410,1451 115.5581057,40.0627521,1451 115.5581050,40.0627641,1451 115.5581044,40.0627761,1451 115.5581019,40.0627894,1451 115.5580994,40.0628027,1451 115.5580956,40.0628174,1451 115.5580919,40.0628321,1451 115.5580871,40.0628470,1451 115.5580823,40.0628620,1451 115.5580770,40.0628758,1451 115.5580718,40.0628897,1451 115.5580613,40.0629033,1451 115.5580508,40.0629169,1451 115.5580321,40.0629315,1451 115.5580135,40.0629461,1451 115.5579899,40.0629599,1451 115.5579663,40.0629737,1451 115.5579428,40.0629872,1451 115.5579193,40.0630008,1451 115.5579021,40.0630163,1456 115.5578850,40.0630318,1456 115.5578729,40.0630504,1456 115.5578608,40.0630690,1456 115.5578549,40.0630886,1456 115.5578490,40.0631083,1456 115.5578500,40.0631291,1456 115.5578510,40.0631500,1456 115.5578590,40.0631706,1456 115.5578671,40.0631912,1456 115.5578784,40.0632094,1454 115.5578897,40.0632277,1454 115.5578991,40.0632442,1454 115.5579086,40.0632608,1454 115.5579082,40.0632760,1454 115.5579079,40.0632913,1454 115.5578961,40.0633046,1454 115.5578843,40.0633179,1454 115.5578661,40.0633277,1454 115.5578479,40.0633375,1454 115.5578295,40.0633457,1454 115.5578112,40.0633539,1454 115.5577942,40.0633630,1454 115.5577773,40.0633722,1454 115.5577607,40.0633837,1454 115.5577441,40.0633954,1454 115.5577285,40.0634082,1454 115.5577129,40.0634210,1454 115.5576991,40.0634337,1454 115.5576854,40.0634465,1454 115.5576729,40.0634584,1454 115.5576605,40.0634704,1454 115.5576489,40.0634826,1460 115.5576373,40.0634948,1460 115.5576280,40.0635075,1460 115.5576187,40.0635202,1460 115.5576122,40.0635328,1460 115.5576058,40.0635454,1460 115.5576009,40.0635587,1460 115.5575961,40.0635720,1460 115.5575927,40.0635860,1460 115.5575894,40.0636001,1460 115.5575868,40.0636157,1460 115.5575843,40.0636314,1460 115.5575821,40.0636473,1460 115.5575799,40.0636632,1460 115.5575761,40.0636796,1460 115.5575724,40.0636961,1460 115.5575670,40.0637124,1460 115.5575617,40.0637288,1460 115.5575549,40.0637448,1460 115.5575481,40.0637608,1453 115.5575414,40.0637755,1453 115.5575347,40.0637903,1453 115.5575287,40.0638046,1453 115.5575227,40.0638189,1453 115.5575170,40.0638334,1453 115.5575114,40.0638480,1453 115.5575049,40.0638633,1453 115.5574984,40.0638786,1453 115.5574904,40.0638964,1453 115.5574825,40.0639141,1453 115.5574749,40.0639328,1453 115.5574673,40.0639516,1453 115.5574618,40.0639694,1453 115.5574563,40.0639872,1453 115.5574519,40.0640027,1453 115.5574476,40.0640182,1453 115.5574437,40.0640330,1455 115.5574399,40.0640479,1455 115.5574363,40.0640634,1455 115.5574328,40.0640789,1455 115.5574306,40.0640940,1455 115.5574285,40.0641091,1455 115.5574264,40.0641234,1455 115.5574244,40.0641377,1455 115.5574237,40.0641510,1455 115.5574231,40.0641644,1455 115.5574222,40.0641780,1455 115.5574214,40.0641916,1455 115.5574193,40.0642050,1455 115.5574173,40.0642185,1455 115.5574141,40.0642324,1455 115.5574109,40.0642463,1455 115.5574074,40.0642609,1455 115.5574039,40.0642755,1455 115.5573997,40.0642893,1455 115.5573956,40.0643032,1455 115.5573911,40.0643157,1459 115.5573866,40.0643282,1459 115.5573811,40.0643398,1459 115.5573757,40.0643514,1459 115.5573695,40.0643632,1459 115.5573634,40.0643752,1459 115.5573588,40.0643882,1451 115.5573542,40.0644012,1451 115.5573511,40.0644149,1451 115.5573481,40.0644289,1451 115.5573453,40.0644429,1451 115.5573425,40.0644570,1451 115.5573401,40.0644701,1451 115.5573377,40.0644833,1451 115.5573328,40.0644975,1451 115.5573280,40.0645117,1451 115.5573220,40.0645254,1451 115.5573160,40.0645391,1451 115.5573091,40.0645528,1451 115.5573023,40.0645665,1451 115.5572942,40.0645808,1451 115.5572862,40.0645952,1453 115.5572761,40.0646099,1453 115.5572661,40.0646247,1453 115.5572545,40.0646384,1453 115.5572430,40.0646522,1453 115.5572315,40.0646660,1453 115.5572215,40.0646793,1453 115.5572115,40.0646926,1453 115.5572040,40.0647062,1453 115.5571966,40.0647199,1453 115.5571901,40.0647351,1453 115.5571837,40.0647504,1453 115.5571782,40.0647665,1453 115.5571728,40.0647827,1453 115.5571706,40.0647977,1453 115.5571684,40.0648128,1453 115.5571687,40.0648271,1453 115.5571691,40.0648415,1453 115.5571698,40.0648560,1453 115.5571706,40.0648705,1454 115.5571710,40.0648855,1454 115.5571714,40.0649007,1454 115.5571718,40.0649163,1454 115.5571722,40.0649319,1454 115.5571732,40.0649475,1454 115.5571743,40.0649632,1454 115.5571761,40.0649782,1454 115.5571779,40.0649932,1454 115.5571798,40.0650084,1454 115.5571817,40.0650236,1454 115.5571840,40.0650395,1454 115.5571864,40.0650555,1454 115.5571884,40.0650712,1454 115.5571905,40.0650870,1454 115.5571914,40.0651025,1454 115.5571923,40.0651180,1454 115.5571912,40.0651323,1454 115.5571901,40.0651467,1451 115.5571884,40.0651603,1451 115.5571867,40.0651740,1451 115.5571858,40.0651868,1451 115.5571849,40.0651997,1451 115.5571839,40.0652120,1451 115.5571829,40.0652246,1451 115.5571828,40.0652382,1451 115.5571828,40.0652518,1451 115.5571839,40.0652675,1451 115.5571850,40.0652833,1451 115.5571861,40.0653007,1451 115.5571872,40.0653182,1451 115.5571883,40.0653346,1451 115.5571894,40.0653510,1451 115.5571913,40.0653671,1451 115.5571932,40.0653832,1451 115.5571960,40.0653990,1451 115.5571988,40.0654148,1451 115.5572024,40.0654303,1449 115.5572061,40.0654460,1449 115.5572106,40.0654618,1449 115.5572151,40.0654776,1449 115.5572205,40.0654938,1449 115.5572260,40.0655100,1449 115.5572301,40.0655267,1449 115.5572342,40.0655434,1449 115.5572368,40.0655597,1449 115.5572394,40.0655760,1449 115.5572414,40.0655926,1449 115.5572434,40.0656093,1449 115.5572452,40.0656247,1449 115.5572470,40.0656402,1449 115.5572480,40.0656540,1449 115.5572490,40.0656679,1449 115.5572495,40.0656814,1449 115.5572501,40.0656950,1453 115.5572500,40.0657075,1453 115.5572500,40.0657200,1453 115.5572489,40.0657329,1453 115.5572478,40.0657458,1453 115.5572454,40.0657599,1453 115.5572430,40.0657740,1453 115.5572412,40.0657884,1453 115.5572394,40.0658030,1453 115.5572380,40.0658174,1453 115.5572367,40.0658318,1453 115.5572342,40.0658462,1453 115.5572318,40.0658608,1453 115.5572282,40.0658743,1453 115.5572247,40.0658878,1453 115.5572213,40.0658994,1453 115.5572180,40.0659111,1453 115.5572148,40.0659226,1453 115.5572117,40.0659342,1453 115.5572077,40.0659468,1453 115.5572038,40.0659593,1453 115.5571990,40.0659734,1454 115.5571942,40.0659874,1454 115.5571894,40.0660015,1454 115.5571849,40.0660158,1454 115.5571805,40.0660302,1454 115.5571766,40.0660443,1454 115.5571727,40.0660584,1454 115.5571688,40.0660720,1454 115.5571649,40.0660856,1454 115.5571610,40.0660996,1454 115.5571572,40.0661137,1454 115.5571535,40.0661276,1454 115.5571499,40.0661415,1454 115.5571454,40.0661556,1454 115.5571410,40.0661697,1454 115.5571337,40.0661848,1454 115.5571265,40.0661999,1454 115.5571171,40.0662150,1454 115.5571077,40.0662302,1454 115.5570975,40.0662450,1454 115.5570874,40.0662598,1458 115.5570770,40.0662744,1456 115.5570667,40.0662890,1456 115.5570559,40.0663034,1456 115.5570451,40.0663180,1456 115.5570347,40.0663308,1456 115.5570244,40.0663438,1456 115.5570139,40.0663563,1456 115.5570035,40.0663689,1456 115.5569926,40.0663815,1456 115.5569818,40.0663942,1456 115.5569708,40.0664068,1456 115.5569599,40.0664194,1456 115.5569488,40.0664310,1456 115.5569377,40.0664426,1456 115.5569258,40.0664541,1456 115.5569140,40.0664657,1456 115.5569034,40.0664776,1456 115.5568929,40.0664896,1456 115.5568829,40.0665022,1456 115.5568729,40.0665148,1456 115.5568631,40.0665277,1456 115.5568533,40.0665406,1460 115.5568428,40.0665537,1460 115.5568323,40.0665667,1460 115.5568205,40.0665813,1460 115.5568088,40.0665961,1460 115.5567990,40.0666103,1460 115.5567893,40.0666245,1460 115.5567814,40.0666387,1460 115.5567736,40.0666530,1460 115.5567679,40.0666669,1460 115.5567623,40.0666809,1460 115.5567576,40.0666950,1460 115.5567530,40.0667092,1460 115.5567482,40.0667237,1460 115.5567435,40.0667382,1460 115.5567394,40.0667524,1460 115.5567353,40.0667667,1460 115.5567315,40.0667819,1460 115.5567277,40.0667971,1460 115.5567250,40.0668123,1455 115.5567223,40.0668276,1455 115.5567206,40.0668415,1455 115.5567189,40.0668557,1455 115.5567167,40.0668704,1455 115.5567146,40.0668852,1455 115.5567125,40.0668991,1455 115.5567105,40.0669130,1455 115.5567086,40.0669258,1455 115.5567067,40.0669386,1455 115.5567044,40.0669511,1455 115.5567021,40.0669637,1455 115.5566995,40.0669768,1455 115.5566969,40.0669899,1455 115.5566948,40.0670028,1455 115.5566928,40.0670158,1455 115.5566922,40.0670297,1455 115.5566917,40.0670437,1455 115.5566909,40.0670574,1455 115.5566902,40.0670712,1455 115.5566885,40.0670848,1455 115.5566869,40.0670984,1455 115.5566835,40.0671133,1455 115.5566802,40.0671285,1455 115.5566762,40.0671430,1455 115.5566722,40.0671575,1455 115.5566688,40.0671715,1455 115.5566655,40.0671856,1455 115.5566633,40.0671996,1455 115.5566611,40.0672137,1455 115.5566589,40.0672290,1455 115.5566568,40.0672443,1455 115.5566541,40.0672596,1455 115.5566515,40.0672750,1455 115.5566488,40.0672902,1455 115.5566461,40.0673054,1455 115.5566433,40.0673200,1455 115.5566405,40.0673347,1455 115.5566359,40.0673491,1455 115.5566314,40.0673635,1454 115.5566254,40.0673775,1454 115.5566194,40.0673916,1454 115.5566127,40.0674041,1454 115.5566060,40.0674167,1454 115.5565978,40.0674297,1454 115.5565896,40.0674428,1454 115.5565818,40.0674561,1454 115.5565740,40.0674694,1454 115.5565677,40.0674827,1454 115.5565614,40.0674960,1454 115.5565552,40.0675088,1454 115.5565491,40.0675216,1454 115.5565411,40.0675342,1454 115.5565331,40.0675468,1454 115.5565240,40.0675579,1449 115.5565149,40.0675691,1449 115.5565066,40.0675809,1449 115.5564983,40.0675930,1449 115.5564908,40.0676068,1449 115.5564834,40.0676207,1449 115.5564790,40.0676344,1449 115.5564747,40.0676482,1447 115.5564722,40.0676615,1447 115.5564698,40.0676749,1447 115.5564680,40.0676871,1447 115.5564663,40.0676994,1447 115.5564657,40.0677112,1447 115.5564652,40.0677231,1447 115.5564668,40.0677353,1447 115.5564685,40.0677478,1447 115.5564720,40.0677602,1447 115.5564755,40.0677726,1447 115.5564789,40.0677856,1447 115.5564824,40.0677987,1447 115.5564859,40.0678126,1447 115.5564895,40.0678265,1447 115.5564926,40.0678415,1447 115.5564958,40.0678563,1447 115.5564970,40.0678711,1447 115.5564983,40.0678858,1447 115.5564973,40.0678995,1447 115.5564963,40.0679135,1447 115.5564967,40.0679262,1448 115.5564972,40.0679390,1448 115.5564992,40.0679504,1448 115.5565012,40.0679618,1448 115.5565021,40.0679740,1448 115.5565031,40.0679862,1448 115.5565046,40.0679996,1448 115.5565062,40.0680130,1448 115.5565076,40.0680283,1448 115.5565091,40.0680436,1448 115.5565094,40.0680600,1448 115.5565098,40.0680764,1448 115.5565097,40.0680936,1448 115.5565097,40.0681107,1448 115.5565091,40.0681267,1448 115.5565085,40.0681427,1448 115.5565085,40.0681569,1448 115.5565085,40.0681710,1448 115.5565087,40.0681838,1448 115.5565089,40.0681966,1451 115.5565085,40.0682102,1451 115.5565081,40.0682239,1451 115.5565079,40.0682393,1451 115.5565078,40.0682548,1451 115.5565074,40.0682702,1451 115.5565070,40.0682856,1451 115.5565057,40.0683013,1451 115.5565044,40.0683171,1451 115.5565026,40.0683320,1451 115.5565008,40.0683470,1451 115.5564965,40.0683631,1451 115.5564922,40.0683792,1451 115.5564854,40.0683957,1451 115.5564786,40.0684123,1451 115.5564689,40.0684290,1451 115.5564592,40.0684457,1451 115.5564503,40.0684619,1451 115.5564415,40.0684781,1456 115.5564350,40.0684925,1456 115.5564286,40.0685069,1456 115.5564241,40.0685208,1456 115.5564197,40.0685346,1456 115.5564167,40.0685473,1456 115.5564138,40.0685601,1456 115.5564104,40.0685729,1456 115.5564070,40.0685858,1456 115.5564029,40.0686003,1456 115.5563989,40.0686148,1456 115.5563960,40.0686297,1456 115.5563931,40.0686449,1456 115.5563926,40.0686600,1456 115.5563921,40.0686751,1456 115.5563934,40.0686892,1456 115.5563948,40.0687033,1456 115.5563971,40.0687182,1456 115.5563995,40.0687331,1456 115.5564017,40.0687470,1456 115.5564039,40.0687609,1454 115.5564064,40.0687736,1454 115.5564090,40.0687864,1454 115.5564107,40.0687983,1454 115.5564125,40.0688102,1454 115.5564115,40.0688230,1454 115.5564105,40.0688358,1454 115.5564076,40.0688498,1454 115.5564047,40.0688640,1454 115.5564006,40.0688792,1454 115.5563965,40.0688945,1454 115.5563935,40.0689097,1454 115.5563905,40.0689250,1454 115.5563907,40.0689390,1454 115.5563909,40.0689530,1454 115.5563908,40.0689662,1454 115.5563907,40.0689794,1454 115.5563883,40.0689935,1454 115.5563860,40.0690076,1454 115.5563806,40.0690219,1454 115.5563752,40.0690365,1457 115.5563673,40.0690506,1457 115.5563595,40.0690648,1457 115.5563506,40.0690781,1457 115.5563418,40.0690914,1457 115.5563314,40.0691052,1457 115.5563211,40.0691192,1457 115.5563088,40.0691340,1457 115.5562966,40.0691488,1457 115.5562838,40.0691641,1457 115.5562711,40.0691795,1457 115.5562595,40.0691950,1457 115.5562480,40.0692106,1458 115.5562384,40.0692259,1458 115.5562288,40.0692412,1458 115.5562212,40.0692552,1458 115.5562137,40.0692692,1458 115.5562069,40.0692822,1458 115.5562001,40.0692952,1458 115.5561940,40.0693086,1459 115.5561879,40.0693221,1459 115.5561828,40.0693347,1459 115.5561778,40.0693472,1459 115.5561722,40.0693602,1459 115.5561667,40.0693731,1459 115.5561601,40.0693861,1459 115.5561536,40.0693992,1459 115.5561457,40.0694136,1459 115.5561378,40.0694280,1459 115.5561289,40.0694421,1459 115.5561200,40.0694562,1459 115.5561103,40.0694690,1459 115.5561007,40.0694818,1459 115.5560908,40.0694942,1459 115.5560809,40.0695067,1459 115.5560720,40.0695178,1459 115.5560631,40.0695290,1459 115.5560537,40.0695390,1459 115.5560443,40.0695491,1459 115.5560333,40.0695578,1459 115.5560223,40.0695666,1459 115.5560108,40.0695746,1459 115.5559994,40.0695827,1459 115.5559883,40.0695907,1451 115.5559773,40.0695987,1451 115.5559669,40.0696070,1454 115.5559566,40.0696153,1454 115.5559456,40.0696229,1454 115.5559347,40.0696305,1454 115.5559214,40.0696384,1454 115.5559081,40.0696463,1454 115.5558945,40.0696545,1454 115.5558809,40.0696627,1454 115.5558682,40.0696710,1454 115.5558556,40.0696793,1454 115.5558440,40.0696865,1454 115.5558325,40.0696937,1454 115.5558208,40.0697006,1454 115.5558092,40.0697076,1454 115.5557980,40.0697146,1454 115.5557868,40.0697217,1454 115.5557759,40.0697277,1454 115.5557651,40.0697338,1454 115.5557520,40.0697399,1454 115.5557390,40.0697460,1454 115.5557266,40.0697524,1454 115.5557143,40.0697588,1454 115.5557030,40.0697659,1454 115.5556917,40.0697730,1455 115.5556800,40.0697795,1455 115.5556684,40.0697862,1455 115.5556557,40.0697928,1455 115.5556430,40.0697993,1455 115.5556291,40.0698059,1455 115.5556152,40.0698126,1455 115.5556010,40.0698193,1455 115.5555869,40.0698261,1455 115.5555729,40.0698324,1455 115.5555589,40.0698389,1455 115.5555484,40.0698455,1455 115.5555379,40.0698521,1455 115.5555265,40.0698591,1455 115.5555152,40.0698661,1443 115.5554997,40.0698731,1443 115.5554843,40.0698802,1443 115.5554669,40.0698873,1443 115.5554495,40.0698944,1443 115.5554323,40.0699021,1443 115.5554152,40.0699099,1446 115.5553990,40.0699185,1446 115.5553828,40.0699271,1446 115.5553687,40.0699374,1446 115.5553546,40.0699477,1446 115.5553431,40.0699577,1446 115.5553317,40.0699678,1446 115.5553217,40.0699780,1446 115.5553117,40.0699883,1446 115.5553003,40.0699980,1446 115.5552890,40.0700078,1446 115.5552744,40.0700156,1446 115.5552599,40.0700235,1446 115.5552448,40.0700303,1446 115.5552298,40.0700372,1446 115.5552157,40.0700440,1446 115.5552016,40.0700510,1446 115.5551878,40.0700589,1446 115.5551741,40.0700668,1446 115.5551572,40.0700774,1446 115.5551404,40.0700880,1446 115.5551223,40.0700996,1452 115.5551042,40.0701112,1452 115.5550917,40.0701214,1452 115.5550792,40.0701316,1452 115.5550685,40.0701404,1441 115.5550579,40.0701492,1441 115.5550413,40.0701592,1441 115.5550248,40.0701692,1441 115.5550063,40.0701791,1441 115.5549879,40.0701890,1441 115.5549722,40.0701984,1441 115.5549566,40.0702081,1441 115.5549423,40.0702179,1441 115.5549280,40.0702278,1441 115.5549137,40.0702377,1441 115.5548993,40.0702478,1441 115.5548849,40.0702580,1441 115.5548708,40.0702679,1441 115.5548567,40.0702779,1448 115.5548425,40.0702882,1448 115.5548284,40.0702985,1448 115.5548125,40.0703083,1448 115.5547967,40.0703181,1448 115.5547789,40.0703273,1448 115.5547611,40.0703366,1448 115.5547445,40.0703452,1448 115.5547280,40.0703538,1448 115.5547130,40.0703626,1448 115.5546980,40.0703717,1448 115.5546848,40.0703806,1448 115.5546717,40.0703895,1448 115.5546593,40.0703971,1448 115.5546469,40.0704047,1448 115.5546324,40.0704106,1448 115.5546179,40.0704165,1448 115.5546022,40.0704217,1437 115.5545865,40.0704269,1437 115.5545707,40.0704336,1445 115.5545550,40.0704403,1445 115.5545386,40.0704480,1445 115.5545222,40.0704558,1445 115.5545049,40.0704638,1445 115.5544877,40.0704719,1445 115.5544695,40.0704804,1445 115.5544513,40.0704889,1445 115.5544336,40.0704981,1445 115.5544159,40.0705073,1445 115.5543973,40.0705171,1445 115.5543788,40.0705270,1445 115.5543606,40.0705350,1445 115.5543424,40.0705431,1445 115.5543255,40.0705510,1445 115.5543087,40.0705590,1445 115.5542937,40.0705693,1451 115.5542787,40.0705797,1451 115.5542636,40.0705900,1451 115.5542485,40.0706003,1451 115.5542328,40.0706093,1451 115.5542171,40.0706183,1451 115.5542019,40.0706273,1451 115.5541868,40.0706364,1451 115.5541736,40.0706467,1451 115.5541604,40.0706571,1451 115.5541478,40.0706680,1451 115.5541353,40.0706790,1451 115.5541224,40.0706889,1451 115.5541096,40.0706988,1449 115.5540956,40.0707088,1449 115.5540816,40.0707187,1449 115.5540677,40.0707286,1449 115.5540539,40.0707386,1449 115.5540408,40.0707474,1449 115.5540278,40.0707562,1449 115.5540150,40.0707649,1456 115.5540022,40.0707736,1456 115.5539894,40.0707825,1456 115.5539768,40.0707919,1456 115.5539643,40.0708013,1456 115.5539509,40.0708134,1456 115.5539376,40.0708255,1456 115.5539243,40.0708417,1456 115.5539111,40.0708581,1456 115.5538973,40.0708800,1456 115.5538836,40.0709019,1456 115.5538703,40.0709255,1456 115.5538570,40.0709490,1456 115.5538444,40.0709722,1456 115.5538319,40.0709954,1454 115.5538192,40.0710178,1454 115.5538065,40.0710402,1454 115.5537939,40.0710600,1454 115.5537813,40.0710799,1454 115.5537697,40.0710963,1454 115.5537581,40.0711127,1454 115.5537504,40.0711273,1454 115.5537428,40.0711420,1465 115.5537358,40.0711589,1465 115.5537289,40.0711758,1465 115.5537203,40.0711953,1465 115.5537117,40.0712149,1465 115.5537039,40.0712341,1465 115.5536961,40.0712533,1469 115.5536923,40.0712714,1469 115.5536885,40.0712895,1469 115.5536869,40.0713065,1469 115.5536854,40.0713235,1469 115.5536874,40.0713396,1469 115.5536894,40.0713557,1469 115.5536918,40.0713723,1469 115.5536942,40.0713890,1469 115.5536946,40.0714025,1469 115.5536950,40.0714160,1469 115.5536920,40.0714248,1469 115.5536890,40.0714337,1469 115.5536815,40.0714378,1469 115.5536741,40.0714420,1469 115.5536681,40.0714455,1469 115.5536622,40.0714491,1469 115.5536579,40.0714561,1469 115.5536536,40.0714631,1469 115.5536492,40.0714710,1469 115.5536448,40.0714789,1469 115.5536427,40.0714865,1469 115.5536407,40.0714941,1469 115.5536387,40.0715017,1469 115.5536386,40.0715100,1469 115.5536385,40.0715184,1469 115.5536378,40.0715261,1469 115.5536371,40.0715338,1471 115.5536343,40.0715413,1471 115.5536315,40.0715489,1471 115.5536273,40.0715539,1471 115.5536232,40.0715589,1471 115.5536192,40.0715638,1471 115.5536152,40.0715688,1471 115.5536113,40.0715772,1471 115.5536075,40.0715856,1471 115.5536007,40.0715945,1471 115.5535940,40.0716035,1471 115.5535846,40.0716110,1471 115.5535752,40.0716185,1471 115.5535673,40.0716253,1471 115.5535594,40.0716322,1471 115.5535533,40.0716392,1471 115.5535472,40.0716462,1471 115.5535427,40.0716536,1471 115.5535383,40.0716611,1471 115.5535343,40.0716696,1471 115.5535303,40.0716782,1471 115.5535246,40.0716878,1471 115.5535189,40.0716974,1471 115.5535132,40.0717083,1471 115.5535076,40.0717191,1471 115.5535018,40.0717329,1471 115.5534960,40.0717466,1471 115.5534903,40.0717604,1471 115.5534834,40.0717746,1471 115.5534765,40.0717889,1471 115.5534704,40.0718018,1481 115.5534643,40.0718148,1486 115.5534581,40.0718272,1486 115.5534520,40.0718397,1486 115.5534452,40.0718521,1486 115.5534384,40.0718646,1486 115.5534305,40.0718794,1486 115.5534227,40.0718942,1486 115.5534132,40.0719112,1486 115.5534037,40.0719283,1486 115.5533942,40.0719454,1486 115.5533833,40.0719632,1486 115.5533724,40.0719810,1486 115.5533596,40.0719986,1486 115.5533468,40.0720163,1486 115.5533329,40.0720324,1486 115.5533191,40.0720485,1486 115.5533055,40.0720632,1486 115.5532919,40.0720780,1486 115.5532792,40.0720918,1487 115.5532666,40.0721057,1487 115.5532558,40.0721182,1487 115.5532450,40.0721307,1487 115.5532365,40.0721433,1487 115.5532280,40.0721559,1487 115.5532194,40.0721693,1487 115.5532109,40.0721827,1487 115.5532037,40.0721960,1487 115.5531965,40.0722094,1487 115.5531885,40.0722226,1487 115.5531805,40.0722358,1487 115.5531720,40.0722475,1487 115.5531636,40.0722593,1487 115.5531547,40.0722697,1487 115.5531458,40.0722802,1487 115.5531353,40.0722892,1487 115.5531249,40.0722982,1487 115.5531124,40.0723072,1487 115.5530999,40.0723163,1487 115.5530867,40.0723279,1487 115.5530735,40.0723396,1487 115.5530582,40.0723553,1487 115.5530430,40.0723711,1487 115.5530278,40.0723908,1487 115.5530126,40.0724104,1487 115.5529968,40.0724323,1487 115.5529810,40.0724541,1487 115.5529656,40.0724759,1487 115.5529502,40.0724978,1487 115.5529369,40.0725198,1487 115.5529237,40.0725418,1487 115.5529108,40.0725628,1485 115.5528980,40.0725837,1485 115.5528831,40.0726042,1485 115.5528682,40.0726247,1485 115.5528546,40.0726444,1491 115.5528410,40.0726642,1491 115.5528322,40.0726831,1491 115.5528234,40.0727020,1491 115.5528144,40.0727182,1491 115.5528055,40.0727344,1491 115.5527950,40.0727483,1491 115.5527845,40.0727623,1491 115.5527781,40.0727746,1491 115.5527717,40.0727872,1491 115.5527655,40.0727982,1491 115.5527593,40.0728093,1491 115.5527511,40.0728181,1491 115.5527430,40.0728269,1491 115.5527330,40.0728344,1491 115.5527231,40.0728419,1491 115.5527112,40.0728488,1491 115.5526994,40.0728557,1491 115.5526876,40.0728626,1491 115.5526751,40.0728724,1491 115.5526626,40.0728823,1491 115.5526497,40.0728913,1491 115.5526368,40.0729004,1493 115.5526225,40.0729090,1493 115.5526083,40.0729178,1500 115.5525912,40.0729260,1500 115.5525741,40.0729345,1500 115.5525567,40.0729421,1500 115.5525393,40.0729498,1500 115.5525233,40.0729568,1500 115.5525074,40.0729639,1500 115.5524940,40.0729707,1500 115.5524806,40.0729775,1500 115.5524746,40.0729864,1500 115.5524687,40.0729953,1500 115.5524687,40.0730056,1500 115.5524687,40.0730159,1500 115.5524685,40.0730258,1500 115.5524684,40.0730358,1500 115.5524620,40.0730455,1500 115.5524557,40.0730552,1500 115.5524435,40.0730627,1500 115.5524314,40.0730701,1500 115.5524193,40.0730778,1500 115.5524065,40.0730826,1500 115.5523937,40.0730875,1500 115.5523836,40.0730925,1500 115.5523736,40.0730975,1500 115.5523633,40.0731046,1500 115.5523531,40.0731117,1501 115.5523415,40.0731193,1501 115.5523300,40.0731270,1501 115.5523189,40.0731347,1501 115.5523079,40.0731424,1501 115.5523005,40.0731495,1501 115.5522932,40.0731566,1501 115.5522867,40.0731619,1501 115.5522802,40.0731672,1501 115.5522702,40.0731702,1501 115.5522603,40.0731733,1501 115.5522352,40.0731804,1501 115.5522246,40.0731866,1501 115.5522140,40.0731928,1501 115.5522029,40.0732019,1504 115.5521919,40.0732110,1504 115.5521787,40.0732213,1504 115.5521656,40.0732317,1504 115.5521494,40.0732391,1504 115.5521333,40.0732466,1504 115.5521155,40.0732501,1504 115.5520977,40.0732536,1504 115.5520826,40.0732561,1500 115.5520676,40.0732586,1500 115.5520554,40.0732616,1500 115.5520432,40.0732647,1500 115.5520318,40.0732684,1500 115.5520205,40.0732720,1500 115.5520088,40.0732753,1500 115.5519972,40.0732786,1500 115.5519880,40.0732814,1500 115.5519789,40.0732842,1500 115.5519739,40.0732898,1500 115.5519690,40.0732955,1500 115.5519658,40.0733036,1500 115.5519627,40.0733118,1500 115.5519593,40.0733211,1500 115.5519559,40.0733305,1500 115.5519545,40.0733397,1500 115.5519531,40.0733489,1500 115.5519507,40.0733577,1500 115.5519483,40.0733666,1500 115.5519412,40.0733750,1500 115.5519341,40.0733834,1500 115.5519251,40.0733907,1500 115.5519161,40.0733981,1500 115.5519073,40.0734059,1500 115.5518985,40.0734137,1500 115.5518896,40.0734225,1500 115.5518807,40.0734313,1500 115.5518714,40.0734412,1500 115.5518622,40.0734510,1500 115.5518531,40.0734623,1500 115.5518440,40.0734737,1507 115.5518315,40.0734853,1507 115.5518191,40.0734969,1507 115.5518068,40.0735094,1507 115.5517946,40.0735219,1504 115.5517873,40.0735379,1504 115.5517801,40.0735539,1504 115.5517760,40.0735714,1504 115.5517719,40.0735889,1504 115.5517689,40.0736051,1504 115.5517659,40.0736214,1504 115.5517607,40.0736372,1504 115.5517556,40.0736531,1504 115.5517468,40.0736684,1504 115.5517381,40.0736838,1504 115.5517290,40.0736980,1504 115.5517199,40.0737122,1504 115.5517134,40.0737254,1504 115.5517069,40.0737386,1504 115.5517041,40.0737505,1509 115.5517013,40.0737626,1509 115.5517007,40.0737730,1509 115.5517002,40.0737837,1509 115.5517007,40.0737930,1509 115.5517013,40.0738024,1509 115.5517009,40.0738113,1509 115.5517005,40.0738204,1509 115.5516993,40.0738303,1509 115.5516982,40.0738402,1509 115.5516949,40.0738512,1509 115.5516917,40.0738622,1509 115.5516876,40.0738727,1509 115.5516836,40.0738834,1509 115.5516785,40.0738926,1509 115.5516735,40.0739019,1509 115.5516664,40.0739095,1509 115.5516594,40.0739171,1509 115.5516518,40.0739229,1509 115.5516442,40.0739287,1509 115.5516376,40.0739343,1509 115.5516310,40.0739399,1509 115.5516259,40.0739463,1509 115.5516208,40.0739527,1509 115.5516153,40.0739594,1509 115.5516098,40.0739661,1509 115.5516035,40.0739724,1509 115.5515973,40.0739787,1509 115.5515927,40.0739851,1509 115.5515882,40.0739916,1509 115.5515853,40.0739986,1509 115.5515824,40.0740057,1509 115.5515764,40.0740137,1509 115.5515705,40.0740218,1509 115.5515614,40.0740296,1527 115.5515524,40.0740374,1527 115.5515445,40.0740459,1527 115.5515366,40.0740544,1527 115.5515303,40.0740643,1527 115.5515241,40.0740743,1523 115.5515199,40.0740851,1523 115.5515157,40.0740960,1523 115.5515129,40.0741055,1523 115.5515102,40.0741151,1523 115.5515081,40.0741231,1523 115.5515061,40.0741311,1523 115.5515036,40.0741386,1523 115.5515012,40.0741460,1523 115.5514982,40.0741542,1523 115.5514952,40.0741625,1523 115.5514943,40.0741648,1523 115.5514935,40.0741672,1523 115.5514927,40.0741695,1523 115.5514919,40.0741719,1523 115.5514911,40.0741743,1523 115.5514900,40.0741810,1523 115.5514889,40.0741877,1523 115.5514861,40.0741945,1523 115.5514833,40.0742013,1523 115.5514789,40.0742078,1523 115.5514745,40.0742144,1523 115.5514690,40.0742222,1523 115.5514636,40.0742300,1523 115.5514590,40.0742362,1523 115.5514544,40.0742424,1523 115.5514499,40.0742488,1523 115.5514395,40.0742585,1523 115.5514292,40.0742682,1523 115.5514179,40.0742789,1523 115.5514067,40.0742896,1523 115.5513974,40.0743028,1523 115.5513882,40.0743161,1541 115.5513801,40.0743312,1541 115.5513720,40.0743463,1541 115.5513634,40.0743614,1541 115.5513548,40.0743766,1541 115.5513481,40.0743908,1541 115.5513414,40.0744051,1541 115.5513384,40.0744168,1541 115.5513354,40.0744285,1541 115.5513355,40.0744400,1541 115.5513357,40.0744518,1541 115.5513343,40.0744616,1541 115.5513330,40.0744715,1541 115.5513265,40.0744808,1541 115.5513200,40.0744901,1541 115.5513060,40.0744999,1541 115.5512920,40.0745097,1541 115.5512742,40.0745206,1541 115.5512564,40.0745316,1541 115.5512410,40.0745430,1534 115.5512257,40.0745545,1534 115.5512153,40.0745660,1534 115.5512050,40.0745774,1534 115.5511967,40.0745900,1541 115.5511885,40.0746026,1541 115.5511772,40.0746165,1541 115.5511659,40.0746305,1541 115.5511519,40.0746452,1541 115.5511380,40.0746599,1541 115.5511260,40.0746747,1541 115.5511140,40.0746897,1541 115.5511024,40.0747043,1541 115.5510909,40.0747190,1541 115.5510795,40.0747317,1541 115.5510681,40.0747445,1541 115.5510572,40.0747574,1541 115.5510464,40.0747705,1541 115.5510353,40.0747840,1541 115.5510243,40.0747975,1541 115.5510116,40.0748114,1541 115.5509989,40.0748254,1541 115.5509887,40.0748386,1541 115.5509785,40.0748518,1541 115.5509712,40.0748644,1549 115.5509640,40.0748773,1549 115.5509581,40.0748910,1549 115.5509522,40.0749048,1549 115.5509476,40.0749190,1549 115.5509431,40.0749331,1549 115.5509409,40.0749470,1549 115.5509388,40.0749609,1549 115.5509374,40.0749742,1549 115.5509361,40.0749875,1549 115.5509311,40.0749984,1549 115.5509261,40.0750093,1549 115.5509171,40.0750181,1549 115.5509082,40.0750270,1549 115.5508989,40.0750361,1549 115.5508897,40.0750452,1549 115.5508817,40.0750567,1549 115.5508737,40.0750683,1549 115.5508691,40.0750830,1549 115.5508646,40.0750978,1549 115.5508617,40.0751149,1549 115.5508588,40.0751322,1549 115.5508536,40.0751513,1565 115.5508484,40.0751704,1565 115.5508410,40.0751895,1565 115.5508336,40.0752086,1565 115.5508246,40.0752260,1565 115.5508157,40.0752434,1565 115.5508062,40.0752589,1565 115.5507968,40.0752745,1565 115.5507845,40.0752884,1565 115.5507722,40.0753024,1565 115.5507601,40.0753167,1565 115.5507480,40.0753310,1565 115.5507368,40.0753445,1565 115.5507256,40.0753581,1565 115.5507141,40.0753697,1565 115.5507026,40.0753814,1565 115.5506904,40.0753931,1554 115.5506782,40.0754049,1554 115.5506671,40.0754181,1575 115.5506560,40.0754313,1575 115.5506469,40.0754444,1575 115.5506378,40.0754575,1575 115.5506300,40.0754693,1575 115.5506222,40.0754811,1575 115.5506149,40.0754927,1575 115.5506077,40.0755043,1575 115.5506004,40.0755170,1575 115.5505931,40.0755297,1575 115.5505855,40.0755427,1575 115.5505779,40.0755557,1575 115.5505706,40.0755684,1575 115.5505634,40.0755810,1575 115.5505566,40.0755928,1575 115.5505498,40.0756049,1575 115.5505451,40.0756171,1575 115.5505404,40.0756293,1575 115.5505364,40.0756408,1575 115.5505325,40.0756523,1575 115.5505274,40.0756629,1575 115.5505224,40.0756735,1575 115.5505178,40.0756833,1575 115.5505133,40.0756931,1575 115.5505123,40.0757026,1576 115.5505113,40.0757120,1576 115.5505115,40.0757205,1576 115.5505117,40.0757290,1576 115.5505099,40.0757389,1576 115.5505081,40.0757488,1576 115.5505042,40.0757600,1576 115.5505003,40.0757713,1576 115.5504951,40.0757809,1576 115.5504900,40.0757906,1576 115.5504845,40.0757981,1576 115.5504791,40.0758056,1576 115.5504737,40.0758123,1576 115.5504683,40.0758190,1576 115.5504630,40.0758257,1576 115.5504577,40.0758327,1576 115.5504549,40.0758395,1576 115.5504521,40.0758463,1576 115.5504509,40.0758547,1576 115.5504498,40.0758632,1576 115.5504466,40.0758719,1576 115.5504435,40.0758808,1576 115.5504345,40.0758892,1576 115.5504255,40.0758977,1576 115.5504090,40.0759027,1577 115.5503925,40.0759077,1577 115.5503709,40.0759092,1577 115.5503494,40.0759107,1577 115.5503274,40.0759125,1577 115.5503055,40.0759144,1577 115.5502853,40.0759181,1577 115.5502652,40.0759221,1577 115.5502497,40.0759266,1577 115.5502343,40.0759313,1577 115.5502228,40.0759349,1577 115.5502114,40.0759386,1577 115.5502018,40.0759418,1577 115.5501923,40.0759451,1577 115.5501851,40.0759490,1577 115.5501780,40.0759530,1577 115.5501708,40.0759573,1577 115.5501637,40.0759616,1577 115.5501530,40.0759652,1577 115.5501424,40.0759688,1577 115.5501295,40.0759724,1590 115.5501166,40.0759760,1590 115.5501032,40.0759800,1590 115.5500899,40.0759841,1590 115.5500784,40.0759877,1590 115.5500670,40.0759913,1590 115.5500591,40.0759953,1590 115.5500512,40.0759993,1590 115.5500456,40.0760029,1590 115.5500400,40.0760066,1590 115.5500326,40.0760093,1590 115.5500252,40.0760120,1590 115.5500154,40.0760133,1590 115.5500056,40.0760147,1590 115.5499938,40.0760166,1590 115.5499821,40.0760188,1590 115.5499678,40.0760237,1590 115.5499536,40.0760286,1590 115.5499407,40.0760373,1590 115.5499279,40.0760460,1590 115.5499218,40.0760572,1590 115.5499157,40.0760685,1590 115.5499165,40.0760799,1590 115.5499174,40.0760913,1590 115.5499214,40.0761021,1590 115.5499254,40.0761130,1590 115.5499282,40.0761235,1590 115.5499311,40.0761341,1590 115.5499296,40.0761458,1590 115.5499281,40.0761576,1590 115.5499195,40.0761688,1590 115.5499110,40.0761801,1590 115.5498971,40.0761903,1590 115.5498832,40.0762006,1590 115.5498671,40.0762103,1590 115.5498511,40.0762200,1598 115.5498335,40.0762286,1598 115.5498160,40.0762372,1598 115.5497982,40.0762440,1598 115.5497804,40.0762511,1593 115.5497624,40.0762571,1593 115.5497444,40.0762632,1593 115.5497262,40.0762671,1593 115.5497081,40.0762712,1593 115.5496929,40.0762754,1593 115.5496778,40.0762797,1593 115.5496660,40.0762849,1593 115.5496543,40.0762902,1593 115.5496462,40.0762961,1593 115.5496382,40.0763021,1593 115.5496329,40.0763100,1593 115.5496276,40.0763180,1593 115.5496248,40.0763248,1593 115.5496221,40.0763316,1593 115.5496194,40.0763385,1593 115.5496145,40.0763489,1593 115.5496096,40.0763594,1593 115.5496011,40.0763711,1593 115.5495926,40.0763831,1593 115.5495807,40.0763941,1602 115.5495688,40.0764051,1602 115.5495582,40.0764140,1602 115.5495477,40.0764229,1602 115.5495370,40.0764307,1602 115.5495263,40.0764385,1602 115.5495123,40.0764433,1602 115.5494984,40.0764482,1602 115.5494838,40.0764518,1602 115.5494693,40.0764555,1602 115.5494608,40.0764585,1602 115.5494524,40.0764616,1602 115.5494372,40.0764688,1602 115.5494220,40.0764760,1602 115.5494048,40.0764822,1602 115.5493877,40.0764884,1602 115.5493692,40.0764941,1602 115.5493507,40.0764998,1602 115.5493307,40.0765089,1602 115.5493107,40.0765181,1602 115.5492871,40.0765301,1600 115.5492635,40.0765422,1600 115.5492396,40.0765538,1600 115.5492157,40.0765654,1600 115.5491914,40.0765762,1600 115.5491671,40.0765871,1600 115.5491434,40.0765966,1600 115.5491197,40.0766062,1600 115.5490970,40.0766148,1600 115.5490744,40.0766234,1600 115.5490554,40.0766323,1600 115.5490364,40.0766413,1600 115.5490209,40.0766509,1607 115.5490055,40.0766605,1607 115.5489920,40.0766689,1607 115.5489785,40.0766773,1607 115.5489651,40.0766866,1607 115.5489517,40.0766959,1607 115.5489370,40.0767048,1607 115.5489223,40.0767138,1607 115.5489062,40.0767206,1607 115.5488902,40.0767274,1607 115.5488745,40.0767331,1607 115.5488589,40.0767387,1607 115.5488442,40.0767426,1607 115.5488296,40.0767467,1607 115.5488166,40.0767517,1607 115.5488037,40.0767570,1607 115.5487917,40.0767657,1607 115.5487798,40.0767745,1607 115.5487667,40.0767850,1607 115.5487537,40.0767955,1607 115.5487404,40.0768051,1611 115.5487271,40.0768147,1612 115.5487181,40.0768222,1612 115.5487091,40.0768298,1612 115.5487055,40.0768356,1612 115.5487019,40.0768417,1612 115.5486993,40.0768480,1612 115.5486968,40.0768544,1612 115.5486952,40.0768619,1612 115.5486936,40.0768695,1612 115.5486939,40.0768786,1612 115.5486943,40.0768877,1612 115.5486919,40.0768985,1612 115.5486896,40.0769092,1612 115.5486827,40.0769201,1612 115.5486758,40.0769310,1612 115.5486682,40.0769402,1612 115.5486607,40.0769497,1612 115.5486552,40.0769578,1612 115.5486497,40.0769660,1612 115.5486457,40.0769727,1612 115.5486418,40.0769795,1612 115.5486411,40.0769864,1612 115.5486404,40.0769934,1612 115.5486425,40.0770032,1612 115.5486446,40.0770131,1612 115.5486442,40.0770257,1612 115.5486438,40.0770383,1612 115.5486336,40.0770503,1612 115.5486235,40.0770623,1612 115.5486044,40.0770691,1612 115.5485853,40.0770762,1612 115.5485655,40.0770785,1612 115.5485457,40.0770809,1612 115.5485300,40.0770818,1612 115.5485143,40.0770827,1612 115.5485006,40.0770843,1595 115.5484870,40.0770861,1595 115.5484732,40.0770922,1595 115.5484594,40.0770982,1612 115.5484440,40.0771098,1612 115.5484286,40.0771214,1612 115.5484118,40.0771366,1612 115.5483951,40.0771518,1612 115.5483798,40.0771670,1612 115.5483645,40.0771824,1612 115.5483521,40.0771985,1612 115.5483397,40.0772146,1612 115.5483293,40.0772319,1612 115.5483189,40.0772493,1612 115.5483052,40.0772687,1612 115.5482915,40.0772880,1612 115.5482726,40.0773031,1612 115.5482538,40.0773181,1612 115.5482325,40.0773287,1612 115.5482113,40.0773393,1612 115.5481911,40.0773476,1625 115.5481709,40.0773560,1625 115.5481525,40.0773639,1619 115.5481342,40.0773718,1619 115.5481176,40.0773809,1619 115.5481011,40.0773901,1619 115.5480873,40.0773998,1619 115.5480735,40.0774096,1619 115.5480616,40.0774211,1619 115.5480498,40.0774326,1619 115.5480390,40.0774456,1619 115.5480283,40.0774587,1619 115.5480175,40.0774716,1619 115.5480067,40.0774848,1619 115.5479960,40.0774978,1619 115.5479853,40.0775108,1619 115.5479716,40.0775233,1619 115.5479580,40.0775358,1619 115.5479434,40.0775476,1619 115.5479288,40.0775595,1619 115.5479168,40.0775706,1619 115.5479049,40.0775818,1632 115.5478944,40.0775937,1632 115.5478840,40.0776057,1632 115.5478713,40.0776178,1632 115.5478587,40.0776299,1632 115.5478429,40.0776421,1628 115.5478271,40.0776543,1628 115.5478094,40.0776639,1628 115.5477917,40.0776735,1628 115.5477730,40.0776769,1628 115.5477543,40.0776803,1628 115.5477388,40.0776788,1628 115.5477233,40.0776773,1628 115.5477132,40.0776736,1628 115.5477032,40.0776700,1628 115.5476942,40.0776676,1628 115.5476853,40.0776653,1628 115.5476744,40.0776635,1628 115.5476635,40.0776617,1628 115.5476546,40.0776558,1628 115.5476457,40.0776499,1628 115.5476428,40.0776398,1628 115.5476399,40.0776297,1632 115.5476414,40.0776201,1632 115.5476429,40.0776105,1632 115.5476461,40.0776014,1632 115.5476493,40.0775924,1632 115.5476501,40.0775830,1632 115.5476510,40.0775737,1632 115.5476482,40.0775645,1632 115.5476454,40.0775553,1632 115.5476414,40.0775481,1632 115.5476374,40.0775409,1643 115.5476313,40.0775376,1643 115.5476252,40.0775343,1643 115.5476180,40.0775360,1643 115.5476109,40.0775378,1643 115.5476065,40.0775394,1643 115.5476021,40.0775409,1643 115.5475977,40.0775426,1643 115.5475934,40.0775442,1643 115.5475848,40.0775418,1643 115.5475763,40.0775395,1643 115.5475712,40.0775304,1643 115.5475662,40.0775213,1643 115.5475651,40.0775105,1643 115.5475641,40.0774998,1643 115.5475641,40.0774889,1643 115.5475642,40.0774781,1643 115.5475642,40.0774682,1643 115.5475643,40.0774584,1643 115.5475661,40.0774489,1643 115.5475680,40.0774394,1643 115.5475705,40.0774319,1643 115.5475731,40.0774244,1643 115.5475728,40.0774193,1643 115.5475725,40.0774145,1643 115.5475664,40.0774144,1643 115.5475604,40.0774143,1643 115.5475514,40.0774160,1643 115.5475425,40.0774177,1643 115.5475345,40.0774153,1643 115.5475266,40.0774130,1643 115.5475239,40.0774061,1643 115.5475213,40.0773993,1643 115.5475205,40.0773924,1643 115.5475197,40.0773855,1643 115.5475158,40.0773813,1643 115.5475119,40.0773771,1643 115.5475032,40.0773737,1643 115.5474946,40.0773704,1643 115.5474844,40.0773651,1643 115.5474742,40.0773598,1638 115.5474641,40.0773506,1638 115.5474540,40.0773415,1638 115.5474461,40.0773307,1638 115.5474382,40.0773199,1638 115.5474308,40.0773099,1638 115.5474235,40.0772999,1638 115.5474171,40.0772901,1638 115.5474107,40.0772804,1638 115.5474044,40.0772714,1638 115.5473981,40.0772625,1638 115.5473890,40.0772552,1638 115.5473800,40.0772480,1638 115.5473669,40.0772428,1638 115.5473538,40.0772377,1646 115.5473385,40.0772328,1646 115.5473233,40.0772278,1646 115.5473076,40.0772225,1646 115.5472920,40.0772171,1646 115.5472774,40.0772118,1646 115.5472628,40.0772065,1646 115.5472488,40.0772004,1646 115.5472348,40.0771943,1646 115.5472239,40.0771856,1646 115.5472131,40.0771769,1646 115.5472040,40.0771649,1646 115.5471950,40.0771529,1646 115.5471860,40.0771409,1646 115.5471771,40.0771290,1646 115.5471684,40.0771179,1646 115.5471598,40.0771068,1646 115.5471522,40.0770972,1646 115.5471447,40.0770876,1646 115.5471353,40.0770803,1631 115.5471259,40.0770731,1631 115.5471149,40.0770675,1631 115.5471040,40.0770618,1631 115.5470929,40.0770577,1631 115.5470819,40.0770535,1630 115.5470696,40.0770494,1630 115.5470573,40.0770453,1630 115.5470459,40.0770403,1630 115.5470345,40.0770353,1630 115.5470236,40.0770294,1630 115.5470127,40.0770235,1630 115.5470020,40.0770152,1630 115.5469914,40.0770069,1630 115.5469819,40.0769980,1630 115.5469725,40.0769892,1630 115.5469618,40.0769833,1630 115.5469511,40.0769773,1630 115.5469391,40.0769757,1630 115.5469271,40.0769740,1630 115.5469139,40.0769751,1630 115.5469007,40.0769763,1630 115.5468869,40.0769772,1630 115.5468732,40.0769782,1630 115.5468581,40.0769783,1630 115.5468430,40.0769785,1630 115.5468257,40.0769785,1630 115.5468085,40.0769785,1630 115.5467916,40.0769797,1625 115.5467748,40.0769810,1625 115.5467594,40.0769829,1625 115.5467441,40.0769849,1625 115.5467274,40.0769864,1625 115.5467107,40.0769882,1625 115.5466927,40.0769903,1625 115.5466748,40.0769924,1625 115.5466568,40.0769963,1625 115.5466389,40.0770002,1625 115.5466220,40.0770058,1625 115.5466052,40.0770114,1625 115.5465897,40.0770171,1625 115.5465743,40.0770228,1625 115.5465582,40.0770281,1625 115.5465422,40.0770334,1625 115.5465260,40.0770385,1624 115.5465099,40.0770437,1624 115.5464941,40.0770481,1624 115.5464784,40.0770526,1624 115.5464619,40.0770569,1624 115.5464454,40.0770612,1624 115.5464279,40.0770664,1624 115.5464105,40.0770717,1624 115.5463943,40.0770779,1624 115.5463781,40.0770842,1639 115.5463625,40.0770908,1639 115.5463470,40.0770974,1639 115.5463312,40.0771041,1639 115.5463155,40.0771108,1639 115.5462992,40.0771169,1639 115.5462829,40.0771230,1639 115.5462669,40.0771283,1639 115.5462510,40.0771336,1639 115.5462361,40.0771392,1635 115.5462213,40.0771449,1635 115.5462062,40.0771508,1635 115.5461911,40.0771568,1635 115.5461764,40.0771630,1635 115.5461618,40.0771692,1635 115.5461465,40.0771763,1635 115.5461313,40.0771834,1635 115.5461155,40.0771913,1635 115.5460997,40.0771992,1635 115.5460841,40.0772058,1635 115.5460685,40.0772125,1635 115.5460526,40.0772183,1635 115.5460368,40.0772242,1635 115.5460205,40.0772302,1635 115.5460042,40.0772362,1635 115.5459885,40.0772430,1635 115.5459728,40.0772498,1635 115.5459581,40.0772578,1630 115.5459435,40.0772658,1630 115.5459297,40.0772740,1630 115.5459159,40.0772823,1630 115.5459017,40.0772910,1630 115.5458876,40.0773000,1630 115.5458745,40.0773099,1630 115.5458614,40.0773198,1630 115.5458495,40.0773311,1630 115.5458377,40.0773424,1630 115.5458258,40.0773549,1630 115.5458139,40.0773674,1640 115.5458012,40.0773802,1640 115.5457886,40.0773931,1640 115.5457752,40.0774057,1640 115.5457618,40.0774183,1640 115.5457490,40.0774288,1640 115.5457362,40.0774394,1640 115.5457229,40.0774483,1640 115.5457097,40.0774572,1640 115.5456954,40.0774648,1640 115.5456812,40.0774724,1633 115.5456671,40.0774807,1633 115.5456530,40.0774891,1633 115.5456388,40.0774995,1633 115.5456246,40.0775099,1633 115.5456099,40.0775206,1633 115.5455952,40.0775314,1633 115.5455794,40.0775420,1633 115.5455636,40.0775527,1633 115.5455472,40.0775630,1633 115.5455308,40.0775733,1633 115.5455125,40.0775830,1633 115.5454943,40.0775926,1633 115.5454753,40.0776029,1633 115.5454564,40.0776132,1633 115.5454380,40.0776242,1633 115.5454197,40.0776352,1633 115.5454008,40.0776487,1641 115.5453820,40.0776623,1641 115.5453589,40.0776782,1641 115.5453358,40.0776942,1641 115.5453089,40.0777102,1641 115.5452821,40.0777263,1641 115.5452548,40.0777404,1641 115.5452276,40.0777546,1641 115.5452002,40.0777674,1641 115.5451728,40.0777802,1641 115.5451450,40.0777920,1641 115.5451173,40.0778038,1642 115.5450884,40.0778147,1642 115.5450595,40.0778256,1642 115.5450298,40.0778355,1642 115.5450001,40.0778454,1642 115.5449687,40.0778533,1642 115.5449374,40.0778613,1642 115.5449041,40.0778668,1642 115.5448708,40.0778726,1642 115.5448374,40.0778738,1645 115.5448040,40.0778751,1645 115.5447734,40.0778715,1645 115.5447428,40.0778680,1645 115.5447165,40.0778599,1645 115.5446902,40.0778519,1645 115.5446640,40.0778439,1645 115.5446426,40.0778338,1645 115.5446213,40.0778238,1645 115.5446031,40.0778137,1645 115.5445849,40.0778036,1645 115.5445638,40.0777937,1650 115.5445427,40.0777839,1650 115.5445180,40.0777767,1650 115.5444933,40.0777696,1650 115.5444676,40.0777609,1650 115.5444419,40.0777523,1650 115.5444150,40.0777413,1650 115.5443881,40.0777303,1650 115.5443603,40.0777173,1650 115.5443326,40.0777043,1650 115.5443049,40.0776914,1654 115.5442769,40.0776773,1654 115.5442489,40.0776633,1654 115.5442243,40.0776507,1654 115.5441997,40.0776381,1661 115.5441797,40.0776257,1661 115.5441597,40.0776133,1661 115.5441444,40.0775990,1661 115.5441291,40.0775847,1661 115.5441181,40.0775672,1661 115.5441072,40.0775496,1661 115.5440971,40.0775330,1661 115.5440870,40.0775164,1661 115.5440764,40.0775012,1661 115.5440659,40.0774861,1661 115.5440539,40.0774727,1661 115.5440420,40.0774593,1661 115.5440268,40.0774469,1665 115.5440117,40.0774345,1665 115.5439937,40.0774240,1665 115.5439758,40.0774134,1665 115.5439563,40.0774029,1665 115.5439368,40.0773927,1665 115.5439144,40.0773836,1665 115.5438920,40.0773745,1665 115.5438686,40.0773664,1665 115.5438452,40.0773585,1674 115.5438204,40.0773500,1674 115.5437956,40.0773415,1674 115.5437656,40.0773338,1674 115.5437357,40.0773260,1674 115.5437044,40.0773174,1674 115.5436732,40.0773089,1674 115.5436437,40.0772991,1674 115.5436142,40.0772892,1674 115.5435844,40.0772783,1674 115.5435546,40.0772673,1674 115.5435247,40.0772562,1674 115.5434949,40.0772452,1674 115.5434683,40.0772365,1676 115.5434417,40.0772278,1676 115.5434149,40.0772205,1676 115.5433882,40.0772134,1676 115.5433625,40.0772073,1676 115.5433369,40.0772012,1676 115.5433145,40.0771985,1676 115.5432922,40.0771959,1676 115.5432745,40.0771946,1676 115.5432568,40.0771934,1676 115.5432410,40.0771917,1676 115.5432253,40.0771900,1676 115.5432100,40.0771884,1676 115.5431947,40.0771868,1676 115.5431779,40.0771850,1675 115.5431611,40.0771832,1675 115.5431414,40.0771817,1675 115.5431217,40.0771802,1675 115.5430993,40.0771784,1675 115.5430770,40.0771767,1675 115.5430506,40.0771726,1675 115.5430243,40.0771685,1675 115.5429969,40.0771637,1675 115.5429695,40.0771590,1675 115.5429439,40.0771545,1675 115.5429184,40.0771501,1675 115.5428939,40.0771466,1672 115.5428694,40.0771432,1672 115.5428460,40.0771417,1672 115.5428226,40.0771403,1672 115.5427992,40.0771381,1672 115.5427759,40.0771360,1672 115.5427516,40.0771324,1672 115.5427274,40.0771289,1672 115.5427037,40.0771257,1672 115.5426801,40.0771225,1672 115.5426563,40.0771211,1672 115.5426326,40.0771197,1668 115.5426076,40.0771184,1668 115.5425827,40.0771172,1668 115.5425581,40.0771152,1668 115.5425336,40.0771133,1668 115.5425081,40.0771092,1668 115.5424827,40.0771052,1668 115.5424578,40.0770992,1668 115.5424330,40.0770932,1668 115.5424065,40.0770861,1668 115.5423801,40.0770790,1669 115.5423520,40.0770724,1673 115.5423240,40.0770659,1673 115.5422994,40.0770576,1673 115.5422748,40.0770494,1673 115.5422535,40.0770425,1673 115.5422322,40.0770356,1673 115.5422108,40.0770307,1673 115.5421895,40.0770258,1673 115.5421687,40.0770246,1673 115.5421480,40.0770235,1673 115.5421271,40.0770265,1673 115.5421063,40.0770296,1673 115.5420849,40.0770353,1673 115.5420635,40.0770411,1682 115.5420440,40.0770472,1682 115.5420245,40.0770533,1682 115.5420084,40.0770584,1682 115.5419923,40.0770635,1682 115.5419773,40.0770685,1682 115.5419624,40.0770738,1682 115.5419467,40.0770787,1682 115.5419311,40.0770837,1680 115.5419139,40.0770872,1680 115.5418967,40.0770908,1680 115.5418791,40.0770928,1680 115.5418616,40.0770949,1680 115.5418438,40.0770972,1680 115.5418261,40.0770995,1680 115.5418090,40.0771011,1680 115.5417920,40.0771027,1684 115.5417751,40.0771029,1684 115.5417583,40.0771032,1684 115.5417408,40.0771019,1684 115.5417233,40.0771006,1684 115.5417038,40.0770982,1684 115.5416844,40.0770958,1684 115.5416638,40.0770920,1684 115.5416433,40.0770882,1684 115.5416231,40.0770828,1689 115.5416029,40.0770775,1689 115.5415841,40.0770702,1689 115.5415653,40.0770630,1689 115.5415490,40.0770530,1689 115.5415327,40.0770431,1689 115.5415179,40.0770314,1691 115.5415031,40.0770198,1691 115.5414898,40.0770083,1691 115.5414766,40.0769970,1691 115.5414650,40.0769870,1691 115.5414535,40.0769771,1691 115.5414426,40.0769687,1691 115.5414317,40.0769603,1691 115.5414216,40.0769540,1691 115.5414115,40.0769478,1691 115.5414006,40.0769425,1691 115.5413897,40.0769372,1691 115.5413764,40.0769322,1691 115.5413631,40.0769273,1691 115.5413472,40.0769220,1691 115.5413314,40.0769167,1691 115.5413157,40.0769110,1691 115.5413001,40.0769053,1691 115.5412855,40.0768990,1691 115.5412710,40.0768928,1691 115.5412567,40.0768855,1691 115.5412425,40.0768783,1687 115.5412292,40.0768703,1687 115.5412160,40.0768624,1687 115.5412041,40.0768544,1687 115.5411923,40.0768465,1687 115.5411804,40.0768383,1687 115.5411685,40.0768301,1687 115.5411558,40.0768217,1687 115.5411431,40.0768133,1687 115.5411323,40.0768043,1694 115.5411215,40.0767953,1694 115.5411134,40.0767847,1694 115.5411053,40.0767742,1694 115.5410984,40.0767660,1694 115.5410915,40.0767578,1694 115.5410838,40.0767508,1694 115.5410761,40.0767438,1694 115.5410663,40.0767379,1694 115.5410566,40.0767321,1694 115.5410449,40.0767255,1694 115.5410332,40.0767190,1694 115.5410203,40.0767093,1694 115.5410074,40.0766996,1694 115.5409950,40.0766891,1694 115.5409827,40.0766788,1694 115.5409720,40.0766696,1686 115.5409614,40.0766604,1686 115.5409510,40.0766518,1686 115.5409406,40.0766433,1686 115.5409286,40.0766349,1686 115.5409166,40.0766266,1686 115.5409051,40.0766180,1686 115.5408936,40.0766095,1686 115.5408838,40.0766003,1686 115.5408741,40.0765912,1686 115.5408663,40.0765820,1686 115.5408586,40.0765728,1686 115.5408512,40.0765644,1686 115.5408438,40.0765561,1686 115.5408312,40.0765474,1686 115.5408187,40.0765387,1686 115.5407997,40.0765285,1686 115.5407807,40.0765184,1689 115.5407564,40.0765056,1689 115.5407321,40.0764927,1689 115.5407027,40.0764793,1689 115.5406734,40.0764659,1685 115.5406463,40.0764526,1685 115.5406193,40.0764392,1685 115.5405994,40.0764272,1685 115.5405796,40.0764152,1685 115.5405663,40.0764055,1685 115.5405530,40.0763959,1685 115.5405450,40.0763898,1685 115.5405370,40.0763837,1685 115.5405316,40.0763779,1685 115.5405263,40.0763721,1685 115.5405194,40.0763643,1685 115.5405089,40.0763559,1685 115.5404985,40.0763475,1685 115.5404858,40.0763373,1685 115.5404731,40.0763271,1685 115.5404584,40.0763153,1685 115.5404438,40.0763035,1685 115.5404272,40.0762876,1685 115.5404107,40.0762717,1678 115.5403912,40.0762510,1678 115.5403718,40.0762303,1688 115.5403520,40.0762102,1688 115.5403322,40.0761901,1688 115.5403123,40.0761727,1688 115.5402924,40.0761554,1688 115.5402752,40.0761386,1688 115.5402580,40.0761218,1688 115.5402437,40.0761066,1688 115.5402294,40.0760913,1688 115.5402194,40.0760784,1688 115.5402095,40.0760656,1688 115.5402031,40.0760555,1688 115.5401968,40.0760455,1688 115.5401896,40.0760376,1688 115.5401824,40.0760297,1688 115.5401688,40.0760216,1688 115.5401553,40.0760136,1688 115.5401346,40.0760033,1685 115.5401140,40.0759931,1685 115.5400898,40.0759803,1685 115.5400657,40.0759675,1689 115.5400426,40.0759546,1689 115.5400196,40.0759418,1689 115.5399993,40.0759310,1689 115.5399790,40.0759202,1689 115.5399642,40.0759110,1689 115.5399495,40.0759019,1689 115.5399388,40.0758946,1689 115.5399281,40.0758873,1689 115.5399172,40.0758810,1689 115.5399063,40.0758750,1689 115.5398913,40.0758693,1689 115.5398763,40.0758636,1689 115.5398589,40.0758589,1692 115.5398415,40.0758542,1692 115.5398227,40.0758498,1692 115.5398039,40.0758455,1692 115.5397839,40.0758401,1692 115.5397640,40.0758347,1692 115.5397427,40.0758281,1692 115.5397214,40.0758217,1692 115.5396971,40.0758163,1692 115.5396729,40.0758110,1692 115.5396456,40.0758081,1692 115.5396183,40.0758053,1692 115.5395935,40.0758011,1692 115.5395687,40.0757969,1690 115.5395465,40.0757880,1690 115.5395243,40.0757794,1690 115.5395032,40.0757679,1690 115.5394821,40.0757565,1690 115.5394616,40.0757438,1690 115.5394412,40.0757311,1690 115.5394216,40.0757172,1690 115.5394020,40.0757033,1690 115.5393827,40.0756917,1689 115.5393634,40.0756802,1689 115.5393448,40.0756709,1689 115.5393263,40.0756615,1689 115.5393077,40.0756518,1689 115.5392891,40.0756420,1695 115.5392697,40.0756304,1695 115.5392504,40.0756188,1695 115.5392305,40.0756083,1695 115.5392107,40.0755979,1695 115.5391865,40.0755904,1695 115.5391624,40.0755829,1695 115.5391353,40.0755762,1695 115.5391083,40.0755695,1695 115.5390811,40.0755634,1695 115.5390539,40.0755574,1695 115.5390268,40.0755502,1698 115.5389997,40.0755430,1698 115.5389731,40.0755368,1698 115.5389465,40.0755306,1698 115.5389236,40.0755259,1698 115.5389008,40.0755213,1698 115.5388826,40.0755168,1698 115.5388645,40.0755123,1698 115.5388485,40.0755076,1698 115.5388325,40.0755030,1698 115.5388155,40.0755015,1698 115.5387985,40.0755000,1698 115.5387810,40.0755027,1698 115.5387635,40.0755055,1698 115.5387468,40.0755082,1703 115.5387302,40.0755110,1703 115.5387155,40.0755103,1703 115.5387008,40.0755095,1703 115.5386887,40.0755060,1703 115.5386766,40.0755025,1703 115.5386655,40.0754972,1703 115.5386545,40.0754919,1703 115.5386408,40.0754857,1703 115.5386271,40.0754796,1703 115.5386115,40.0754722,1703 115.5385960,40.0754648,1703 115.5385803,40.0754590,1703 115.5385646,40.0754532,1703 115.5385473,40.0754502,1703 115.5385301,40.0754473,1703 115.5385113,40.0754445,1703 115.5384926,40.0754418,1703 115.5384722,40.0754373,1709 115.5384518,40.0754328,1709 115.5384318,40.0754301,1709 115.5384119,40.0754274,1709 115.5383899,40.0754279,1709 115.5383679,40.0754285,1709 115.5383447,40.0754307,1709 115.5383215,40.0754329,1709 115.5383005,40.0754343,1709 115.5382796,40.0754356,1709 115.5382608,40.0754341,1709 115.5382421,40.0754326,1709 115.5382263,40.0754281,1709 115.5382106,40.0754237,1709 115.5381960,40.0754177,1709 115.5381815,40.0754119,1713 115.5381658,40.0754078,1713 115.5381501,40.0754037,1713 115.5381330,40.0753993,1713 115.5381159,40.0753949,1713 115.5380994,40.0753889,1713 115.5380830,40.0753830,1713 115.5380688,40.0753758,1713 115.5380546,40.0753686,1713 115.5380414,40.0753604,1713 115.5380283,40.0753523,1713 115.5380146,40.0753462,1713 115.5380010,40.0753401,1713 115.5379870,40.0753364,1713 115.5379731,40.0753327,1713 115.5379581,40.0753329,1713 115.5379431,40.0753331,1713 115.5379272,40.0753356,1713 115.5379113,40.0753381,1726 115.5378946,40.0753392,1726 115.5378779,40.0753403,1726 115.5378611,40.0753365,1726 115.5378443,40.0753327,1726 115.5378250,40.0753257,1726 115.5378058,40.0753186,1726 115.5377870,40.0753131,1726 115.5377683,40.0753077,1726 115.5377496,40.0753065,1726 115.5377309,40.0753054,1726 115.5377114,40.0753061,1726 115.5376919,40.0753068,1726 115.5376730,40.0753070,1726 115.5376542,40.0753072,1726 115.5376396,40.0753076,1726 115.5376250,40.0753080,1740 115.5376112,40.0753103,1740 115.5375975,40.0753127,1740 115.5375843,40.0753169,1740 115.5375711,40.0753210,1740 115.5375579,40.0753273,1740 115.5375448,40.0753335,1740 115.5375318,40.0753386,1740 115.5375188,40.0753437,1740 115.5375077,40.0753464,1740 115.5374967,40.0753492,1740 115.5374832,40.0753514,1740 115.5374698,40.0753536,1740 115.5374521,40.0753561,1740 115.5374344,40.0753587,1740 115.5374151,40.0753618,1740 115.5373958,40.0753650,1740 115.5373767,40.0753666,1740 115.5373576,40.0753684,1749 115.5373432,40.0753688,1749 115.5373289,40.0753693,1749 115.5373198,40.0753677,1749 115.5373107,40.0753662,1749 115.5373076,40.0753653,1749 115.5373046,40.0753645,1749 115.5373016,40.0753636,1749 115.5372986,40.0753629,1749 115.5372858,40.0753619,1749 115.5372730,40.0753610,1749 115.5372585,40.0753593,1749 115.5372441,40.0753575,1749 115.5372278,40.0753552,1749 115.5372115,40.0753529,1749 115.5371933,40.0753506,1749 115.5371752,40.0753483,1749 115.5371565,40.0753463,1749 115.5371378,40.0753444,1749 115.5371200,40.0753428,1749 115.5371023,40.0753411,1749 115.5370875,40.0753416,1749 115.5370728,40.0753421,1763 115.5370594,40.0753456,1763 115.5370460,40.0753492,1763 115.5370317,40.0753516,1763 115.5370175,40.0753541,1763 115.5370039,40.0753557,1763 115.5369903,40.0753573,1763 115.5369776,40.0753581,1763 115.5369650,40.0753590,1763 115.5369532,40.0753571,1763 115.5369414,40.0753552,1763 115.5369309,40.0753508,1763 115.5369205,40.0753464,1763 115.5369122,40.0753417,1763 115.5369040,40.0753373,1763 115.5368954,40.0753343,1763 115.5368869,40.0753313,1763 115.5368826,40.0753308,1763 115.5368783,40.0753304,1763 115.5368741,40.0753300,1763 115.5368628,40.0753315,1763 115.5368516,40.0753331,1763 115.5368398,40.0753350,1763 115.5368280,40.0753371,1763 115.5368150,40.0753372,1763 115.5368021,40.0753374,1773 115.5367882,40.0753355,1773 115.5367744,40.0753337,1773 115.5367603,40.0753303,1773 115.5367463,40.0753270,1773 115.5367310,40.0753238,1773 115.5367158,40.0753207,1773 115.5367005,40.0753186,1773 115.5366852,40.0753168,1773 115.5366692,40.0753156,1773 115.5366533,40.0753144,1773 115.5366355,40.0753152,1773 115.5366178,40.0753160,1773 115.5365998,40.0753185,1773 115.5365819,40.0753210,1773 115.5365630,40.0753236,1773 115.5365442,40.0753263,1773 115.5365229,40.0753264,1778 115.5365017,40.0753265,1778 115.5364780,40.0753247,1778 115.5364544,40.0753228,1778 115.5364308,40.0753192,1778 115.5364073,40.0753158,1778 115.5363856,40.0753117,1778 115.5363640,40.0753077,1778 115.5363433,40.0753038,1778 115.5363227,40.0753000,1778 115.5363033,40.0752972,1778 115.5362839,40.0752944,1778 115.5362636,40.0752917,1778 115.5362434,40.0752890,1781 115.5362239,40.0752863,1781 115.5362045,40.0752836,1781 115.5361865,40.0752821,1781 115.5361685,40.0752806,1781 115.5361508,40.0752806,1781 115.5361331,40.0752806,1781 115.5361146,40.0752819,1781 115.5360961,40.0752832,1781 115.5360777,40.0752843,1781 115.5360594,40.0752855,1781 115.5360397,40.0752867,1781 115.5360200,40.0752880,1781 115.5359996,40.0752894,1781 115.5359792,40.0752910,1781 115.5359585,40.0752935,1783 115.5359378,40.0752961,1783 115.5359160,40.0752976,1783 115.5358943,40.0752991,1783 115.5358722,40.0753009,1783 115.5358501,40.0753028,1783 115.5358287,40.0753056,1783 115.5358073,40.0753085,1783 115.5357884,40.0753119,1783 115.5357696,40.0753154,1783 115.5357496,40.0753195,1783 115.5357297,40.0753237,1783 115.5357085,40.0753291,1783 115.5356874,40.0753344,1782 115.5356670,40.0753410,1782 115.5356466,40.0753475,1782 115.5356271,40.0753534,1782 115.5356077,40.0753593,1782 115.5355886,40.0753642,1782 115.5355695,40.0753694,1782 115.5355516,40.0753757,1782 115.5355338,40.0753821,1782 115.5355191,40.0753904,1782 115.5355044,40.0753988,1782 115.5354931,40.0754086,1782 115.5354818,40.0754183,1787 115.5354747,40.0754300,1787 115.5354676,40.0754416,1787 115.5354643,40.0754551,1787 115.5354611,40.0754686,1787 115.5354586,40.0754822,1787 115.5354562,40.0754958,1787 115.5354549,40.0755064,1787 115.5354536,40.0755171,1787 115.5354525,40.0755256,1787 115.5354514,40.0755342,1787 115.5354520,40.0755425,1787 115.5354527,40.0755509,1787 115.5354536,40.0755590,1787 115.5354546,40.0755672,1787 115.5354553,40.0755717,1787 115.5354560,40.0755762,1787 115.5354582,40.0755837,1787 115.5354605,40.0755913,1787 115.5354621,40.0755956,1787 115.5354637,40.0755999,1787 115.5354661,40.0756080,1787 115.5354686,40.0756163,1787 115.5354698,40.0756261,1787 115.5354711,40.0756360,1787 115.5354710,40.0756416,1787 115.5354710,40.0756473,1787 115.5354683,40.0756564,1787 115.5354657,40.0756656,1787 115.5354599,40.0756761,1787 115.5354542,40.0756866,1787 115.5354426,40.0757099,1807 115.5354390,40.0757192,1807 115.5354354,40.0757286,1807 115.5354300,40.0757439,1807 115.5354247,40.0757593,1807 115.5354165,40.0757849,1810 115.5354096,40.0757859,1810 115.5354027,40.0757869,1810 115.5353950,40.0757847,1810 115.5353873,40.0757825,1810 115.5353788,40.0757788,1810 115.5353704,40.0757750,1810 115.5353654,40.0757727,1810 115.5353605,40.0757705,1810 115.5353532,40.0757676,1810 115.5353460,40.0757647,1810 115.5353398,40.0757639,1810 115.5353336,40.0757632,1810 115.5353275,40.0757649,1810 115.5353215,40.0757666,1810 115.5353050,40.0757728,1810 115.5352941,40.0757768,1810 115.5352833,40.0757809,1810 115.5352591,40.0757889,1810 115.5352492,40.0757917,1810 115.5352393,40.0757946,1810 115.5352153,40.0758011,1810 115.5352009,40.0758078,1810 115.5351866,40.0758146,1810 115.5351655,40.0758275,1810 115.5351616,40.0758342,1810 115.5351577,40.0758409,1810 115.5351533,40.0758479,1810 115.5351490,40.0758549,1810 115.5351421,40.0758628,1810 115.5351352,40.0758707,1810 115.5351219,40.0758824,1810 115.5351086,40.0758940,1810 115.5350748,40.0759151,1810 115.5350689,40.0759168,1810 115.5350630,40.0759186,1810 115.5350528,40.0759220,1810 115.5350426,40.0759254,1810 115.5350294,40.0759315,1810 115.5350163,40.0759377,1810 115.5349973,40.0759478,1810 115.5349915,40.0759500,1810 115.5349857,40.0759522,1810 115.5349800,40.0759544,1810 115.5349765,40.0759590,1810 115.5349730,40.0759636,1810 115.5349747,40.0759698,1810 115.5349765,40.0759761,1833 115.5349773,40.0759831,1833 115.5349781,40.0759901,1833 115.5349748,40.0759964,1833 115.5349716,40.0760026,1833 115.5349635,40.0760079,1833 115.5349555,40.0760131,1833 115.5349445,40.0760168,1833 115.5349335,40.0760205,1833 115.5349209,40.0760224,1833 115.5349084,40.0760243,1833 115.5348968,40.0760257,1833 115.5348852,40.0760274,1833 115.5348756,40.0760292,1833 115.5348660,40.0760310,1833 115.5348579,40.0760347,1824 115.5348499,40.0760384,1824 115.5348431,40.0760435,1824 115.5348364,40.0760487,1824 115.5348317,40.0760549,1824 115.5348271,40.0760614,1824 115.5348232,40.0760683,1824 115.5348193,40.0760755,1824 115.5348148,40.0760832,1824 115.5348104,40.0760910,1824 115.5348043,40.0760984,1824 115.5347982,40.0761059,1824 115.5347915,40.0761136,1824 115.5347848,40.0761212,1824 115.5347807,40.0761294,1824 115.5347766,40.0761375,1824 115.5347753,40.0761458,1824 115.5347741,40.0761540,1824 115.5347730,40.0761622,1824 115.5347720,40.0761703,1824 115.5347685,40.0761776,1824 115.5347651,40.0761850,1824 115.5347578,40.0761913,1824 115.5347505,40.0761976,1824 115.5347410,40.0762030,1824 115.5347316,40.0762084,1824 115.5347200,40.0762142,1824 115.5347084,40.0762203,1824 115.5347013,40.0762244,1824 115.5346942,40.0762285,1824 115.5346871,40.0762326,1824 115.5346787,40.0762382,1824 115.5346703,40.0762439,1824 115.5346558,40.0762563,1829 115.5346503,40.0762621,1829 115.5346449,40.0762679,1829 115.5346412,40.0762710,1829 115.5346376,40.0762742,1829 115.5346307,40.0762787,1829 115.5346238,40.0762832,1829 115.5346158,40.0762861,1829 115.5346079,40.0762890,1829 115.5345986,40.0762902,1829 115.5345893,40.0762915,1829 115.5345789,40.0762922,1822 115.5345686,40.0762929,1822 115.5345584,40.0762937,1822 115.5345482,40.0762946,1822 115.5345383,40.0762951,1822 115.5345285,40.0762957,1822 115.5345180,40.0762963,1822 115.5345076,40.0762969,1822 115.5344971,40.0762991,1822 115.5344867,40.0763013,1822 115.5344756,40.0763048,1822 115.5344645,40.0763083,1822 115.5344505,40.0763109,1822 115.5344365,40.0763136,1822 115.5344323,40.0763139,1822 115.5344282,40.0763143,1822 115.5344240,40.0763147,1822 115.5344199,40.0763151,1822 115.5344158,40.0763155,1822 115.5344103,40.0763150,1822 115.5344048,40.0763145,1822 115.5343957,40.0763133,1822 115.5343867,40.0763121,1822 115.5343787,40.0763115,1822 115.5343707,40.0763109,1822 115.5343635,40.0763113,1822 115.5343564,40.0763115,1822 115.5343476,40.0763127,1822 115.5343389,40.0763139,1822 115.5343277,40.0763162,1822 115.5343165,40.0763185,1822 115.5343044,40.0763206,1817 115.5342924,40.0763228,1817 115.5342786,40.0763251,1817 115.5342648,40.0763273,1817 115.5342489,40.0763303,1817 115.5342330,40.0763333,1817 115.5342150,40.0763361,1817 115.5341971,40.0763390,1817 115.5341784,40.0763407,1817 115.5341597,40.0763425,1817 115.5341419,40.0763430,1817 115.5341242,40.0763435,1817 115.5341108,40.0763425,1817 115.5340975,40.0763418,1817 115.5340875,40.0763405,1817 115.5340776,40.0763393,1817 115.5340681,40.0763379,1817 115.5340586,40.0763364,1817 115.5340480,40.0763356,1817 115.5340375,40.0763346,1817 115.5340323,40.0763344,1817 115.5340271,40.0763340,1820 115.5340220,40.0763339,1820 115.5340081,40.0763325,1820 115.5339942,40.0763312,1820 115.5339804,40.0763297,1820 115.5339666,40.0763283,1820 115.5339550,40.0763289,1820 115.5339435,40.0763295,1820 115.5339322,40.0763302,1820 115.5339210,40.0763310,1820 115.5339079,40.0763304,1820 115.5338949,40.0763298,1820 115.5338799,40.0763288,1820 115.5338649,40.0763279,1820 115.5338508,40.0763259,1820 115.5338367,40.0763240,1820 115.5338227,40.0763220,1820 115.5338087,40.0763200,1820 115.5337933,40.0763178,1820 115.5337780,40.0763155,1820 115.5337614,40.0763123,1820 115.5337448,40.0763091,1812 115.5337282,40.0763063,1812 115.5337117,40.0763035,1812 115.5336977,40.0763024,1812 115.5336838,40.0763013,1812 115.5336701,40.0763014,1812 115.5336565,40.0763016,1812 115.5336489,40.0763022,1812 115.5336413,40.0763028,1812 115.5336286,40.0763038,1812 115.5336159,40.0763048,1812 115.5336029,40.0763051,1812 115.5335899,40.0763054,1812 115.5335749,40.0763046,1812 115.5335600,40.0763036,1812 115.5335442,40.0763028,1812 115.5335284,40.0763020,1812 115.5335148,40.0763027,1812 115.5335012,40.0763034,1812 115.5334878,40.0763064,1812 115.5334744,40.0763094,1812 115.5334619,40.0763141,1809 115.5334495,40.0763188,1809 115.5334370,40.0763250,1809 115.5334246,40.0763312,1809 115.5334133,40.0763373,1809 115.5334020,40.0763434,1809 115.5333891,40.0763492,1809 115.5333762,40.0763552,1809 115.5333577,40.0763626,1809 115.5333479,40.0763649,1809 115.5333382,40.0763673,1809 115.5333285,40.0763692,1809 115.5333188,40.0763711,1809 115.5333103,40.0763729,1809 115.5333019,40.0763749,1809 115.5332936,40.0763787,1809 115.5332854,40.0763826,1809 115.5332806,40.0763858,1809 115.5332758,40.0763890,1809 115.5332665,40.0763946,1809 115.5332573,40.0764002,1809 115.5332479,40.0764043,1809 115.5332385,40.0764084,1809 115.5332288,40.0764103,1809 115.5332191,40.0764122,1809 115.5332087,40.0764130,1809 115.5331983,40.0764138,1809 115.5331865,40.0764145,1808 115.5331748,40.0764152,1808 115.5331606,40.0764158,1808 115.5331465,40.0764165,1808 115.5331313,40.0764165,1808 115.5331161,40.0764166,1808 115.5331002,40.0764166,1808 115.5330843,40.0764166,1808 115.5330691,40.0764157,1808 115.5330539,40.0764149,1808 115.5330393,40.0764165,1808 115.5330248,40.0764181,1808 115.5330116,40.0764225,1808 115.5329984,40.0764270,1808 115.5329864,40.0764331,1808 115.5329745,40.0764395,1808 115.5329613,40.0764462,1808 115.5329481,40.0764529,1808 115.5329344,40.0764572,1808 115.5329208,40.0764616,1808 115.5329103,40.0764635,1806 115.5328999,40.0764655,1806 115.5328876,40.0764694,1806 115.5328753,40.0764733,1806 115.5328610,40.0764787,1806 115.5328467,40.0764844,1806 115.5328339,40.0764886,1806 115.5328211,40.0764927,1806 115.5328113,40.0764962,1806 115.5328015,40.0764997,1806 115.5327915,40.0765030,1806 115.5327815,40.0765065,1806 115.5327673,40.0765097,1806 115.5327531,40.0765132,1806 115.5327369,40.0765158,1806 115.5327208,40.0765186,1806 115.5327064,40.0765215,1806 115.5326921,40.0765245,1806 115.5326788,40.0765297,1810 115.5326656,40.0765349,1810 115.5326514,40.0765414,1810 115.5326373,40.0765480,1805 115.5326238,40.0765541,1805 115.5326103,40.0765605,1805 115.5325966,40.0765644,1805 115.5325829,40.0765683,1805 115.5325738,40.0765702,1805 115.5325647,40.0765721,1805 115.5325487,40.0765760,1805 115.5325328,40.0765800,1805 115.5325164,40.0765836,1805 115.5325000,40.0765872,1805 115.5324867,40.0765890,1805 115.5324735,40.0765908,1805 115.5324601,40.0765904,1805 115.5324468,40.0765901,1805 115.5324325,40.0765881,1805 115.5324182,40.0765862,1805 115.5324047,40.0765847,1805 115.5323913,40.0765832,1805 115.5323793,40.0765831,1805 115.5323673,40.0765831,1805 115.5323570,40.0765829,1805 115.5323467,40.0765828,1805 115.5323358,40.0765833,1805 115.5323249,40.0765839,1805 115.5323131,40.0765868,1805 115.5323013,40.0765897,1805 115.5322887,40.0765954,1805 115.5322761,40.0766012,1805 115.5322656,40.0766094,1805 115.5322551,40.0766177,1805 115.5322451,40.0766274,1805 115.5322351,40.0766372,1805 115.5322231,40.0766465,1805 115.5322111,40.0766561,1805 115.5321964,40.0766642,1805 115.5321818,40.0766723,1805 115.5321667,40.0766788,1805 115.5321516,40.0766853,1805 115.5321364,40.0766907,1805 115.5321212,40.0766962,1805 115.5321053,40.0767012,1805 115.5320895,40.0767063,1805 115.5320732,40.0767099,1807 115.5320569,40.0767134,1807 115.5320417,40.0767163,1807 115.5320265,40.0767192,1807 115.5320146,40.0767193,1807 115.5320027,40.0767194,1807 115.5319911,40.0767184,1807 115.5319796,40.0767175,1807 115.5319680,40.0767157,1807 115.5319564,40.0767139,1807 115.5319451,40.0767118,1807 115.5319338,40.0767098,1807 115.5319233,40.0767097,1807 115.5319129,40.0767097,1807 115.5319031,40.0767122,1807 115.5318933,40.0767146,1807 115.5318853,40.0767210,1807 115.5318773,40.0767274,1807 115.5318722,40.0767377,1807 115.5318672,40.0767480,1807 115.5318627,40.0767594,1807 115.5318582,40.0767709,1807 115.5318532,40.0767797,1807 115.5318482,40.0767885,1807 115.5318442,40.0767963,1807 115.5318403,40.0768040,1807 115.5318352,40.0768141,1805 115.5318301,40.0768241,1805 115.5318227,40.0768344,1805 115.5318153,40.0768450,1805 115.5318077,40.0768537,1805 115.5318002,40.0768625,1810 115.5317930,40.0768705,1810 115.5317859,40.0768785,1810 115.5317790,40.0768852,1810 115.5317722,40.0768919,1810 115.5317650,40.0768978,1810 115.5317578,40.0769037,1810 115.5317466,40.0769103,1810 115.5317354,40.0769169,1810 115.5317227,40.0769244,1810 115.5317101,40.0769322,1810 115.5317021,40.0769400,1810 115.5316941,40.0769478,1810 115.5316855,40.0769566,1810 115.5316770,40.0769655,1810 115.5316704,40.0769739,1810 115.5316639,40.0769824,1810 115.5316573,40.0769918,1810 115.5316508,40.0770013,1810 115.5316441,40.0770104,1810 115.5316374,40.0770196,1810 115.5316318,40.0770270,1810 115.5316262,40.0770345,1810 115.5316196,40.0770417,1810 115.5316130,40.0770489,1810 115.5316038,40.0770557,1810 115.5315947,40.0770624,1810 115.5315848,40.0770680,1810 115.5315750,40.0770735,1810 115.5315643,40.0770781,1810 115.5315536,40.0770827,1810 115.5315413,40.0770861,1812 115.5315291,40.0770897,1812 115.5315123,40.0770939,1819 115.5314955,40.0770982,1819 115.5314770,40.0771055,1819 115.5314586,40.0771129,1819 115.5314418,40.0771199,1819 115.5314250,40.0771270,1819 115.5314080,40.0771330,1819 115.5313910,40.0771390,1819 115.5313740,40.0771460,1819 115.5313571,40.0771530,1819 115.5313431,40.0771597,1819 115.5313291,40.0771667,1819 115.5313230,40.0771726,1819 115.5313169,40.0771785,1819 115.5313109,40.0771845,1819 115.5313030,40.0771938,1819 115.5312951,40.0772032,1819 115.5312854,40.0772115,1819 115.5312758,40.0772198,1819 115.5312661,40.0772272,1819 115.5312565,40.0772348,1819 115.5312460,40.0772426,1828 115.5312355,40.0772503,1828 115.5312233,40.0772600,1828 115.5312111,40.0772696,1828 115.5311979,40.0772794,1828 115.5311847,40.0772892,1828 115.5311700,40.0772968,1828 115.5311554,40.0773044,1828 115.5311405,40.0773095,1828 115.5311256,40.0773146,1828 115.5311107,40.0773186,1828 115.5310959,40.0773226,1828 115.5310808,40.0773284,1828 115.5310658,40.0773342,1828 115.5310515,40.0773414,1828 115.5310373,40.0773485,1828 115.5310275,40.0773566,1828 115.5310177,40.0773646,1814 115.5310132,40.0773761,1814 115.5310088,40.0773875,1814 115.5310063,40.0773980,1814 115.5310038,40.0774086,1814 115.5309988,40.0774150,1814 115.5309938,40.0774215,1814 115.5309851,40.0774236,1814 115.5309764,40.0774257,1814 115.5309695,40.0774251,1826 115.5309626,40.0774246,1826 115.5309558,40.0774241,1826 115.5309464,40.0774226,1826 115.5309370,40.0774211,1826 115.5309292,40.0774203,1826 115.5309215,40.0774195,1826 115.5309170,40.0774193,1826 115.5309125,40.0774193,1826 115.5309039,40.0774183,1826 115.5308954,40.0774172,1826 115.5308860,40.0774157,1826 115.5308766,40.0774143,1826 115.5308664,40.0774165,1826 115.5308562,40.0774187,1826 115.5308404,40.0774241,1826 115.5308246,40.0774294,1826 115.5307981,40.0774363,1826 115.5307887,40.0774372,1826 115.5307794,40.0774381,1826 115.5307679,40.0774382,1826 115.5307565,40.0774384,1826 115.5307432,40.0774382,1826 115.5307299,40.0774381,1826 115.5307169,40.0774388,1826 115.5307040,40.0774396,1826 115.5306931,40.0774415,1838 115.5306823,40.0774434,1838 115.5306740,40.0774435,1838 115.5306657,40.0774436,1838 115.5306572,40.0774427,1838 115.5306488,40.0774418,1838 115.5306397,40.0774421,1838 115.5306306,40.0774423,1838 115.5306213,40.0774430,1838 115.5306120,40.0774438,1838 115.5306031,40.0774434,1838 115.5305942,40.0774430,1838 115.5305858,40.0774412,1838 115.5305774,40.0774397,1838 115.5305693,40.0774367,1838 115.5305612,40.0774337,1838 115.5305531,40.0774292,1838 115.5305451,40.0774248,1838 115.5305369,40.0774202,1838 115.5305287,40.0774157,1838 115.5305199,40.0774120,1838 115.5305111,40.0774086,1838 115.5305015,40.0774058,1838 115.5304919,40.0774031,1838 115.5304824,40.0774006,1838 115.5304729,40.0773981,1838 115.5304642,40.0773954,1838 115.5304556,40.0773928,1838 115.5304478,40.0773897,1838 115.5304401,40.0773867,1838 115.5304352,40.0773851,1838 115.5304304,40.0773835,1838 115.5304207,40.0773808,1838 115.5304111,40.0773781,1851 115.5304018,40.0773758,1851 115.5303925,40.0773735,1851 115.5303833,40.0773713,1851 115.5303742,40.0773692,1851 115.5303677,40.0773670,1851 115.5303612,40.0773649,1851 115.5303548,40.0773628,1851 115.5303464,40.0773597,1859 115.5303381,40.0773567,1859 115.5303302,40.0773536,1859 115.5303224,40.0773505,1859 115.5303135,40.0773467,1859 115.5303046,40.0773430,1859 115.5302948,40.0773377,1859 115.5302851,40.0773325,1859 115.5302743,40.0773268,1859 115.5302636,40.0773212,1859 115.5302525,40.0773150,1859 115.5302415,40.0773088,1859 115.5302311,40.0773036,1859 115.5302208,40.0772985,1859 115.5302106,40.0772967,1859 115.5302005,40.0772949,1859 115.5301920,40.0772936,1859 115.5301836,40.0772923,1859 115.5301762,40.0772896,1859 115.5301688,40.0772869,1859 115.5301623,40.0772822,1859 115.5301558,40.0772775,1859 115.5301492,40.0772707,1859 115.5301427,40.0772640,1859 115.5301356,40.0772563,1874 115.5301285,40.0772487,1874 115.5301210,40.0772415,1874 115.5301135,40.0772344,1874 115.5301054,40.0772280,1874 115.5300974,40.0772216,1874 115.5300888,40.0772169,1874 115.5300803,40.0772122,1874 115.5300727,40.0772090,1874 115.5300651,40.0772058,1874 115.5300576,40.0772035,1874 115.5300502,40.0772012,1874 115.5300454,40.0771989,1874 115.5300406,40.0771966,1874 115.5300358,40.0771943,1874 115.5300286,40.0771900,1874 115.5300214,40.0771858,1874 115.5300166,40.0771834,1874 115.5300118,40.0771811,1874 115.5300063,40.0771780,1874 115.5300009,40.0771749,1874 115.5299955,40.0771719,1874 115.5299884,40.0771676,1874 115.5299813,40.0771634,1874 115.5299732,40.0771607,1874 115.5299651,40.0771580,1874 115.5299566,40.0771564,1874 115.5299481,40.0771548,1874 115.5299383,40.0771552,1874 115.5299286,40.0771556,1874 115.5299208,40.0771565,1874 115.5299131,40.0771574,1874 115.5299054,40.0771583,1874 115.5298955,40.0771566,1874 115.5298856,40.0771548,1874 115.5298765,40.0771493,1874 115.5298675,40.0771437,1874 115.5298604,40.0771355,1886 115.5298534,40.0771273,1886 115.5298475,40.0771180,1886 115.5298416,40.0771086,1886 115.5298353,40.0770994,1886 115.5298290,40.0770901,1886 115.5298208,40.0770814,1888 115.5298127,40.0770728,1888 115.5298043,40.0770645,1888 115.5297959,40.0770562,1888 115.5297884,40.0770483,1888 115.5297809,40.0770404,1888 115.5297732,40.0770335,1888 115.5297656,40.0770266,1888 115.5297581,40.0770197,1888 115.5297507,40.0770129,1888 115.5297442,40.0770061,1888 115.5297378,40.0769993,1888 115.5297323,40.0769928,1888 115.5297269,40.0769864,1888 115.5297222,40.0769801,1888 115.5297175,40.0769739,1888 115.5297122,40.0769678,1888 115.5297070,40.0769618,1888 115.5297021,40.0769542,1888 115.5296972,40.0769466,1888 115.5296903,40.0769382,1888 115.5296835,40.0769299,1888 115.5296736,40.0769215,1888 115.5296637,40.0769131,1888 115.5296522,40.0769048,1888 115.5296407,40.0768966,1888 115.5296292,40.0768889,1888 115.5296177,40.0768812,1888 115.5296069,40.0768748,1888 115.5295961,40.0768683,1888 115.5295884,40.0768606,1888 115.5295808,40.0768529,1892 115.5295733,40.0768440,1892 115.5295658,40.0768350,1892 115.5295579,40.0768255,1892 115.5295501,40.0768159,1892 115.5295408,40.0768065,1892 115.5295316,40.0767972,1895 115.5295221,40.0767893,1895 115.5295127,40.0767814,1895 115.5295036,40.0767732,1895 115.5294945,40.0767650,1895 115.5294843,40.0767559,1895 115.5294741,40.0767469,1895 115.5294632,40.0767377,1895 115.5294523,40.0767288,1895 115.5294415,40.0767205,1895 115.5294308,40.0767122,1895 115.5294204,40.0767048,1895 115.5294100,40.0766974,1895 115.5294000,40.0766889,1895 115.5293900,40.0766804,1895 115.5293809,40.0766712,1895 115.5293719,40.0766621,1895 115.5293641,40.0766524,1895 115.5293564,40.0766428,1895 115.5293502,40.0766329,1895 115.5293441,40.0766231,1895 115.5293377,40.0766147,1895 115.5293313,40.0766064,1895 115.5293229,40.0766002,1895 115.5293146,40.0765941,1895 115.5293048,40.0765908,1894 115.5292950,40.0765876,1894 115.5292850,40.0765857,1894 115.5292750,40.0765839,1894 115.5292651,40.0765831,1894 115.5292553,40.0765823,1894 115.5292446,40.0765811,1894 115.5292339,40.0765799,1894 115.5292235,40.0765760,1894 115.5292131,40.0765722,1894 115.5292042,40.0765662,1894 115.5291953,40.0765603,1894 115.5291864,40.0765541,1894 115.5291775,40.0765480,1894 115.5291670,40.0765431,1894 115.5291565,40.0765382,1894 115.5291456,40.0765328,1894 115.5291347,40.0765275,1893 115.5291252,40.0765222,1893 115.5291157,40.0765170,1893 115.5291064,40.0765120,1893 115.5290971,40.0765070,1893 115.5290873,40.0765020,1893 115.5290776,40.0764971,1893 115.5290724,40.0764941,1893 115.5290672,40.0764911,1893 115.5290596,40.0764862,1893 115.5290521,40.0764814,1893 115.5290449,40.0764762,1893 115.5290377,40.0764711,1893 115.5290309,40.0764662,1893 115.5290242,40.0764613,1886 115.5290191,40.0764568,1886 115.5290141,40.0764526,1886 115.5290098,40.0764469,1886 115.5290056,40.0764413,1886 115.5290045,40.0764396,1886 115.5290034,40.0764380,1886 115.5290023,40.0764364,1886 115.5290012,40.0764348,1886 115.5290002,40.0764331,1886 115.5289943,40.0764274,1886 115.5289884,40.0764217,1886 115.5289809,40.0764163,1886 115.5289735,40.0764109,1886 115.5289656,40.0764065,1886 115.5289578,40.0764021,1886 115.5289491,40.0763984,1886 115.5289404,40.0763946,1886 115.5289317,40.0763915,1886 115.5289230,40.0763884,1886 115.5289149,40.0763849,1886 115.5289068,40.0763814,1886 115.5288984,40.0763778,1886 115.5288900,40.0763741,1886 115.5288817,40.0763707,1886 115.5288766,40.0763688,1886 115.5288715,40.0763670,1886 115.5288640,40.0763640,1886 115.5288565,40.0763610,1886 115.5288484,40.0763580,1886 115.5288403,40.0763551,1886 115.5288319,40.0763520,1886 115.5288236,40.0763490,1886 115.5288154,40.0763447,1886 115.5288072,40.0763404,1886 115.5288024,40.0763366,1886 115.5287976,40.0763329,1886 115.5287928,40.0763292,1886 115.5287863,40.0763245,1886 115.5287799,40.0763198,1886 115.5287730,40.0763161,1886 115.5287661,40.0763124,1886 115.5287593,40.0763092,1886 115.5287526,40.0763060,1886 115.5287468,40.0763024,1875 115.5287410,40.0762987,1875 115.5287353,40.0762951,1875 115.5287292,40.0762904,1875 115.5287232,40.0762857,1875 115.5287144,40.0762788,1875 115.5287097,40.0762758,1875 115.5287051,40.0762729,1875 115.5287005,40.0762700,1875 115.5286954,40.0762683,1875 115.5286903,40.0762667,1875 115.5286853,40.0762651,1875 115.5286768,40.0762637,1875 115.5286683,40.0762624,1875 115.5286629,40.0762619,1875 115.5286575,40.0762614,1875 115.5286484,40.0762611,1875 115.5286394,40.0762609,1875 115.5286307,40.0762611,1875 115.5286220,40.0762614,1875 115.5286126,40.0762624,1875 115.5286033,40.0762635,1875 115.5285937,40.0762651,1875 115.5285842,40.0762667,1875 115.5285748,40.0762677,1875 115.5285655,40.0762690,1875 115.5285562,40.0762694,1875 115.5285470,40.0762698,1875 115.5285382,40.0762693,1875 115.5285295,40.0762689,1875 115.5285212,40.0762674,1875 115.5285130,40.0762659,1875 115.5285048,40.0762644,1875 115.5284955,40.0762632,1875 115.5284862,40.0762620,1875 115.5284764,40.0762619,1875 115.5284666,40.0762618,1869 115.5284568,40.0762617,1869 115.5284466,40.0762611,1869 115.5284365,40.0762604,1869 115.5284271,40.0762590,1869 115.5284177,40.0762576,1869 115.5284080,40.0762553,1869 115.5283983,40.0762531,1869 115.5283892,40.0762503,1869 115.5283802,40.0762476,1870 115.5283726,40.0762454,1870 115.5283651,40.0762432,1870 115.5283606,40.0762419,1870 115.5283561,40.0762406,1870 115.5283517,40.0762394,1870 115.5283484,40.0762379,1870 115.5283436,40.0762376,1870 115.5283388,40.0762372,1870 115.5283322,40.0762358,1870 115.5283257,40.0762345,1870 115.5283191,40.0762329,1870 115.5283125,40.0762313,1870 115.5283059,40.0762294,1870 115.5282993,40.0762275,1870 115.5282928,40.0762238,1870 115.5282863,40.0762201,1870 115.5282790,40.0762159,1870 115.5282717,40.0762117,1870 115.5282646,40.0762074,1870 115.5282575,40.0762032,1870 115.5282500,40.0761978,1870 115.5282425,40.0761923,1870 115.5282283,40.0761780,1870 115.5282223,40.0761728,1870 115.5282163,40.0761677,1870 115.5282122,40.0761652,1870 115.5282082,40.0761627,1870 115.5282009,40.0761597,1870 115.5281936,40.0761567,1863 115.5281869,40.0761536,1863 115.5281803,40.0761506,1863 115.5281734,40.0761479,1863 115.5281666,40.0761452,1863 115.5281571,40.0761440,1863 115.5281477,40.0761428,1863 115.5281413,40.0761420,1863 115.5281349,40.0761413,1863 115.5281243,40.0761396,1863 115.5281137,40.0761380,1863 115.5281036,40.0761351,1863 115.5280935,40.0761322,1863 115.5280839,40.0761297,1863 115.5280744,40.0761272,1863 115.5280648,40.0761249,1863 115.5280552,40.0761226,1863 115.5280457,40.0761191,1863 115.5280362,40.0761157,1863 115.5280265,40.0761115,1863 115.5280169,40.0761074,1863 115.5280076,40.0761037,1863 115.5279984,40.0761001,1863 115.5279901,40.0760969,1863 115.5279818,40.0760938,1863 115.5279738,40.0760919,1863 115.5279658,40.0760901,1863 115.5279574,40.0760889,1863 115.5279490,40.0760878,1863 115.5279399,40.0760851,1863 115.5279308,40.0760824,1863 115.5279223,40.0760782,1863 115.5279139,40.0760741,1856 115.5279047,40.0760685,1856 115.5278955,40.0760628,1856 115.5278886,40.0760580,1856 115.5278817,40.0760531,1856 115.5278749,40.0760484,1856 115.5278658,40.0760415,1856 115.5278568,40.0760346,1856 115.5278477,40.0760287,1856 115.5278387,40.0760229,1856 115.5278301,40.0760178,1856 115.5278215,40.0760127,1856 115.5278121,40.0760078,1856 115.5278028,40.0760030,1856 115.5277922,40.0759977,1856 115.5277816,40.0759925,1856 115.5277721,40.0759877,1856 115.5277627,40.0759829,1856 115.5277532,40.0759788,1856 115.5277437,40.0759748,1856 115.5277339,40.0759701,1853 115.5277242,40.0759654,1853 115.5277147,40.0759601,1853 115.5277052,40.0759548,1853 115.5276962,40.0759495,1853 115.5276873,40.0759443,1853 115.5276775,40.0759392,1853 115.5276678,40.0759341,1853 115.5276571,40.0759296,1853 115.5276464,40.0759252,1853 115.5276342,40.0759211,1848 115.5276221,40.0759171,1848 115.5276093,40.0759122,1848 115.5275966,40.0759074,1848 115.5275838,40.0759020,1848 115.5275710,40.0758966,1848 115.5275593,40.0758912,1848 115.5275476,40.0758859,1848 115.5275372,40.0758802,1848 115.5275269,40.0758745,1848 115.5275161,40.0758670,1848 115.5275054,40.0758596,1848 115.5274954,40.0758515,1848 115.5274854,40.0758435,1848 115.5274752,40.0758342,1848 115.5274651,40.0758249,1848 115.5274549,40.0758153,1848 115.5274447,40.0758058,1848 115.5274361,40.0757977,1848 115.5274275,40.0757898,1848 115.5274191,40.0757821,1848 115.5274107,40.0757744,1848 115.5274024,40.0757682,1848 115.5273942,40.0757620,1848 115.5273862,40.0757573,1848 115.5273782,40.0757526,1848 115.5273705,40.0757479,1848 115.5273629,40.0757432,1848 115.5273543,40.0757384,1842 115.5273458,40.0757336,1842 115.5273359,40.0757287,1842 115.5273261,40.0757239,1842 115.5273161,40.0757199,1842 115.5273061,40.0757161,1842 115.5272956,40.0757120,1842 115.5272851,40.0757082,1842 115.5272751,40.0757032,1842 115.5272651,40.0756983,1842 115.5272552,40.0756915,1844 115.5272454,40.0756848,1844 115.5272358,40.0756776,1844 115.5272263,40.0756705,1844 115.5272153,40.0756648,1844 115.5272044,40.0756591,1844 115.5271938,40.0756542,1844 115.5271832,40.0756495,1844 115.5271720,40.0756454,1844 115.5271608,40.0756414,1844 115.5271494,40.0756378,1844 115.5271381,40.0756342,1844 115.5271278,40.0756305,1844 115.5271175,40.0756270,1844 115.5271064,40.0756228,1844 115.5270954,40.0756186,1844 115.5270847,40.0756141,1844 115.5270741,40.0756097,1835 115.5270628,40.0756047,1835 115.5270515,40.0755997,1835 115.5270396,40.0755958,1835 115.5270277,40.0755919,1835 115.5270156,40.0755887,1835 115.5270036,40.0755855,1835 115.5269919,40.0755820,1835 115.5269803,40.0755784,1835 115.5269684,40.0755739,1835 115.5269565,40.0755694,1835 115.5269449,40.0755650,1835 115.5269334,40.0755606,1835 115.5269217,40.0755582,1835 115.5269101,40.0755557,1835 115.5268985,40.0755561,1835 115.5268869,40.0755564,1835 115.5268761,40.0755589,1835 115.5268654,40.0755614,1835 115.5268543,40.0755641,1835 115.5268433,40.0755669,1835 115.5268313,40.0755674,1835 115.5268194,40.0755679,1835 115.5268072,40.0755663,1835 115.5267950,40.0755648,1831 115.5267820,40.0755636,1831 115.5267691,40.0755624,1831 115.5267556,40.0755621,1831 115.5267421,40.0755618,1831 115.5267273,40.0755616,1831 115.5267125,40.0755615,1831 115.5266973,40.0755610,1831 115.5266822,40.0755606,1831 115.5266684,40.0755599,1831 115.5266546,40.0755593,1831 115.5266415,40.0755589,1831 115.5266284,40.0755585,1831 115.5266154,40.0755589,1831 115.5266024,40.0755593,1831 115.5265885,40.0755591,1831 115.5265747,40.0755589,1831 115.5265600,40.0755586,1831 115.5265454,40.0755584,1831 115.5265299,40.0755578,1831 115.5265144,40.0755572,1831 115.5264988,40.0755570,1831 115.5264833,40.0755569,1831 115.5264679,40.0755580,1831 115.5264525,40.0755591,1831 115.5264364,40.0755586,1831 115.5264203,40.0755581,1831 115.5264051,40.0755551,1831 115.5263900,40.0755524,1831 115.5263760,40.0755501,1831 115.5263621,40.0755478,1831 115.5263474,40.0755443,1831 115.5263327,40.0755409,1831 115.5263181,40.0755375,1831 115.5263035,40.0755341,1831 115.5262875,40.0755324,1831 115.5262716,40.0755307,1831 115.5262556,40.0755296,1831 115.5262397,40.0755285,1825 115.5262247,40.0755263,1825 115.5262098,40.0755241,1825 115.5261942,40.0755212,1825 115.5261787,40.0755182,1825 115.5261616,40.0755149,1825 115.5261445,40.0755116,1825 115.5261274,40.0755076,1825 115.5261103,40.0755036,1825 115.5260950,40.0754997,1825 115.5260797,40.0754959,1825 115.5260655,40.0754924,1825 115.5260514,40.0754889,1825 115.5260374,40.0754858,1825 115.5260234,40.0754829,1825 115.5260097,40.0754808,1825 115.5259961,40.0754788,1825 115.5259818,40.0754759,1825 115.5259675,40.0754731,1817 115.5259526,40.0754694,1817 115.5259378,40.0754660,1817 115.5259228,40.0754621,1817 115.5259078,40.0754584,1817 115.5258927,40.0754536,1817 115.5258776,40.0754489,1817 115.5258616,40.0754434,1817 115.5258457,40.0754380,1817 115.5258303,40.0754326,1817 115.5258150,40.0754272,1817 115.5257998,40.0754222,1817 115.5257847,40.0754171,1817 115.5257707,40.0754128,1814 115.5257567,40.0754085,1814 115.5257426,40.0754053,1814 115.5257285,40.0754022,1814 115.5257154,40.0754005,1814 115.5257023,40.0753989,1814 115.5256905,40.0753993,1804 115.5256788,40.0753998,1804 115.5256676,40.0754021,1804 115.5256564,40.0754043,1804 115.5256469,40.0754077,1804 115.5256374,40.0754110,1804 115.5256283,40.0754146,1804 115.5256192,40.0754182,1810 115.5256093,40.0754209,1810 115.5255995,40.0754236,1810 115.5255888,40.0754259,1810 115.5255782,40.0754282,1810 115.5255669,40.0754302,1810 115.5255557,40.0754323,1810 115.5255445,40.0754338,1810 115.5255334,40.0754353,1810 115.5255213,40.0754366,1810 115.5255092,40.0754380,1810 115.5254967,40.0754385,1810 115.5254843,40.0754390,1810 115.5254726,40.0754381,1810 115.5254609,40.0754373,1810 115.5254500,40.0754361,1810 115.5254392,40.0754350,1810 115.5254275,40.0754340,1810 115.5254158,40.0754331,1805 115.5254029,40.0754319,1805 115.5253901,40.0754308,1805 115.5253757,40.0754295,1805 115.5253613,40.0754283,1805 115.5253465,40.0754276,1805 115.5253318,40.0754268,1805 115.5253179,40.0754267,1805 115.5253040,40.0754266,1805 115.5252907,40.0754252,1805 115.5252774,40.0754238,1805 115.5252660,40.0754201,1805 115.5252547,40.0754163,1796 115.5252431,40.0754131,1796 115.5252315,40.0754100,1796 115.5252198,40.0754088,1796 115.5252082,40.0754077,1796 115.5251972,40.0754064,1796 115.5251862,40.0754051,1796 115.5251733,40.0754043,1796 115.5251604,40.0754037,1796 115.5251470,40.0754042,1796 115.5251336,40.0754047,1788 115.5251200,40.0754058,1788 115.5251065,40.0754069,1788 115.5250934,40.0754086,1788 115.5250803,40.0754103,1788 115.5250658,40.0754116,1788 115.5250513,40.0754131,1788 115.5250366,40.0754141,1788 115.5250219,40.0754152,1788 115.5250083,40.0754158,1788 115.5249948,40.0754165,1788 115.5249824,40.0754181,1803 115.5249700,40.0754197,1803 115.5249583,40.0754212,1803 115.5249467,40.0754227,1803 115.5249342,40.0754237,1803 115.5249217,40.0754248,1803 115.5249101,40.0754240,1803 115.5248985,40.0754233,1803 115.5248854,40.0754234,1803 115.5248723,40.0754236,1803 115.5248565,40.0754260,1802 115.5248407,40.0754284,1802 115.5248253,40.0754296,1802 115.5248100,40.0754309,1802 115.5247951,40.0754314,1802 115.5247802,40.0754319,1802 115.5247666,40.0754299,1802 115.5247530,40.0754280,1802 115.5247396,40.0754253,1802 115.5247262,40.0754226,1802 115.5247149,40.0754208,1802 115.5247037,40.0754189,1802 115.5246938,40.0754174,1802 115.5246839,40.0754158,1785 115.5246746,40.0754154,1785 115.5246654,40.0754151,1785 115.5246563,40.0754156,1785 115.5246472,40.0754161,1785 115.5246369,40.0754160,1785 115.5246267,40.0754159,1785 115.5246151,40.0754171,1802 115.5246035,40.0754185,1802 115.5245914,40.0754213,1802 115.5245793,40.0754242,1802 115.5245664,40.0754265,1802 115.5245536,40.0754289,1802 115.5245405,40.0754296,1802 115.5245274,40.0754304,1802 115.5245148,40.0754302,1802 115.5245023,40.0754301,1802 115.5244904,40.0754289,1802 115.5244785,40.0754277,1802 115.5244677,40.0754250,1802 115.5244569,40.0754226,1802 115.5244467,40.0754203,1802 115.5244365,40.0754181,1802 115.5244269,40.0754171,1802 115.5244173,40.0754164,1785 115.5244086,40.0754169,1802 115.5243999,40.0754175,1802 115.5243900,40.0754185,1802 115.5243802,40.0754195,1802 115.5243684,40.0754194,1802 115.5243567,40.0754193,1802 115.5243441,40.0754179,1802 115.5243316,40.0754165,1785 115.5243189,40.0754155,1785 115.5243062,40.0754146,1785 115.5242944,40.0754139,1789 115.5242826,40.0754132,1789 115.5242706,40.0754124,1789 115.5242586,40.0754116,1789 115.5242451,40.0754116,1789 115.5242317,40.0754119,1789 115.5242199,40.0754125,1789 115.5242081,40.0754132,1789 115.5241969,40.0754148,1789 115.5241858,40.0754164,1789 115.5241733,40.0754183,1802 115.5241608,40.0754202,1802 115.5241474,40.0754216,1802 115.5241341,40.0754231,1802 115.5241191,40.0754238,1802 115.5241041,40.0754246,1802 115.5240883,40.0754249,1802 115.5240725,40.0754253,1802 115.5240574,40.0754258,1802 115.5240423,40.0754264,1802 115.5240276,40.0754272,1803 115.5240130,40.0754280,1803 115.5239993,40.0754283,1803 115.5239856,40.0754287,1803 115.5239721,40.0754284,1803 115.5239587,40.0754282,1803 115.5239444,40.0754280,1803 115.5239301,40.0754279,1803 115.5239137,40.0754290,1803 115.5238973,40.0754301,1803 115.5238802,40.0754326,1803 115.5238631,40.0754351,1803 115.5238465,40.0754385,1803 115.5238300,40.0754420,1803 115.5238151,40.0754457,1803 115.5238003,40.0754493,1803 115.5237852,40.0754529,1803 115.5237702,40.0754565,1803 115.5237537,40.0754594,1803 115.5237372,40.0754624,1805 115.5237196,40.0754651,1805 115.5237020,40.0754678,1805 115.5236825,40.0754712,1805 115.5236630,40.0754747,1805 115.5236408,40.0754818,1805 115.5236186,40.0754890,1805 115.5235948,40.0755016,1805 115.5235711,40.0755144,1805 115.5235466,40.0755304,1805 115.5235222,40.0755464,1805 115.5234971,40.0755624,1805 115.5234721,40.0755786,1810 115.5234473,40.0755920,1810 115.5234225,40.0756054,1810 115.5233973,40.0756161,1810 115.5233722,40.0756269,1810 115.5233456,40.0756359,1810 115.5233190,40.0756450,1810 115.5232904,40.0756542,1810 115.5232618,40.0756636,1810 115.5232343,40.0756749,1810 115.5232068,40.0756865,1810 115.5231808,40.0756986,1806 115.5231548,40.0757109,1806 115.5231291,40.0757231,1806 115.5231034,40.0757353,1806 115.5230762,40.0757468,1806 115.5230491,40.0757584,1806 115.5230218,40.0757688,1806 115.5229945,40.0757792,1806 115.5229682,40.0757878,1806 115.5229420,40.0757964,1806 115.5229157,40.0758048,1817 115.5228895,40.0758132,1817 115.5228622,40.0758211,1817 115.5228349,40.0758290,1817 115.5228086,40.0758386,1817 115.5227823,40.0758482,1817 115.5227574,40.0758606,1817 115.5227326,40.0758730,1817 115.5227072,40.0758862,1817 115.5226819,40.0758995,1817 115.5226551,40.0759119,1817 115.5226284,40.0759244,1823 115.5226013,40.0759339,1823 115.5225742,40.0759436,1823 115.5225471,40.0759523,1823 115.5225200,40.0759611,1823 115.5224932,40.0759703,1823 115.5224665,40.0759795,1806 115.5224398,40.0759894,1806 115.5224131,40.0759993,1806 115.5223876,40.0760104,1806 115.5223622,40.0760216,1806 115.5223379,40.0760352,1811 115.5223136,40.0760488,1811 115.5222888,40.0760622,1811 115.5222641,40.0760756,1811 115.5222369,40.0760859,1811 115.5222097,40.0760965,1811 115.5221817,40.0761055,1811 115.5221538,40.0761145,1811 115.5221260,40.0761259,1811 115.5220983,40.0761373,1811 115.5220703,40.0761498,1811 115.5220424,40.0761624,1811 115.5220141,40.0761735,1811 115.5219858,40.0761846,1811 115.5219596,40.0761923,1811 115.5219335,40.0762001,1811 115.5219116,40.0762015,1811 115.5218897,40.0762030,1811 115.5218715,40.0761983,1811 115.5218533,40.0761937,1811 115.5218357,40.0761855,1811 115.5218182,40.0761774,1811 115.5218011,40.0761686,1819 115.5217841,40.0761598,1819 115.5217672,40.0761520,1819 115.5217504,40.0761442,1819 115.5217345,40.0761378,1819 115.5217187,40.0761315,1819 115.5217033,40.0761256,1819 115.5216879,40.0761197,1819 115.5216718,40.0761131,1819 115.5216558,40.0761065,1819 115.5216392,40.0760981,1819 115.5216226,40.0760897,1819 115.5216068,40.0760796,1819 115.5215911,40.0760695,1819 115.5215763,40.0760600,1819 115.5215615,40.0760505,1819 115.5215486,40.0760411,1819 115.5215358,40.0760317,1819 115.5215231,40.0760250,1816 115.5215105,40.0760183,1816 115.5214965,40.0760120,1816 115.5214826,40.0760058,1816 115.5214688,40.0759971,1816 115.5214551,40.0759884,1816 115.5214403,40.0759769,1816 115.5214256,40.0759654,1827 115.5214069,40.0759538,1827 115.5213883,40.0759422,1827 115.5213648,40.0759306,1827 115.5213413,40.0759191,1827 115.5213145,40.0759041,1827 115.5212877,40.0758893,1827 115.5212622,40.0758713,1827 115.5212368,40.0758534,1819 115.5212141,40.0758352,1819 115.5211915,40.0758170,1819 115.5211737,40.0758029,1819 115.5211560,40.0757889,1819 115.5211406,40.0757800,1819 115.5211252,40.0757711,1819 115.5211104,40.0757638,1819 115.5210957,40.0757565,1819 115.5210795,40.0757492,1819 115.5210634,40.0757420,1819 115.5210473,40.0757348,1819 115.5210283,40.0757271,1819 115.5210093,40.0757195,1819 115.5209899,40.0757134,1819 115.5209706,40.0757073,1810 115.5209517,40.0756997,1810 115.5209328,40.0756922,1831 115.5209177,40.0756825,1831 115.5209027,40.0756728,1831 115.5208877,40.0756632,1831 115.5208740,40.0756530,1831 115.5208603,40.0756429,1831 115.5208456,40.0756348,1831 115.5208310,40.0756267,1831 115.5208164,40.0756186,1831 115.5207973,40.0756119,1831 115.5207782,40.0756053,1831 115.5207550,40.0755981,1831 115.5207319,40.0755909,1831 115.5207056,40.0755804,1831 115.5206793,40.0755700,1827 115.5206532,40.0755602,1827 115.5206272,40.0755504,1827 115.5206013,40.0755433,1827 115.5205754,40.0755362,1827 115.5205499,40.0755290,1827 115.5205244,40.0755218,1827 115.5205002,40.0755135,1827 115.5204761,40.0755052,1827 115.5204520,40.0754970,1827 115.5204270,40.0754885,1827 115.5204020,40.0754801,1825 115.5203799,40.0754724,1825 115.5203578,40.0754648,1825 115.5203387,40.0754595,1825 115.5203196,40.0754542,1825 115.5203027,40.0754507,1825 115.5202858,40.0754471,1825 115.5202675,40.0754435,1825 115.5202492,40.0754399,1825 115.5202301,40.0754349,1825 115.5202110,40.0754299,1825 115.5201920,40.0754242,1825 115.5201731,40.0754186,1825 115.5201529,40.0754139,1842 115.5201327,40.0754092,1836 115.5201126,40.0754047,1836 115.5200914,40.0754037,1836 115.5200703,40.0754027,1836 115.5200492,40.0754017,1836 115.5200253,40.0754037,1836 115.5200015,40.0754057,1836 115.5199751,40.0754057,1836 115.5199487,40.0754058,1836 115.5199209,40.0754036,1836 115.5198932,40.0754015,1836 115.5198651,40.0753981,1836 115.5198371,40.0753948,1831 115.5198093,40.0753934,1831 115.5197815,40.0753920,1831 115.5197536,40.0753937,1831 115.5197258,40.0753955,1831 115.5196980,40.0753973,1831 115.5196704,40.0753970,1831 115.5196429,40.0753967,1831 115.5196179,40.0753933,1831 115.5195929,40.0753900,1831 115.5195729,40.0753859,1835 115.5195530,40.0753818,1835 115.5195377,40.0753794,1835 115.5195225,40.0753769,1835 115.5195078,40.0753800,1835 115.5194931,40.0753833,1835 115.5194766,40.0753893,1835 115.5194602,40.0753954,1835 115.5194419,40.0754011,1835 115.5194236,40.0754068,1835 115.5194038,40.0754118,1835 115.5193841,40.0754169,1822 115.5193637,40.0754226,1822 115.5193433,40.0754283,1822 115.5193231,40.0754347,1822 115.5193030,40.0754413,1827 115.5192838,40.0754484,1827 115.5192646,40.0754556,1827 115.5192466,40.0754616,1827 115.5192286,40.0754676,1827 115.5192105,40.0754738,1827 115.5191924,40.0754801,1827 115.5191744,40.0754864,1827 115.5191568,40.0754925,1827 115.5191392,40.0754989,1827 115.5191217,40.0755034,1827 115.5191042,40.0755079,1827 115.5190866,40.0755128,1827 115.5190691,40.0755178,1827 115.5190516,40.0755228,1827 115.5190319,40.0755301,1827 115.5190123,40.0755374,1836 115.5189916,40.0755466,1836 115.5189710,40.0755560,1836 115.5189495,40.0755681,1836 115.5189280,40.0755802,1836 115.5189041,40.0755937,1836 115.5188802,40.0756073,1836 115.5188552,40.0756207,1836 115.5188303,40.0756342,1836 115.5188041,40.0756459,1836 115.5187780,40.0756577,1836 115.5187502,40.0756663,1836 115.5187225,40.0756749,1839 115.5186943,40.0756830,1839 115.5186662,40.0756911,1839 115.5186409,40.0756996,1828 115.5186157,40.0757082,1828 115.5185937,40.0757172,1828 115.5185717,40.0757262,1828 115.5185507,40.0757325,1828 115.5185298,40.0757389,1828 115.5185102,40.0757452,1828 115.5184906,40.0757515,1828 115.5184704,40.0757603,1831 115.5184502,40.0757691,1831 115.5184299,40.0757801,1831 115.5184096,40.0757914,1831 115.5183880,40.0758032,1831 115.5183664,40.0758152,1831 115.5183440,40.0758281,1831 115.5183217,40.0758411,1831 115.5183002,40.0758543,1831 115.5182788,40.0758676,1831 115.5182583,40.0758804,1831 115.5182378,40.0758934,1831 115.5182187,40.0759072,1831 115.5181996,40.0759210,1831 115.5181829,40.0759353,1833 115.5181662,40.0759497,1833 115.5181489,40.0759614,1833 115.5181316,40.0759732,1828 115.5181137,40.0759821,1828 115.5180958,40.0759911,1828 115.5180774,40.0759969,1828 115.5180591,40.0760028,1828 115.5180408,40.0760026,1828 115.5180225,40.0760026,1828 115.5180038,40.0759957,1828 115.5179851,40.0759888,1828 115.5179687,40.0759808,1828 115.5179523,40.0759728,1828 115.5179370,40.0759665,1833 115.5179217,40.0759602,1833 115.5179082,40.0759520,1834 115.5178948,40.0759438,1834 115.5178845,40.0759327,1834 115.5178742,40.0759218,1834 115.5178670,40.0759102,1834 115.5178598,40.0758988,1834 115.5178539,40.0758870,1834 115.5178480,40.0758753,1834 115.5178428,40.0758632,1834 115.5178377,40.0758512,1834 115.5178339,40.0758396,1834 115.5178302,40.0758280,1834 115.5178270,40.0758165,1834 115.5178239,40.0758050,1834 115.5178224,40.0757936,1834 115.5178210,40.0757823,1834 115.5178199,40.0757694,1834 115.5178189,40.0757565,1834 115.5178186,40.0757426,1834 115.5178184,40.0757288,1834 115.5178180,40.0757138,1834 115.5178177,40.0756989,1834 115.5178182,40.0756830,1833 115.5178188,40.0756670,1833 115.5178194,40.0756508,1833 115.5178201,40.0756345,1833 115.5178203,40.0756179,1833 115.5178206,40.0756013,1833 115.5178213,40.0755836,1833 115.5178220,40.0755658,1833 115.5178256,40.0755481,1833 115.5178292,40.0755304,1833 115.5178337,40.0755144,1833 115.5178382,40.0754984,1833 115.5178413,40.0754841,1833 115.5178445,40.0754698,1833 115.5178470,40.0754571,1833 115.5178495,40.0754444,1833 115.5178500,40.0754326,1833 115.5178506,40.0754209,1833 115.5178503,40.0754091,1831 115.5178501,40.0753973,1831 115.5178490,40.0753848,1831 115.5178480,40.0753723,1831 115.5178459,40.0753591,1831 115.5178439,40.0753460,1831 115.5178414,40.0753328,1831 115.5178390,40.0753196,1831 115.5178360,40.0753051,1831 115.5178331,40.0752906,1831 115.5178297,40.0752751,1831 115.5178263,40.0752596,1831 115.5178229,40.0752436,1831 115.5178195,40.0752276,1831 115.5178163,40.0752115,1831 115.5178131,40.0751955,1831 115.5178089,40.0751794,1831 115.5178047,40.0751633,1831 115.5177989,40.0751481,1831 115.5177932,40.0751330,1839 115.5177868,40.0751179,1839 115.5177805,40.0751029,1839 115.5177742,40.0750879,1839 115.5177680,40.0750729,1839 115.5177610,40.0750584,1839 115.5177541,40.0750440,1839 115.5177469,40.0750313,1839 115.5177398,40.0750187,1839 115.5177326,40.0750075,1839 115.5177255,40.0749963,1839 115.5177178,40.0749850,1839 115.5177101,40.0749738,1839 115.5177008,40.0749619,1839 115.5176915,40.0749500,1839 115.5176820,40.0749369,1839 115.5176726,40.0749238,1839 115.5176643,40.0749100,1839 115.5176560,40.0748962,1839 115.5176488,40.0748821,1839 115.5176417,40.0748681,1839 115.5176347,40.0748549,1828 115.5176277,40.0748417,1828 115.5176201,40.0748304,1828 115.5176126,40.0748191,1828 115.5176053,40.0748084,1828 115.5175980,40.0747978,1828 115.5175909,40.0747867,1828 115.5175838,40.0747756,1828 115.5175761,40.0747628,1828 115.5175685,40.0747501,1828 115.5175602,40.0747360,1828 115.5175519,40.0747219,1828 115.5175428,40.0747074,1828 115.5175337,40.0746930,1828 115.5175249,40.0746807,1828 115.5175161,40.0746684,1828 115.5175080,40.0746579,1828 115.5174999,40.0746475,1828 115.5174929,40.0746376,1828 115.5174860,40.0746280,1828 115.5174806,40.0746186,1828 115.5174752,40.0746092,1828 115.5174706,40.0745998,1828 115.5174660,40.0745904,1828 115.5174628,40.0745823,1832 115.5174596,40.0745743,1832 115.5174565,40.0745663,1832 115.5174518,40.0745524,1832 115.5174472,40.0745385,1832 115.5174409,40.0745238,1832 115.5174347,40.0745092,1832 115.5174259,40.0744952,1832 115.5174172,40.0744812,1832 115.5174073,40.0744677,1832 115.5173974,40.0744543,1832 115.5173870,40.0744428,1832 115.5173766,40.0744314,1832 115.5173655,40.0744217,1832 115.5173545,40.0744121,1821 115.5173427,40.0744038,1821 115.5173309,40.0743956,1821 115.5173179,40.0743870,1821 115.5173050,40.0743784,1821 115.5172928,40.0743677,1821 115.5172806,40.0743571,1821 115.5172702,40.0743452,1821 115.5172599,40.0743334,1821 115.5172503,40.0743207,1821 115.5172408,40.0743081,1821 115.5172333,40.0742930,1825 115.5172259,40.0742780,1825 115.5172192,40.0742613,1825 115.5172125,40.0742447,1825 115.5172055,40.0742292,1825 115.5171986,40.0742137,1825 115.5171935,40.0741996,1825 115.5171884,40.0741855,1825 115.5171844,40.0741730,1825 115.5171804,40.0741605,1825 115.5171762,40.0741485,1825 115.5171720,40.0741365,1825 115.5171673,40.0741234,1825 115.5171626,40.0741104,1825 115.5171559,40.0740977,1825 115.5171493,40.0740849,1825 115.5171389,40.0740738,1825 115.5171286,40.0740626,1825 115.5171171,40.0740533,1825 115.5171056,40.0740440,1825 115.5170946,40.0740359,1825 115.5170837,40.0740278,1825 115.5170718,40.0740199,1825 115.5170600,40.0740120,1825 115.5170462,40.0740050,1825 115.5170325,40.0739980,1825 115.5170179,40.0739906,1825 115.5170034,40.0739833,1825 115.5169880,40.0739764,1825 115.5169727,40.0739694,1825 115.5169570,40.0739631,1825 115.5169414,40.0739568,1825 115.5169261,40.0739511,1825 115.5169108,40.0739454,1825 115.5168940,40.0739400,1825 115.5168773,40.0739346,1825 115.5168595,40.0739281,1825 115.5168417,40.0739216,1825 115.5168200,40.0739140,1825 115.5167984,40.0739065,1824 115.5167726,40.0738986,1824 115.5167468,40.0738908,1824 115.5167207,40.0738843,1824 115.5166946,40.0738779,1824 115.5166719,40.0738727,1824 115.5166493,40.0738677,1824 115.5166309,40.0738642,1824 115.5166125,40.0738607,1824 115.5165972,40.0738569,1824 115.5165820,40.0738534,1824 115.5165672,40.0738474,1824 115.5165524,40.0738414,1824 115.5165371,40.0738326,1824 115.5165218,40.0738239,1823 115.5165051,40.0738135,1823 115.5164884,40.0738032,1823 115.5164703,40.0737927,1823 115.5164523,40.0737823,1823 115.5164334,40.0737735,1823 115.5164145,40.0737647,1823 115.5163946,40.0737569,1823 115.5163747,40.0737491,1831 115.5163542,40.0737413,1831 115.5163338,40.0737335,1831 115.5163118,40.0737262,1831 115.5162899,40.0737189,1831 115.5162657,40.0737124,1831 115.5162415,40.0737058,1828 115.5162151,40.0737003,1828 115.5161887,40.0736949,1828 115.5161603,40.0736889,1828 115.5161319,40.0736830,1828 115.5161036,40.0736757,1828 115.5160754,40.0736684,1828 115.5160474,40.0736610,1828 115.5160194,40.0736537,1828 115.5159902,40.0736477,1828 115.5159611,40.0736418,1825 115.5159316,40.0736383,1825 115.5159022,40.0736349,1825 115.5158729,40.0736327,1825 115.5158437,40.0736305,1825 115.5158144,40.0736288,1825 115.5157851,40.0736271,1825 115.5157558,40.0736265,1825 115.5157266,40.0736260,1825 115.5156970,40.0736258,1825 115.5156674,40.0736257,1823 115.5156388,40.0736251,1823 115.5156103,40.0736246,1823 115.5155829,40.0736228,1823 115.5155555,40.0736213,1823 115.5155285,40.0736179,1823 115.5155015,40.0736145,1823 115.5154749,40.0736084,1823 115.5154484,40.0736023,1823 115.5154216,40.0735935,1823 115.5153949,40.0735848,1822 115.5153678,40.0735754,1822 115.5153408,40.0735663,1822 115.5153139,40.0735568,1822 115.5152870,40.0735474,1822 115.5152603,40.0735371,1822 115.5152337,40.0735268,1822 115.5152075,40.0735169,1822 115.5151814,40.0735070,1822 115.5151569,40.0734991,1822 115.5151325,40.0734913,1818 115.5151112,40.0734856,1818 115.5150899,40.0734800,1818 115.5150708,40.0734771,1818 115.5150518,40.0734743,1818 115.5150326,40.0734727,1818 115.5150135,40.0734711,1827 115.5149949,40.0734690,1827 115.5149763,40.0734672,1827 115.5149586,40.0734644,1827 115.5149409,40.0734616,1827 115.5149245,40.0734565,1827 115.5149082,40.0734515,1827 115.5148934,40.0734447,1827 115.5148786,40.0734379,1827 115.5148658,40.0734324,1827 115.5148530,40.0734269,1821 115.5148402,40.0734211,1821 115.5148275,40.0734154,1821 115.5148154,40.0734084,1821 115.5148034,40.0734014,1821 115.5147918,40.0733921,1821 115.5147803,40.0733829,1821 115.5147699,40.0733723,1821 115.5147596,40.0733618,1821 115.5147510,40.0733504,1821 115.5147425,40.0733392,1821 115.5147364,40.0733269,1821 115.5147304,40.0733146,1821 115.5147257,40.0733024,1821 115.5147211,40.0732902,1821 115.5147178,40.0732786,1821 115.5147145,40.0732671,1821 115.5147120,40.0732557,1821 115.5147095,40.0732443,1821 115.5147080,40.0732321,1821 115.5147066,40.0732200,1821 115.5147089,40.0732079,1821 115.5147113,40.0731958,1821 115.5147176,40.0731841,1830 115.5147239,40.0731724,1830 115.5147315,40.0731616,1830 115.5147392,40.0731509,1830 115.5147446,40.0731398,1830 115.5147500,40.0731288,1830 115.5147531,40.0731175,1830 115.5147562,40.0731062,1830 115.5147575,40.0730944,1830 115.5147588,40.0730827,1830 115.5147582,40.0730718,1830 115.5147577,40.0730609,1830 115.5147565,40.0730502,1830 115.5147553,40.0730395,1830 115.5147542,40.0730289,1830 115.5147517,40.0730171,1830 115.5147492,40.0730054,1830 115.5147460,40.0729929,1830 115.5147429,40.0729806,1830 115.5147389,40.0729685,1830 115.5147349,40.0729564,1830 115.5147302,40.0729452,1830 115.5147256,40.0729339,1830 115.5147210,40.0729225,1830 115.5147165,40.0729110,1832 115.5147104,40.0728992,1832 115.5147043,40.0728875,1832 115.5146982,40.0728774,1832 115.5146922,40.0728673,1832 115.5146865,40.0728604,1832 115.5146808,40.0728535,1832 115.5146752,40.0728467,1832 115.5146717,40.0728427,1832 115.5146682,40.0728388,1832 115.5146612,40.0728304,1832 115.5146542,40.0728221,1832 115.5146460,40.0728111,1832 115.5146378,40.0728002,1832 115.5146304,40.0727877,1832 115.5146230,40.0727753,1832 115.5146168,40.0727618,1832 115.5146106,40.0727484,1832 115.5146045,40.0727350,1832 115.5145985,40.0727224,1832 115.5145926,40.0727098,1832 115.5145864,40.0726990,1832 115.5145803,40.0726883,1820 115.5145735,40.0726783,1820 115.5145668,40.0726684,1820 115.5145604,40.0726566,1820 115.5145540,40.0726448,1820 115.5145486,40.0726311,1815 115.5145433,40.0726177,1815 115.5145394,40.0726045,1815 115.5145356,40.0725913,1815 115.5145322,40.0725789,1815 115.5145289,40.0725665,1815 115.5145246,40.0725549,1815 115.5145203,40.0725433,1815 115.5145148,40.0725314,1815 115.5145094,40.0725197,1815 115.5145042,40.0725077,1815 115.5144990,40.0724957,1815 115.5144941,40.0724836,1815 115.5144893,40.0724716,1815 115.5144849,40.0724593,1815 115.5144805,40.0724471,1815 115.5144758,40.0724354,1815 115.5144712,40.0724238,1815 115.5144667,40.0724124,1815 115.5144623,40.0724011,1815 115.5144581,40.0723902,1815 115.5144540,40.0723793,1815 115.5144502,40.0723676,1815 115.5144465,40.0723560,1810 115.5144436,40.0723440,1810 115.5144407,40.0723320,1810 115.5144401,40.0723204,1810 115.5144395,40.0723088,1810 115.5144416,40.0722982,1810 115.5144437,40.0722876,1810 115.5144485,40.0722769,1810 115.5144534,40.0722663,1810 115.5144597,40.0722550,1810 115.5144660,40.0722438,1810 115.5144721,40.0722321,1810 115.5144783,40.0722204,1810 115.5144831,40.0722088,1810 115.5144879,40.0721973,1810 115.5144918,40.0721862,1810 115.5144958,40.0721751,1810 115.5144995,40.0721644,1810 115.5145033,40.0721538,1810 115.5145064,40.0721435,1810 115.5145095,40.0721332,1810 115.5145119,40.0721225,1810 115.5145144,40.0721119,1810 115.5145160,40.0721010,1810 115.5145177,40.0720900,1810 115.5145181,40.0720785,1800 115.5145185,40.0720669,1800 115.5145165,40.0720549,1800 115.5145145,40.0720428,1800 115.5145120,40.0720302,1800 115.5145096,40.0720177,1800 115.5145084,40.0720051,1800 115.5145072,40.0719925,1800 115.5145072,40.0719800,1800 115.5145073,40.0719676,1800 115.5145084,40.0719550,1800 115.5145096,40.0719426,1800 115.5145125,40.0719304,1800 115.5145155,40.0719182,1800 115.5145193,40.0719073,1800 115.5145232,40.0718965,1800 115.5145259,40.0718857,1800 115.5145286,40.0718751,1800 115.5145298,40.0718649,1800 115.5145310,40.0718547,1800 115.5145315,40.0718443,1800 115.5145320,40.0718339,1800 115.5145330,40.0718222,1800 115.5145340,40.0718105,1800 115.5145358,40.0717987,1794 115.5145377,40.0717870,1794 115.5145387,40.0717749,1794 115.5145398,40.0717629,1794 115.5145393,40.0717505,1794 115.5145389,40.0717381,1794 115.5145376,40.0717270,1794 115.5145364,40.0717161,1794 115.5145339,40.0717057,1794 115.5145314,40.0716953,1794 115.5145268,40.0716853,1794 115.5145222,40.0716753,1794 115.5145168,40.0716652,1794 115.5145114,40.0716551,1794 115.5145065,40.0716446,1794 115.5145016,40.0716341,1794 115.5144970,40.0716226,1794 115.5144924,40.0716111,1794 115.5144902,40.0715989,1794 115.5144881,40.0715867,1794 115.5144891,40.0715753,1794 115.5144902,40.0715639,1794 115.5144948,40.0715546,1794 115.5144994,40.0715454,1794 115.5145059,40.0715367,1794 115.5145125,40.0715283,1794 115.5145226,40.0715202,1793 115.5145327,40.0715122,1793 115.5145433,40.0715049,1793 115.5145540,40.0714976,1793 115.5145638,40.0714895,1793 115.5145736,40.0714814,1793 115.5145828,40.0714725,1793 115.5145921,40.0714636,1803 115.5146008,40.0714556,1803 115.5146095,40.0714477,1803 115.5146177,40.0714410,1803 115.5146260,40.0714344,1803 115.5146345,40.0714287,1803 115.5146431,40.0714230,1803 115.5146523,40.0714184,1803 115.5146615,40.0714138,1803 115.5146706,40.0714098,1803 115.5146797,40.0714058,1803 115.5146882,40.0714026,1803 115.5146968,40.0713995,1803 115.5147035,40.0713964,1803 115.5147102,40.0713932,1803 115.5147169,40.0713890,1803 115.5147236,40.0713847,1803 115.5147317,40.0713786,1803 115.5147398,40.0713725,1803 115.5147499,40.0713638,1803 115.5147601,40.0713552,1803 115.5147820,40.0713359,1803 115.5147895,40.0713297,1803 115.5147970,40.0713236,1803 115.5148029,40.0713181,1803 115.5148088,40.0713126,1803 115.5148152,40.0713070,1803 115.5148217,40.0713015,1803 115.5148279,40.0712953,1803 115.5148341,40.0712892,1803 115.5148367,40.0712857,1803 115.5148394,40.0712821,1803 115.5148425,40.0712765,1803 115.5148456,40.0712710,1803 115.5148471,40.0712648,1803 115.5148487,40.0712586,1803 115.5148486,40.0712523,1803 115.5148485,40.0712460,1794 115.5148478,40.0712397,1794 115.5148471,40.0712333,1794 115.5148467,40.0712270,1794 115.5148464,40.0712207,1794 115.5148472,40.0712138,1794 115.5148481,40.0712072,1794 115.5148503,40.0712009,1794 115.5148526,40.0711946,1794 115.5148542,40.0711880,1794 115.5148559,40.0711815,1794 115.5148544,40.0711749,1794 115.5148530,40.0711686,1794 115.5148494,40.0711621,1794 115.5148459,40.0711556,1794 115.5148414,40.0711495,1794 115.5148370,40.0711435,1794 115.5148328,40.0711369,1794 115.5148286,40.0711304,1794 115.5148261,40.0711262,1794 115.5148237,40.0711220,1794 115.5148201,40.0711146,1794 115.5148165,40.0711073,1794 115.5148125,40.0711003,1794 115.5148085,40.0710933,1794 115.5148038,40.0710872,1794 115.5147991,40.0710812,1794 115.5147946,40.0710746,1794 115.5147901,40.0710682,1794 115.5147880,40.0710611,1794 115.5147860,40.0710539,1794 115.5147849,40.0710466,1794 115.5147838,40.0710393,1794 115.5147820,40.0710312,1794 115.5147802,40.0710231,1794 115.5147777,40.0710149,1794 115.5147753,40.0710068,1794 115.5147717,40.0709995,1794 115.5147682,40.0709922,1794 115.5147625,40.0709844,1794 115.5147568,40.0709766,1794 115.5147517,40.0709686,1785 115.5147466,40.0709606,1785 115.5147426,40.0709533,1785 115.5147386,40.0709460,1785 115.5147352,40.0709389,1785 115.5147318,40.0709319,1785 115.5147279,40.0709249,1785 115.5147240,40.0709179,1785 115.5147201,40.0709110,1785 115.5147163,40.0709041,1785 115.5147121,40.0708968,1785 115.5147080,40.0708895,1785 115.5147043,40.0708815,1785 115.5147006,40.0708735,1785 115.5146958,40.0708657,1785 115.5146911,40.0708580,1785 115.5146859,40.0708508,1785 115.5146808,40.0708436,1785 115.5146760,40.0708359,1785 115.5146712,40.0708282,1785 115.5146668,40.0708205,1785 115.5146624,40.0708128,1785 115.5146597,40.0708052,1785 115.5146570,40.0707976,1785 115.5146557,40.0707899,1785 115.5146545,40.0707823,1785 115.5146540,40.0707746,1785 115.5146536,40.0707669,1785 115.5146528,40.0707595,1785 115.5146521,40.0707520,1785 115.5146503,40.0707443,1785 115.5146485,40.0707367,1785 115.5146470,40.0707291,1785 115.5146456,40.0707216,1785 115.5146449,40.0707140,1785 115.5146443,40.0707067,1785 115.5146430,40.0706988,1785 115.5146417,40.0706909,1779 115.5146384,40.0706829,1779 115.5146352,40.0706750,1779 115.5146308,40.0706672,1779 115.5146264,40.0706596,1779 115.5146211,40.0706520,1779 115.5146159,40.0706445,1779 115.5146103,40.0706367,1779 115.5146047,40.0706289,1779 115.5146002,40.0706208,1779 115.5145958,40.0706128,1779 115.5145931,40.0706046,1779 115.5145905,40.0705965,1779 115.5145870,40.0705893,1779 115.5145835,40.0705821,1779 115.5145778,40.0705760,1771 115.5145722,40.0705698,1771 115.5145658,40.0705633,1771 115.5145594,40.0705569,1771 115.5145537,40.0705493,1771 115.5145480,40.0705418,1771 115.5145445,40.0705337,1771 115.5145411,40.0705256,1771 115.5145396,40.0705170,1771 115.5145381,40.0705085,1771 115.5145374,40.0704992,1771 115.5145368,40.0704899,1771 115.5145365,40.0704805,1771 115.5145363,40.0704712,1771 115.5145358,40.0704626,1771 115.5145353,40.0704540,1771 115.5145328,40.0704453,1771 115.5145303,40.0704368,1771 115.5145267,40.0704283,1771 115.5145231,40.0704198,1771 115.5145196,40.0704121,1770 115.5145161,40.0704044,1770 115.5145132,40.0703965,1770 115.5145104,40.0703887,1770 115.5145082,40.0703809,1770 115.5145060,40.0703732,1770 115.5145037,40.0703652,1770 115.5145015,40.0703571,1770 115.5144996,40.0703484,1770 115.5144977,40.0703395,1770 115.5144965,40.0703300,1770 115.5144953,40.0703204,1770 115.5144941,40.0703113,1770 115.5144930,40.0703022,1770 115.5144909,40.0702939,1770 115.5144889,40.0702859,1770 115.5144857,40.0702780,1770 115.5144826,40.0702702,1770 115.5144805,40.0702620,1770 115.5144784,40.0702539,1770 115.5144774,40.0702455,1770 115.5144765,40.0702371,1770 115.5144767,40.0702288,1770 115.5144770,40.0702205,1770 115.5144755,40.0702115,1770 115.5144740,40.0702025,1770 115.5144715,40.0701930,1770 115.5144690,40.0701836,1770 115.5144667,40.0701735,1770 115.5144645,40.0701637,1770 115.5144635,40.0701542,1770 115.5144625,40.0701448,1770 115.5144604,40.0701364,1769 115.5144583,40.0701279,1769 115.5144541,40.0701199,1769 115.5144499,40.0701119,1769 115.5144439,40.0701044,1769 115.5144380,40.0700969,1769 115.5144306,40.0700902,1769 115.5144233,40.0700835,1769 115.5144132,40.0700789,1769 115.5144031,40.0700743,1769 115.5143930,40.0700698,1769 115.5143810,40.0700657,1769 115.5143690,40.0700616,1769 115.5143570,40.0700572,1769 115.5143451,40.0700528,1769 115.5143316,40.0700497,1769 115.5143181,40.0700467,1769 115.5143032,40.0700454,1769 115.5142883,40.0700440,1769 115.5142714,40.0700452,1769 115.5142545,40.0700463,1769 115.5142368,40.0700497,1769 115.5142192,40.0700531,1769 115.5142027,40.0700580,1769 115.5141862,40.0700628,1769 115.5141711,40.0700669,1769 115.5141561,40.0700710,1769 115.5141425,40.0700711,1769 115.5141290,40.0700712,1769 115.5141143,40.0700665,1769 115.5140996,40.0700621,1769 115.5140841,40.0700581,1769 115.5140686,40.0700541,1769 115.5140537,40.0700513,1769 115.5140388,40.0700486,1769 115.5140250,40.0700433,1767 115.5140113,40.0700379,1767 115.5139980,40.0700316,1767 115.5139848,40.0700253,1767 115.5139717,40.0700184,1767 115.5139587,40.0700116,1767 115.5139462,40.0700068,1767 115.5139338,40.0700020,1767 115.5139202,40.0699984,1767 115.5139066,40.0699951,1767 115.5138927,40.0699923,1767 115.5138788,40.0699897,1767 115.5138634,40.0699880,1767 115.5138480,40.0699864,1767 115.5138315,40.0699844,1767 115.5138151,40.0699827,1767 115.5137982,40.0699797,1767 115.5137814,40.0699768,1767 115.5137642,40.0699729,1767 115.5137471,40.0699690,1762 115.5137300,40.0699649,1762 115.5137130,40.0699607,1762 115.5136969,40.0699566,1762 115.5136809,40.0699524,1762 115.5136656,40.0699479,1762 115.5136504,40.0699434,1762 115.5136353,40.0699391,1762 115.5136203,40.0699349,1762 115.5136048,40.0699307,1762 115.5135893,40.0699266,1762 115.5135754,40.0699214,1762 115.5135615,40.0699163,1762 115.5135484,40.0699108,1762 115.5135354,40.0699053,1762 115.5135225,40.0699005,1762 115.5135097,40.0698960,1762 115.5134943,40.0698932,1762 115.5134790,40.0698905,1762 115.5134631,40.0698871,1754 115.5134472,40.0698838,1754 115.5134340,40.0698792,1754 115.5134208,40.0698746,1754 115.5134079,40.0698701,1754 115.5133951,40.0698659,1754 115.5133806,40.0698622,1754 115.5133661,40.0698586,1773 115.5133514,40.0698540,1773 115.5133368,40.0698494,1773 115.5133223,40.0698421,1773 115.5133078,40.0698348,1773 115.5132939,40.0698263,1773 115.5132800,40.0698181,1773 115.5132662,40.0698086,1773 115.5132525,40.0697992,1773 115.5132365,40.0697895,1773 115.5132205,40.0697799,1773 115.5132023,40.0697702,1773 115.5131841,40.0697605,1761 115.5131665,40.0697517,1761 115.5131489,40.0697430,1761 115.5131325,40.0697363,1761 115.5131162,40.0697299,1761 115.5130994,40.0697239,1761 115.5130827,40.0697180,1761 115.5130657,40.0697112,1761 115.5130487,40.0697044,1761 115.5130320,40.0696968,1761 115.5130154,40.0696895,1761 115.5129989,40.0696822,1761 115.5129825,40.0696749,1761 115.5129655,40.0696674,1761 115.5129486,40.0696600,1761 115.5129319,40.0696524,1761 115.5129153,40.0696450,1750 115.5128995,40.0696375,1750 115.5128838,40.0696301,1750 115.5128691,40.0696236,1750 115.5128544,40.0696172,1750 115.5128396,40.0696103,1750 115.5128249,40.0696034,1750 115.5128107,40.0695952,1750 115.5127966,40.0695870,1750 115.5127816,40.0695787,1760 115.5127667,40.0695704,1760 115.5127513,40.0695617,1760 115.5127359,40.0695530,1760 115.5127230,40.0695436,1760 115.5127102,40.0695342,1760 115.5126984,40.0695247,1760 115.5126867,40.0695153,1760 115.5126751,40.0695055,1760 115.5126636,40.0694957,1760 115.5126503,40.0694863,1760 115.5126370,40.0694770,1753 115.5126220,40.0694688,1753 115.5126071,40.0694606,1753 115.5125924,40.0694533,1753 115.5125778,40.0694460,1753 115.5125629,40.0694381,1753 115.5125480,40.0694302,1753 115.5125330,40.0694219,1753 115.5125180,40.0694137,1753 115.5125044,40.0694047,1753 115.5124908,40.0693958,1753 115.5124770,40.0693869,1753 115.5124632,40.0693781,1753 115.5124484,40.0693696,1753 115.5124336,40.0693612,1753 115.5124186,40.0693523,1753 115.5124037,40.0693435,1753 115.5123899,40.0693347,1753 115.5123761,40.0693259,1753 115.5123642,40.0693184,1753 115.5123523,40.0693109,1738 115.5123410,40.0693040,1754 115.5123298,40.0692973,1754 115.5123172,40.0692911,1754 115.5123046,40.0692850,1754 115.5122913,40.0692785,1754 115.5122780,40.0692720,1754 115.5122654,40.0692650,1754 115.5122528,40.0692581,1754 115.5122391,40.0692532,1754 115.5122255,40.0692483,1754 115.5122120,40.0692456,1754 115.5121985,40.0692429,1754 115.5121855,40.0692395,1754 115.5121726,40.0692362,1754 115.5121603,40.0692311,1754 115.5121481,40.0692261,1754 115.5121372,40.0692201,1754 115.5121263,40.0692144,1754 115.5121160,40.0692095,1754 115.5121058,40.0692046,1754 115.5120938,40.0692003,1754 115.5120818,40.0691961,1739 115.5120678,40.0691915,1739 115.5120539,40.0691869,1739 115.5120396,40.0691806,1739 115.5120254,40.0691745,1739 115.5120111,40.0691678,1739 115.5119969,40.0691610,1739 115.5119815,40.0691547,1739 115.5119661,40.0691485,1739 115.5119514,40.0691420,1739 115.5119367,40.0691356,1739 115.5119232,40.0691293,1739 115.5119098,40.0691230,1739 115.5118971,40.0691171,1739 115.5118844,40.0691113,1739 115.5118728,40.0691052,1739 115.5118612,40.0690993,1739 115.5118490,40.0690922,1739 115.5118369,40.0690852,1739 115.5118223,40.0690790,1739 115.5118078,40.0690728,1739 115.5117925,40.0690669,1731 115.5117772,40.0690612,1731 115.5117643,40.0690545,1731 115.5117514,40.0690478,1731 115.5117411,40.0690393,1731 115.5117308,40.0690309,1731 115.5117218,40.0690218,1738 115.5117129,40.0690128,1738 115.5117037,40.0690038,1738 115.5116945,40.0689949,1738 115.5116867,40.0689854,1738 115.5116789,40.0689760,1738 115.5116741,40.0689654,1738 115.5116694,40.0689548,1738 115.5116646,40.0689435,1738 115.5116599,40.0689323,1738 115.5116543,40.0689199,1738 115.5116487,40.0689075,1738 115.5116448,40.0688944,1738 115.5116410,40.0688813,1738 115.5116392,40.0688679,1738 115.5116375,40.0688545,1738 115.5116344,40.0688409,1738 115.5116314,40.0688274,1738 115.5116266,40.0688150,1738 115.5116219,40.0688026,1738 115.5116166,40.0687914,1738 115.5116113,40.0687802,1738 115.5116065,40.0687691,1738 115.5116018,40.0687580,1738 115.5115964,40.0687471,1746 115.5115911,40.0687361,1746 115.5115832,40.0687252,1746 115.5115754,40.0687143,1746 115.5115670,40.0687037,1746 115.5115587,40.0686931,1746 115.5115522,40.0686835,1746 115.5115458,40.0686739,1746 115.5115394,40.0686656,1746 115.5115330,40.0686573,1746 115.5115253,40.0686491,1739 115.5115176,40.0686410,1739 115.5115083,40.0686331,1739 115.5114991,40.0686253,1739 115.5114890,40.0686165,1739 115.5114789,40.0686077,1739 115.5114694,40.0685972,1739 115.5114599,40.0685867,1739 115.5114512,40.0685760,1739 115.5114426,40.0685653,1739 115.5114343,40.0685556,1739 115.5114260,40.0685458,1739 115.5114168,40.0685373,1739 115.5114076,40.0685290,1739 115.5113984,40.0685197,1739 115.5113893,40.0685105,1739 115.5113804,40.0685007,1739 115.5113716,40.0684910,1739 115.5113630,40.0684815,1739 115.5113544,40.0684720,1734 115.5113468,40.0684627,1734 115.5113392,40.0684534,1734 115.5113303,40.0684436,1734 115.5113214,40.0684339,1734 115.5113106,40.0684224,1734 115.5112998,40.0684112,1734 115.5112876,40.0683996,1734 115.5112755,40.0683880,1734 115.5112632,40.0683768,1734 115.5112509,40.0683657,1734 115.5112386,40.0683559,1729 115.5112263,40.0683461,1729 115.5112151,40.0683373,1729 115.5112039,40.0683286,1729 115.5111936,40.0683190,1729 115.5111833,40.0683096,1729 115.5111731,40.0682996,1729 115.5111629,40.0682896,1729 115.5111532,40.0682786,1729 115.5111435,40.0682677,1729 115.5111341,40.0682568,1729 115.5111248,40.0682459,1729 115.5111134,40.0682366,1729 115.5111021,40.0682272,1729 115.5110916,40.0682197,1729 115.5110811,40.0682122,1729 115.5110706,40.0682058,1729 115.5110601,40.0681995,1729 115.5110483,40.0681930,1733 115.5110365,40.0681865,1733 115.5110228,40.0681804,1733 115.5110091,40.0681746,1733 115.5109957,40.0681681,1733 115.5109823,40.0681617,1733 115.5109686,40.0681532,1735 115.5109549,40.0681447,1735 115.5109420,40.0681350,1735 115.5109292,40.0681254,1735 115.5109177,40.0681147,1735 115.5109062,40.0681041,1735 115.5108929,40.0680950,1735 115.5108797,40.0680860,1735 115.5108665,40.0680778,1735 115.5108534,40.0680696,1735 115.5108415,40.0680632,1735 115.5108296,40.0680568,1735 115.5108155,40.0680520,1735 115.5108014,40.0680472,1735 115.5107868,40.0680402,1735 115.5107723,40.0680333,1735 115.5107587,40.0680249,1735 115.5107451,40.0680166,1735 115.5107319,40.0680088,1735 115.5107188,40.0680010,1735 115.5107067,40.0679930,1735 115.5106947,40.0679851,1735 115.5106823,40.0679776,1718 115.5106700,40.0679700,1718 115.5106560,40.0679627,1718 115.5106421,40.0679553,1718 115.5106275,40.0679494,1718 115.5106129,40.0679435,1718 115.5105981,40.0679393,1718 115.5105833,40.0679351,1718 115.5105677,40.0679310,1718 115.5105521,40.0679269,1718 115.5105375,40.0679208,1718 115.5105229,40.0679147,1732 115.5105108,40.0679062,1732 115.5104987,40.0678978,1732 115.5104867,40.0678894,1732 115.5104759,40.0678811,1732 115.5104652,40.0678729,1732 115.5104550,40.0678660,1732 115.5104448,40.0678591,1732 115.5104339,40.0678526,1732 115.5104231,40.0678462,1732 115.5104104,40.0678387,1727 115.5103977,40.0678314,1727 115.5103851,40.0678249,1727 115.5103726,40.0678184,1727 115.5103598,40.0678125,1727 115.5103470,40.0678066,1727 115.5103333,40.0678008,1727 115.5103196,40.0677951,1727 115.5103059,40.0677882,1727 115.5102923,40.0677814,1727 115.5102791,40.0677730,1727 115.5102660,40.0677647,1727 115.5102539,40.0677566,1727 115.5102418,40.0677485,1727 115.5102295,40.0677428,1727 115.5102172,40.0677372,1727 115.5102029,40.0677344,1727 115.5101887,40.0677316,1727 115.5101736,40.0677291,1727 115.5101585,40.0677267,1727 115.5101441,40.0677239,1727 115.5101297,40.0677211,1723 115.5101163,40.0677189,1723 115.5101030,40.0677170,1723 115.5100891,40.0677140,1723 115.5100752,40.0677110,1723 115.5100613,40.0677067,1723 115.5100475,40.0677023,1723 115.5100339,40.0676970,1723 115.5100204,40.0676917,1723 115.5100071,40.0676862,1723 115.5099939,40.0676808,1723 115.5099799,40.0676763,1723 115.5099659,40.0676718,1723 115.5099532,40.0676664,1723 115.5099406,40.0676611,1723 115.5099306,40.0676541,1723 115.5099206,40.0676472,1723 115.5099120,40.0676396,1723 115.5099034,40.0676321,1725 115.5098955,40.0676252,1725 115.5098876,40.0676184,1725 115.5098788,40.0676137,1725 115.5098701,40.0676093,1725 115.5098595,40.0676064,1721 115.5098490,40.0676037,1721 115.5098366,40.0676017,1721 115.5098243,40.0675998,1721 115.5098126,40.0675967,1721 115.5098009,40.0675937,1721 115.5097903,40.0675886,1721 115.5097798,40.0675836,1721 115.5097696,40.0675771,1721 115.5097594,40.0675707,1721 115.5097494,40.0675622,1721 115.5097395,40.0675538,1721 115.5097303,40.0675442,1721 115.5097211,40.0675346,1721 115.5097119,40.0675257,1721 115.5097027,40.0675168,1721 115.5096937,40.0675081,1721 115.5096848,40.0674994,1721 115.5096758,40.0674903,1721 115.5096669,40.0674812,1721 115.5096580,40.0674705,1721 115.5096492,40.0674599,1721 115.5096409,40.0674487,1721 115.5096326,40.0674374,1721 115.5096250,40.0674271,1721 115.5096175,40.0674167,1721 115.5096112,40.0674061,1721 115.5096050,40.0673954,1721 115.5096001,40.0673841,1721 115.5095953,40.0673729,1721 115.5095919,40.0673620,1721 115.5095885,40.0673511,1716 115.5095859,40.0673413,1716 115.5095834,40.0673315,1716 115.5095811,40.0673215,1714 115.5095788,40.0673115,1714 115.5095762,40.0673005,1714 115.5095737,40.0672895,1714 115.5095712,40.0672778,1714 115.5095687,40.0672661,1714 115.5095663,40.0672541,1714 115.5095639,40.0672421,1714 115.5095605,40.0672295,1714 115.5095571,40.0672169,1714 115.5095532,40.0672039,1714 115.5095493,40.0671909,1714 115.5095467,40.0671783,1714 115.5095441,40.0671656,1714 115.5095428,40.0671538,1714 115.5095416,40.0671419,1714 115.5095404,40.0671291,1714 115.5095393,40.0671164,1714 115.5095378,40.0671028,1714 115.5095363,40.0670892,1714 115.5095338,40.0670760,1710 115.5095313,40.0670629,1710 115.5095272,40.0670506,1710 115.5095232,40.0670383,1710 115.5095197,40.0670272,1710 115.5095162,40.0670162,1710 115.5095131,40.0670041,1710 115.5095101,40.0669920,1710 115.5095061,40.0669802,1710 115.5095022,40.0669684,1710 115.5094975,40.0669567,1710 115.5094929,40.0669449,1710 115.5094877,40.0669350,1710 115.5094826,40.0669251,1710 115.5094754,40.0669162,1710 115.5094683,40.0669074,1710 115.5094612,40.0668986,1710 115.5094525,40.0668900,1710 115.5094438,40.0668814,1710 115.5094360,40.0668731,1710 115.5094283,40.0668649,1710 115.5094202,40.0668561,1710 115.5094122,40.0668473,1710 115.5094042,40.0668377,1710 115.5093963,40.0668282,1710 115.5093881,40.0668180,1710 115.5093800,40.0668079,1710 115.5093711,40.0667963,1707 115.5093622,40.0667847,1707 115.5093537,40.0667725,1707 115.5093452,40.0667603,1707 115.5093382,40.0667477,1707 115.5093313,40.0667351,1707 115.5093250,40.0667228,1707 115.5093188,40.0667105,1707 115.5093121,40.0666984,1707 115.5093054,40.0666863,1696 115.5092986,40.0666737,1696 115.5092919,40.0666612,1696 115.5092846,40.0666498,1696 115.5092773,40.0666385,1696 115.5092698,40.0666268,1696 115.5092624,40.0666152,1696 115.5092554,40.0666034,1696 115.5092484,40.0665916,1696 115.5092409,40.0665813,1696 115.5092334,40.0665711,1696 115.5092240,40.0665602,1696 115.5092146,40.0665493,1696 115.5092040,40.0665379,1696 115.5091935,40.0665266,1702 115.5091821,40.0665152,1702 115.5091708,40.0665039,1702 115.5091584,40.0664922,1702 115.5091461,40.0664806,1702 115.5091344,40.0664700,1702 115.5091228,40.0664594,1702 115.5091128,40.0664493,1702 115.5091029,40.0664393,1702 115.5090946,40.0664289,1702 115.5090864,40.0664186,1702 115.5090785,40.0664068,1702 115.5090707,40.0663952,1702 115.5090636,40.0663821,1702 115.5090566,40.0663691,1702 115.5090508,40.0663569,1702 115.5090450,40.0663448,1702 115.5090393,40.0663340,1702 115.5090336,40.0663233,1702 115.5090258,40.0663127,1703 115.5090181,40.0663021,1703 115.5090087,40.0662914,1703 115.5089993,40.0662807,1703 115.5089892,40.0662699,1703 115.5089792,40.0662591,1703 115.5089673,40.0662479,1706 115.5089554,40.0662367,1706 115.5089411,40.0662259,1706 115.5089269,40.0662151,1706 115.5089129,40.0662051,1706 115.5088990,40.0661951,1706 115.5088865,40.0661856,1706 115.5088741,40.0661761,1706 115.5088617,40.0661676,1706 115.5088493,40.0661592,1706 115.5088363,40.0661523,1706 115.5088233,40.0661455,1706 115.5088082,40.0661398,1706 115.5087932,40.0661341,1706 115.5087762,40.0661286,1706 115.5087593,40.0661232,1706 115.5087439,40.0661182,1700 115.5087285,40.0661131,1700 115.5087133,40.0661070,1700 115.5086981,40.0661009,1700 115.5086827,40.0660933,1700 115.5086673,40.0660857,1700 115.5086526,40.0660786,1700 115.5086379,40.0660715,1700 115.5086227,40.0660655,1700 115.5086075,40.0660595,1700 115.5085904,40.0660542,1700 115.5085733,40.0660490,1700 115.5085554,40.0660438,1700 115.5085375,40.0660389,1700 115.5085183,40.0660320,1700 115.5084992,40.0660252,1700 115.5084800,40.0660173,1700 115.5084608,40.0660094,1697 115.5084409,40.0659990,1697 115.5084211,40.0659887,1697 115.5083994,40.0659750,1697 115.5083777,40.0659614,1713 115.5083538,40.0659465,1713 115.5083300,40.0659316,1713 115.5083051,40.0659177,1713 115.5082802,40.0659038,1713 115.5082542,40.0658908,1713 115.5082282,40.0658778,1713 115.5082024,40.0658672,1713 115.5081766,40.0658567,1711 115.5081505,40.0658462,1711 115.5081245,40.0658359,1711 115.5080979,40.0658243,1711 115.5080713,40.0658129,1711 115.5080452,40.0658010,1711 115.5080192,40.0657891,1711 115.5079928,40.0657774,1711 115.5079665,40.0657658,1711 115.5079373,40.0657549,1711 115.5079081,40.0657441,1710 115.5078795,40.0657336,1710 115.5078510,40.0657232,1710 115.5078252,40.0657106,1710 115.5077994,40.0656980,1710 115.5077756,40.0656849,1716 115.5077518,40.0656719,1716 115.5077269,40.0656588,1716 115.5077021,40.0656457,1716 115.5076759,40.0656324,1716 115.5076498,40.0656191,1716 115.5076241,40.0656060,1712 115.5075985,40.0655929,1712 115.5075724,40.0655813,1712 115.5075464,40.0655698,1712 115.5075195,40.0655596,1712 115.5074926,40.0655494,1712 115.5074649,40.0655382,1712 115.5074372,40.0655271,1712 115.5074085,40.0655148,1712 115.5073798,40.0655027,1712 115.5073508,40.0654907,1701 115.5073219,40.0654787,1701 115.5072935,40.0654674,1701 115.5072652,40.0654562,1701 115.5072368,40.0654463,1701 115.5072085,40.0654364,1701 115.5071818,40.0654291,1701 115.5071551,40.0654218,1701 115.5071292,40.0654171,1701 115.5071033,40.0654125,1713 115.5070785,40.0654095,1711 115.5070538,40.0654065,1711 115.5070299,40.0654025,1711 115.5070060,40.0653985,1711 115.5069817,40.0653899,1711 115.5069574,40.0653814,1711 115.5069325,40.0653699,1711 115.5069076,40.0653585,1711 115.5068802,40.0653470,1711 115.5068528,40.0653355,1711 115.5068235,40.0653250,1711 115.5067942,40.0653145,1708 115.5067656,40.0653048,1708 115.5067371,40.0652952,1708 115.5067100,40.0652853,1708 115.5066830,40.0652755,1708 115.5066597,40.0652648,1708 115.5066365,40.0652542,1708 115.5066183,40.0652434,1708 115.5066001,40.0652326,1708 115.5065850,40.0652235,1708 115.5065699,40.0652145,1708 115.5065556,40.0652067,1708 115.5065414,40.0651990,1708 115.5065266,40.0651906,1708 115.5065119,40.0651822,1708 115.5064993,40.0651729,1708 115.5064868,40.0651636,1708 115.5064775,40.0651544,1708 115.5064682,40.0651452,1708 115.5064633,40.0651365,1719 115.5064584,40.0651278,1719 115.5064576,40.0651227,1719 115.5064568,40.0651176,1719 115.5064575,40.0651085,1719 115.5064583,40.0650995,1719 115.5064616,40.0650902,1719 115.5064649,40.0650810,1719 115.5064708,40.0650737,1719 115.5064768,40.0650665,1719 115.5064797,40.0650633,1719 115.5064826,40.0650600,1719 115.5064851,40.0650553,1719 115.5064876,40.0650506,1719 115.5064872,40.0650462,1719 115.5064869,40.0650418,1719 115.5064828,40.0650369,1719 115.5064787,40.0650320,1719 115.5064762,40.0650290,1719 115.5064737,40.0650262,1719 115.5064737,40.0650196,1719 115.5064738,40.0650130,1719 115.5064824,40.0650033,1719 115.5064911,40.0649937,1719 115.5065043,40.0649726,1719 115.5064978,40.0649672,1719 115.5064913,40.0649619,1719 115.5064836,40.0649572,1719 115.5064759,40.0649524,1719 115.5064685,40.0649478,1719 115.5064611,40.0649432,1719 115.5064593,40.0649356,1719 115.5064576,40.0649281,1719 115.5064627,40.0649149,1719 115.5064679,40.0649017,1719 115.5064789,40.0648807,1719 115.5064765,40.0648770,1719 115.5064742,40.0648734,1719 115.5064666,40.0648678,1719 115.5064590,40.0648622,1719 115.5064480,40.0648570,1720 115.5064370,40.0648518,1720 115.5064222,40.0648466,1720 115.5064075,40.0648415,1720 115.5063905,40.0648390,1720 115.5063735,40.0648365,1720 115.5063568,40.0648348,1720 115.5063402,40.0648331,1720 115.5063268,40.0648299,1720 115.5063135,40.0648268,1720 115.5063018,40.0648221,1720 115.5062902,40.0648174,1720 115.5062774,40.0648114,1720 115.5062646,40.0648054,1720 115.5062481,40.0647989,1724 115.5062316,40.0647924,1724 115.5062114,40.0647841,1724 115.5061912,40.0647758,1724 115.5061687,40.0647649,1724 115.5061463,40.0647541,1724 115.5061239,40.0647405,1724 115.5061015,40.0647268,1724 115.5060795,40.0647113,1724 115.5060575,40.0646957,1724 115.5060355,40.0646802,1724 115.5060135,40.0646647,1724 115.5059918,40.0646489,1724 115.5059702,40.0646332,1735 115.5059486,40.0646169,1735 115.5059270,40.0646007,1735 115.5059076,40.0645847,1735 115.5058882,40.0645688,1718 115.5058699,40.0645556,1718 115.5058516,40.0645425,1718 115.5058312,40.0645347,1718 115.5058109,40.0645269,1718 115.5057890,40.0645179,1718 115.5057672,40.0645089,1718 115.5057469,40.0644944,1718 115.5057266,40.0644800,1718 115.5057084,40.0644611,1718 115.5056903,40.0644425,1728 115.5056727,40.0644234,1728 115.5056551,40.0644045,1728 115.5056399,40.0643863,1728 115.5056247,40.0643681,1728 115.5056096,40.0643501,1728 115.5055945,40.0643321,1728 115.5055778,40.0643150,1728 115.5055611,40.0642980,1700 115.5055448,40.0642816,1700 115.5055286,40.0642653,1700 115.5055119,40.0642495,1700 115.5054952,40.0642339,1700 115.5054779,40.0642207,1700 115.5054606,40.0642075,1700 115.5054445,40.0641966,1700 115.5054284,40.0641857,1700 115.5054115,40.0641788,1708 115.5053947,40.0641719,1708 115.5053754,40.0641667,1708 115.5053562,40.0641616,1708 115.5053362,40.0641565,1708 115.5053162,40.0641516,1708 115.5052940,40.0641471,1708 115.5052719,40.0641425,1708 115.5052471,40.0641369,1708 115.5052224,40.0641312,1708 115.5051982,40.0641238,1708 115.5051740,40.0641164,1708 115.5051520,40.0641095,1708 115.5051301,40.0641026,1717 115.5051100,40.0640971,1717 115.5050899,40.0640916,1717 115.5050695,40.0640882,1717 115.5050491,40.0640849,1717 115.5050269,40.0640848,1717 115.5050048,40.0640848,1717 115.5049804,40.0640861,1717 115.5049561,40.0640874,1717 115.5049321,40.0640890,1717 115.5049082,40.0640907,1717 115.5048884,40.0640930,1717 115.5048686,40.0640953,1717 115.5048522,40.0640954,1731 115.5048359,40.0640956,1731 115.5048224,40.0640902,1731 115.5048089,40.0640850,1731 115.5047944,40.0640765,1731 115.5047799,40.0640681,1731 115.5047634,40.0640602,1731 115.5047469,40.0640523,1731 115.5047299,40.0640449,1731 115.5047129,40.0640375,1731 115.5046970,40.0640282,1731 115.5046812,40.0640192,1715 115.5046670,40.0640067,1715 115.5046529,40.0639943,1715 115.5046418,40.0639816,1715 115.5046307,40.0639690,1715 115.5046217,40.0639569,1715 115.5046127,40.0639448,1715 115.5046044,40.0639324,1715 115.5045962,40.0639201,1715 115.5045901,40.0639093,1715 115.5045840,40.0638985,1715 115.5045787,40.0638870,1730 115.5045735,40.0638755,1730 115.5045675,40.0638626,1730 115.5045615,40.0638498,1730 115.5045555,40.0638372,1730 115.5045496,40.0638247,1730 115.5045460,40.0638116,1730 115.5045424,40.0637985,1730 115.5045404,40.0637868,1730 115.5045384,40.0637752,1730 115.5045378,40.0637634,1730 115.5045373,40.0637516,1730 115.5045376,40.0637399,1711 115.5045379,40.0637283,1711 115.5045406,40.0637166,1711 115.5045434,40.0637050,1711 115.5045480,40.0636932,1711 115.5045527,40.0636814,1711 115.5045575,40.0636687,1711 115.5045623,40.0636560,1711 115.5045664,40.0636432,1711 115.5045706,40.0636305,1711 115.5045734,40.0636182,1711 115.5045763,40.0636059,1711 115.5045763,40.0635950,1711 115.5045763,40.0635842,1711 115.5045737,40.0635757,1711 115.5045711,40.0635673,1711 115.5045677,40.0635602,1711 115.5045644,40.0635532,1711 115.5045613,40.0635440,1711 115.5045583,40.0635349,1711 115.5045551,40.0635228,1711 115.5045519,40.0635108,1711 115.5045483,40.0634961,1711 115.5045448,40.0634815,1711 115.5045410,40.0634676,1703 115.5045372,40.0634538,1703 115.5045362,40.0634390,1703 115.5045353,40.0634243,1703 115.5045369,40.0634079,1703 115.5045386,40.0633916,1703 115.5045394,40.0633768,1703 115.5045402,40.0633620,1703 115.5045382,40.0633497,1703 115.5045362,40.0633375,1703 115.5045311,40.0633286,1703 115.5045260,40.0633198,1703 115.5045220,40.0633135,1703 115.5045181,40.0633071,1703 115.5045196,40.0632978,1703 115.5045212,40.0632884,1703 115.5045311,40.0632724,1703 115.5045340,40.0632683,1703 115.5045370,40.0632642,1703 115.5045401,40.0632546,1703 115.5045433,40.0632450,1703 115.5045464,40.0632326,1703 115.5045496,40.0632202,1703 115.5045527,40.0632061,1703 115.5045559,40.0631920,1705 115.5045601,40.0631779,1705 115.5045644,40.0631638,1705 115.5045668,40.0631508,1705 115.5045692,40.0631380,1705 115.5045689,40.0631265,1705 115.5045686,40.0631151,1705 115.5045648,40.0631037,1705 115.5045611,40.0630923,1705 115.5045531,40.0630809,1705 115.5045452,40.0630697,1705 115.5045347,40.0630604,1705 115.5045243,40.0630511,1705 115.5045116,40.0630443,1705 115.5044989,40.0630375,1705 115.5044854,40.0630309,1705 115.5044720,40.0630244,1705 115.5044588,40.0630173,1705 115.5044457,40.0630102,1705 115.5044339,40.0630028,1705 115.5044222,40.0629954,1705 115.5044125,40.0629869,1705 115.5044029,40.0629784,1705 115.5043941,40.0629689,1705 115.5043854,40.0629593,1705 115.5043775,40.0629494,1705 115.5043696,40.0629395,1705 115.5043617,40.0629299,1705 115.5043539,40.0629203,1705 115.5043455,40.0629117,1708 115.5043371,40.0629031,1708 115.5043283,40.0628950,1708 115.5043196,40.0628869,1708 115.5043106,40.0628788,1708 115.5043017,40.0628708,1708 115.5042937,40.0628623,1708 115.5042857,40.0628538,1708 115.5042803,40.0628454,1708 115.5042749,40.0628370,1708 115.5042729,40.0628275,1708 115.5042710,40.0628180,1708 115.5042702,40.0628070,1708 115.5042694,40.0627961,1708 115.5042684,40.0627846,1708 115.5042674,40.0627732,1708 115.5042662,40.0627620,1708 115.5042650,40.0627509,1708 115.5042639,40.0627397,1708 115.5042628,40.0627286,1708 115.5042611,40.0627178,1708 115.5042595,40.0627071,1708 115.5042570,40.0626972,1708 115.5042546,40.0626873,1708 115.5042511,40.0626780,1708 115.5042477,40.0626687,1708 115.5042417,40.0626580,1708 115.5042358,40.0626473,1708 115.5042280,40.0626345,1707 115.5042202,40.0626218,1707 115.5042124,40.0626079,1707 115.5042047,40.0625940,1707 115.5041981,40.0625817,1707 115.5041915,40.0625696,1707 115.5041858,40.0625586,1707 115.5041801,40.0625479,1707 115.5041764,40.0625373,1707 115.5041728,40.0625269,1707 115.5041682,40.0625155,1707 115.5041636,40.0625041,1707 115.5041568,40.0624919,1707 115.5041501,40.0624798,1707 115.5041422,40.0624679,1707 115.5041343,40.0624561,1707 115.5041259,40.0624437,1707 115.5041176,40.0624313,1707 115.5041112,40.0624175,1707 115.5041049,40.0624037,1707 115.5040993,40.0623897,1707 115.5040938,40.0623758,1707 115.5040880,40.0623632,1707 115.5040823,40.0623506,1702 115.5040769,40.0623385,1702 115.5040715,40.0623265,1702 115.5040673,40.0623143,1702 115.5040631,40.0623020,1702 115.5040602,40.0622900,1702 115.5040574,40.0622780,1702 115.5040553,40.0622649,1702 115.5040532,40.0622519,1702 115.5040513,40.0622379,1702 115.5040495,40.0622239,1702 115.5040480,40.0622100,1702 115.5040466,40.0621961,1702 115.5040450,40.0621834,1702 115.5040435,40.0621707,1702 115.5040405,40.0621592,1702 115.5040375,40.0621477,1702 115.5040337,40.0621360,1702 115.5040299,40.0621246,1702 115.5040270,40.0621128,1702 115.5040241,40.0621010,1702 115.5040227,40.0620894,1702 115.5040214,40.0620779,1685 115.5040190,40.0620676,1685 115.5040167,40.0620574,1685 115.5040122,40.0620471,1685 115.5040078,40.0620368,1685 115.5040012,40.0620268,1685 115.5039946,40.0620169,1685 115.5039877,40.0620081,1685 115.5039808,40.0619994,1685 115.5039752,40.0619918,1685 115.5039696,40.0619843,1685 115.5039659,40.0619765,1685 115.5039622,40.0619687,1685 115.5039595,40.0619601,1685 115.5039568,40.0619516,1685 115.5039549,40.0619433,1685 115.5039530,40.0619352,1685 115.5039501,40.0619269,1685 115.5039473,40.0619187,1685 115.5039426,40.0619098,1685 115.5039380,40.0619010,1685 115.5039310,40.0618924,1685 115.5039240,40.0618837,1685 115.5039162,40.0618752,1685 115.5039085,40.0618669,1685 115.5039018,40.0618579,1685 115.5038951,40.0618490,1685 115.5038888,40.0618401,1685 115.5038826,40.0618313,1685 115.5038761,40.0618220,1685 115.5038696,40.0618127,1685 115.5038628,40.0618028,1680 115.5038561,40.0617929,1680 115.5038502,40.0617821,1680 115.5038443,40.0617712,1680 115.5038378,40.0617607,1680 115.5038313,40.0617501,1680 115.5038248,40.0617399,1680 115.5038184,40.0617297,1680 115.5038130,40.0617183,1680 115.5038077,40.0617071,1680 115.5038044,40.0616951,1680 115.5038011,40.0616831,1680 115.5037980,40.0616698,1680 115.5037950,40.0616565,1680 115.5037923,40.0616426,1680 115.5037897,40.0616287,1680 115.5037867,40.0616146,1680 115.5037837,40.0616006,1680 115.5037802,40.0615879,1680 115.5037768,40.0615752,1680 115.5037708,40.0615633,1680 115.5037649,40.0615514,1680 115.5037579,40.0615395,1680 115.5037510,40.0615277,1678 115.5037449,40.0615151,1671 115.5037388,40.0615026,1671 115.5037327,40.0614891,1671 115.5037266,40.0614756,1671 115.5037212,40.0614630,1671 115.5037158,40.0614504,1671 115.5037123,40.0614386,1671 115.5037088,40.0614271,1671 115.5037054,40.0614149,1671 115.5037021,40.0614027,1671 115.5036968,40.0613897,1671 115.5036916,40.0613768,1671 115.5036834,40.0613639,1671 115.5036752,40.0613511,1671 115.5036666,40.0613376,1671 115.5036581,40.0613242,1671 115.5036502,40.0613096,1671 115.5036423,40.0612950,1671 115.5036345,40.0612807,1671 115.5036268,40.0612665,1671 115.5036192,40.0612546,1671 115.5036117,40.0612428,1669 115.5036046,40.0612328,1669 115.5035976,40.0612228,1669 115.5035898,40.0612130,1669 115.5035820,40.0612032,1669 115.5035743,40.0611925,1669 115.5035667,40.0611818,1669 115.5035596,40.0611716,1669 115.5035525,40.0611615,1669 115.5035462,40.0611513,1669 115.5035400,40.0611412,1669 115.5035329,40.0611307,1669 115.5035258,40.0611202,1669 115.5035188,40.0611099,1669 115.5035119,40.0610996,1669 115.5035029,40.0610904,1669 115.5034940,40.0610811,1669 115.5034832,40.0610717,1669 115.5034724,40.0610623,1669 115.5034604,40.0610534,1665 115.5034484,40.0610445,1665 115.5034368,40.0610367,1665 115.5034252,40.0610288,1665 115.5034119,40.0610207,1665 115.5033987,40.0610126,1665 115.5033839,40.0610042,1665 115.5033691,40.0609959,1665 115.5033544,40.0609887,1665 115.5033397,40.0609817,1665 115.5033267,40.0609756,1665 115.5033137,40.0609695,1671 115.5033011,40.0609635,1671 115.5032885,40.0609576,1671 115.5032752,40.0609533,1671 115.5032619,40.0609491,1671 115.5032469,40.0609473,1671 115.5032320,40.0609455,1671 115.5032169,40.0609457,1671 115.5032018,40.0609460,1671 115.5031869,40.0609480,1663 115.5031721,40.0609500,1663 115.5031562,40.0609520,1663 115.5031403,40.0609540,1663 115.5031228,40.0609544,1663 115.5031053,40.0609547,1663 115.5030880,40.0609540,1663 115.5030708,40.0609534,1663 115.5030542,40.0609533,1663 115.5030377,40.0609533,1663 115.5030209,40.0609549,1663 115.5030041,40.0609565,1663 115.5029868,40.0609594,1663 115.5029695,40.0609624,1663 115.5029536,40.0609664,1663 115.5029378,40.0609704,1663 115.5029247,40.0609759,1655 115.5029117,40.0609817,1649 115.5029005,40.0609878,1649 115.5028893,40.0609939,1649 115.5028772,40.0609982,1649 115.5028651,40.0610025,1649 115.5028520,40.0610051,1649 115.5028390,40.0610077,1649 115.5028265,40.0610091,1649 115.5028140,40.0610105,1649 115.5028026,40.0610112,1649 115.5027912,40.0610122,1649 115.5027806,40.0610128,1649 115.5027701,40.0610134,1649 115.5027605,40.0610132,1649 115.5027509,40.0610130,1649 115.5027408,40.0610140,1649 115.5027308,40.0610150,1649 115.5027214,40.0610172,1649 115.5027120,40.0610194,1649 115.5027031,40.0610211,1649 115.5026943,40.0610229,1649 115.5026892,40.0610229,1649 115.5026842,40.0610229,1649 115.5026801,40.0610221,1649 115.5026761,40.0610213,1649 115.5026731,40.0610176,1649 115.5026701,40.0610140,1649 115.5026728,40.0610071,1649 115.5026755,40.0610002,1649 115.5026806,40.0609922,1649 115.5026858,40.0609842,1649 115.5026904,40.0609759,1649 115.5026951,40.0609679,1652 115.5026985,40.0609595,1652 115.5027020,40.0609512,1652 115.5027041,40.0609427,1652 115.5027062,40.0609342,1652 115.5027057,40.0609251,1652 115.5027052,40.0609160,1652 115.5027048,40.0609135,1652 115.5027045,40.0609111,1652 115.5027041,40.0609087,1652 115.5027038,40.0609063,1652 115.5027035,40.0609039,1652 115.5027048,40.0608945,1652 115.5027062,40.0608851,1652 115.5027081,40.0608759,1652 115.5027101,40.0608668,1652 115.5027101,40.0608587,1652 115.5027102,40.0608506,1652 115.5027096,40.0608431,1652 115.5027090,40.0608356,1652 115.5027076,40.0608272,1652 115.5027062,40.0608188,1652 115.5027037,40.0608098,1652 115.5027013,40.0608008,1652 115.5026987,40.0607917,1652 115.5026962,40.0607825,1652 115.5026934,40.0607750,1652 115.5026907,40.0607676,1652 115.5026865,40.0607609,1652 115.5026824,40.0607542,1652 115.5026759,40.0607479,1652 115.5026694,40.0607416,1652 115.5026632,40.0607350,1652 115.5026570,40.0607285,1652 115.5026515,40.0607213,1652 115.5026461,40.0607141,1652 115.5026398,40.0607081,1652 115.5026336,40.0607022,1647 115.5026247,40.0606987,1647 115.5026159,40.0606953,1647 115.5026053,40.0606942,1652 115.5025947,40.0606931,1652 115.5025839,40.0606924,1652 115.5025732,40.0606918,1652 115.5025638,40.0606898,1652 115.5025545,40.0606877,1652 115.5025458,40.0606837,1652 115.5025371,40.0606797,1652 115.5025285,40.0606750,1652 115.5025199,40.0606703,1652 115.5025108,40.0606664,1652 115.5025018,40.0606625,1652 115.5024913,40.0606594,1652 115.5024808,40.0606563,1652 115.5024698,40.0606532,1652 115.5024588,40.0606502,1652 115.5024479,40.0606475,1652 115.5024370,40.0606449,1652 115.5024249,40.0606424,1652 115.5024129,40.0606399,1652 115.5024000,40.0606369,1652 115.5023871,40.0606339,1652 115.5023759,40.0606315,1652 115.5023647,40.0606291,1652 115.5023532,40.0606290,1643 115.5023417,40.0606290,1643 115.5023293,40.0606297,1643 115.5023169,40.0606305,1643 115.5023031,40.0606304,1643 115.5022894,40.0606303,1643 115.5022753,40.0606300,1643 115.5022612,40.0606298,1643 115.5022474,40.0606298,1643 115.5022337,40.0606298,1643 115.5022208,40.0606284,1643 115.5022080,40.0606271,1643 115.5021967,40.0606227,1643 115.5021854,40.0606184,1643 115.5021764,40.0606090,1643 115.5021674,40.0605997,1643 115.5021604,40.0605880,1643 115.5021534,40.0605763,1643 115.5021482,40.0605634,1643 115.5021430,40.0605506,1643 115.5021397,40.0605383,1643 115.5021364,40.0605261,1643 115.5021349,40.0605154,1643 115.5021335,40.0605047,1643 115.5021332,40.0604943,1643 115.5021330,40.0604838,1643 115.5021327,40.0604720,1643 115.5021325,40.0604603,1643 115.5021318,40.0604482,1643 115.5021312,40.0604362,1643 115.5021298,40.0604257,1643 115.5021285,40.0604152,1644 115.5021263,40.0604056,1644 115.5021242,40.0603963,1644 115.5021215,40.0603862,1644 115.5021189,40.0603761,1644 115.5021158,40.0603661,1644 115.5021128,40.0603562,1644 115.5021104,40.0603460,1644 115.5021081,40.0603361,1644 115.5021067,40.0603249,1644 115.5021054,40.0603137,1644 115.5021033,40.0603015,1644 115.5021013,40.0602893,1644 115.5020969,40.0602777,1644 115.5020925,40.0602661,1644 115.5020856,40.0602546,1644 115.5020788,40.0602432,1639 115.5020703,40.0602310,1639 115.5020618,40.0602189,1639 115.5020532,40.0602072,1639 115.5020446,40.0601955,1639 115.5020372,40.0601846,1639 115.5020299,40.0601737,1639 115.5020234,40.0601633,1639 115.5020170,40.0601529,1639 115.5020092,40.0601429,1639 115.5020014,40.0601332,1640 115.5019924,40.0601251,1640 115.5019835,40.0601171,1640 115.5019745,40.0601089,1640 115.5019656,40.0601008,1640 115.5019574,40.0600933,1640 115.5019493,40.0600859,1640 115.5019414,40.0600791,1640 115.5019335,40.0600724,1640 115.5019252,40.0600648,1640 115.5019170,40.0600571,1640 115.5019085,40.0600475,1640 115.5019000,40.0600380,1640 115.5018919,40.0600271,1640 115.5018838,40.0600162,1640 115.5018784,40.0600045,1640 115.5018730,40.0599929,1640 115.5018715,40.0599811,1640 115.5018700,40.0599693,1640 115.5018731,40.0599581,1640 115.5018762,40.0599472,1640 115.5018815,40.0599365,1640 115.5018868,40.0599258,1640 115.5018928,40.0599147,1640 115.5018989,40.0599036,1640 115.5019048,40.0598918,1640 115.5019108,40.0598801,1640 115.5019168,40.0598677,1640 115.5019228,40.0598553,1636 115.5019278,40.0598448,1636 115.5019329,40.0598343,1636 115.5019370,40.0598249,1636 115.5019411,40.0598156,1636 115.5019438,40.0598056,1636 115.5019465,40.0597956,1636 115.5019488,40.0597848,1636 115.5019511,40.0597740,1636 115.5019524,40.0597623,1636 115.5019538,40.0597508,1636 115.5019531,40.0597402,1636 115.5019525,40.0597296,1636 115.5019503,40.0597199,1636 115.5019481,40.0597102,1636 115.5019458,40.0596993,1636 115.5019436,40.0596884,1636 115.5019423,40.0596764,1636 115.5019410,40.0596644,1636 115.5019400,40.0596526,1636 115.5019391,40.0596407,1636 115.5019383,40.0596299,1636 115.5019376,40.0596191,1636 115.5019375,40.0596089,1636 115.5019374,40.0595988,1636 115.5019396,40.0595888,1636 115.5019419,40.0595789,1627 115.5019460,40.0595682,1627 115.5019501,40.0595574,1627 115.5019555,40.0595467,1627 115.5019610,40.0595360,1627 115.5019687,40.0595263,1627 115.5019765,40.0595167,1627 115.5019859,40.0595081,1627 115.5019953,40.0594995,1627 115.5020045,40.0594909,1627 115.5020138,40.0594823,1627 115.5020211,40.0594726,1627 115.5020285,40.0594629,1627 115.5020321,40.0594534,1627 115.5020357,40.0594439,1627 115.5020355,40.0594354,1627 115.5020354,40.0594270,1627 115.5020304,40.0594196,1627 115.5020254,40.0594123,1627 115.5020183,40.0594048,1627 115.5020112,40.0593975,1627 115.5020067,40.0593932,1627 115.5020022,40.0593888,1627 115.5019924,40.0593805,1627 115.5019826,40.0593723,1627 115.5019708,40.0593639,1627 115.5019591,40.0593555,1627 115.5019467,40.0593464,1627 115.5019344,40.0593373,1627 115.5019196,40.0593273,1627 115.5019049,40.0593172,1627 115.5018875,40.0593087,1627 115.5018701,40.0593002,1623 115.5018541,40.0592934,1623 115.5018382,40.0592867,1623 115.5018249,40.0592805,1623 115.5018117,40.0592743,1623 115.5017997,40.0592688,1626 115.5017877,40.0592633,1626 115.5017774,40.0592577,1626 115.5017672,40.0592522,1626 115.5017601,40.0592470,1626 115.5017531,40.0592418,1626 115.5017472,40.0592372,1626 115.5017413,40.0592326,1626 115.5017357,40.0592295,1626 115.5017301,40.0592265,1626 115.5017244,40.0592259,1626 115.5017188,40.0592254,1626 115.5017093,40.0592270,1626 115.5016958,40.0592194,1626 115.5016823,40.0592119,1626 115.5016695,40.0592032,1626 115.5016568,40.0591946,1626 115.5016448,40.0591841,1626 115.5016329,40.0591737,1626 115.5016209,40.0591622,1626 115.5016090,40.0591506,1626 115.5015973,40.0591380,1626 115.5015857,40.0591254,1626 115.5015744,40.0591132,1626 115.5015631,40.0591011,1626 115.5015504,40.0590892,1626 115.5015377,40.0590776,1626 115.5015247,40.0590663,1626 115.5015118,40.0590550,1626 115.5014990,40.0590446,1626 115.5014863,40.0590343,1626 115.5014750,40.0590237,1622 115.5014637,40.0590131,1622 115.5014552,40.0590017,1622 115.5014467,40.0589903,1622 115.5014411,40.0589785,1622 115.5014356,40.0589668,1622 115.5014336,40.0589541,1622 115.5014317,40.0589415,1622 115.5014329,40.0589281,1622 115.5014341,40.0589149,1622 115.5014359,40.0589009,1622 115.5014377,40.0588870,1622 115.5014390,40.0588733,1622 115.5014404,40.0588596,1622 115.5014429,40.0588460,1622 115.5014454,40.0588325,1622 115.5014489,40.0588199,1622 115.5014524,40.0588073,1622 115.5014561,40.0587958,1622 115.5014599,40.0587843,1622 115.5014637,40.0587745,1622 115.5014675,40.0587648,1622 115.5014707,40.0587547,1622 115.5014740,40.0587447,1636 115.5014758,40.0587337,1636 115.5014776,40.0587226,1636 115.5014777,40.0587110,1636 115.5014779,40.0586995,1636 115.5014771,40.0586879,1636 115.5014764,40.0586764,1636 115.5014750,40.0586654,1636 115.5014736,40.0586547,1636 115.5014732,40.0586472,1636 115.5014728,40.0586397,1636 115.5014724,40.0586323,1636 115.5014706,40.0586209,1636 115.5014689,40.0586095,1636 115.5014665,40.0585977,1636 115.5014642,40.0585859,1636 115.5014610,40.0585762,1636 115.5014579,40.0585665,1636 115.5014529,40.0585584,1636 115.5014480,40.0585503,1636 115.5014422,40.0585437,1636 115.5014364,40.0585371,1636 115.5014301,40.0585322,1636 115.5014238,40.0585274,1636 115.5014158,40.0585234,1636 115.5014079,40.0585194,1636 115.5013975,40.0585146,1636 115.5013871,40.0585099,1636 115.5013748,40.0585059,1636 115.5013625,40.0585020,1636 115.5013492,40.0584988,1636 115.5013360,40.0584957,1636 115.5013226,40.0584940,1636 115.5013092,40.0584924,1636 115.5012958,40.0584939,1636 115.5012825,40.0584954,1636 115.5012685,40.0584993,1636 115.5012545,40.0585033,1636 115.5012409,40.0585082,1623 115.5012274,40.0585132,1623 115.5012143,40.0585193,1623 115.5012012,40.0585254,1623 115.5011873,40.0585318,1623 115.5011734,40.0585383,1623 115.5011589,40.0585424,1623 115.5011444,40.0585466,1623 115.5011290,40.0585476,1623 115.5011137,40.0585486,1623 115.5010989,40.0585438,1623 115.5010842,40.0585390,1623 115.5010705,40.0585292,1623 115.5010569,40.0585194,1623 115.5010430,40.0585087,1623 115.5010292,40.0584981,1623 115.5010122,40.0584875,1623 115.5009952,40.0584770,1623 115.5009723,40.0584643,1632 115.5009494,40.0584517,1623 115.5009202,40.0584367,1623 115.5008910,40.0584218,1623 115.5008593,40.0584056,1623 115.5008276,40.0583894,1623 115.5007937,40.0583733,1623 115.5007599,40.0583573,1623 115.5007260,40.0583424,1623 115.5006921,40.0583275,1618 115.5006590,40.0583126,1618 115.5006260,40.0582977,1618 115.5005956,40.0582824,1618 115.5005653,40.0582671,1618 115.5005384,40.0582490,1618 115.5005116,40.0582310,1618 115.5004913,40.0582091,1618 115.5004710,40.0581873,1623 115.5004570,40.0581632,1623 115.5004430,40.0581393,1623 115.5004336,40.0581144,1623 115.5004242,40.0580896,1623 115.5004156,40.0580649,1615 115.5004071,40.0580403,1615 115.5003992,40.0580159,1615 115.5003914,40.0579915,1615 115.5003828,40.0579668,1615 115.5003743,40.0579423,1615 115.5003626,40.0579170,1615 115.5003509,40.0578917,1620 115.5003362,40.0578665,1620 115.5003216,40.0578415,1620 115.5003055,40.0578175,1620 115.5002894,40.0577935,1620 115.5002722,40.0577709,1620 115.5002551,40.0577482,1620 115.5002373,40.0577269,1620 115.5002195,40.0577057,1620 115.5002004,40.0576850,1620 115.5001813,40.0576644,1620 115.5001604,40.0576450,1620 115.5001396,40.0576256,1626 115.5001157,40.0576072,1623 115.5000919,40.0575889,1623 115.5000647,40.0575719,1623 115.5000375,40.0575549,1623 115.5000072,40.0575396,1623 115.4999769,40.0575244,1623 115.4999444,40.0575119,1623 115.4999119,40.0574994,1623 115.4998776,40.0574907,1623 115.4998433,40.0574822,1620 115.4998070,40.0574786,1620 115.4997708,40.0574751,1620 115.4997339,40.0574762,1620 115.4996971,40.0574774,1620 115.4996611,40.0574822,1620 115.4996251,40.0574873,1620 115.4995906,40.0574930,1620 115.4995562,40.0574986,1623 115.4995218,40.0575035,1623 115.4994874,40.0575085,1623 115.4994525,40.0575126,1623 115.4994177,40.0575167,1623 115.4993831,40.0575228,1623 115.4993486,40.0575290,1623 115.4993145,40.0575356,1623 115.4992805,40.0575422,1623 115.4992467,40.0575444,1623 115.4992130,40.0575466,1623 115.4991795,40.0575441,1623 115.4991460,40.0575416,1623 115.4991140,40.0575339,1623 115.4990820,40.0575263,1623 115.4990515,40.0575147,1623 115.4990211,40.0575031,1625 115.4989934,40.0574897,1625 115.4989658,40.0574763,1625 115.4989381,40.0574612,1625 115.4989105,40.0574462,1625 115.4988813,40.0574312,1625 115.4988522,40.0574162,1625 115.4988211,40.0574017,1625 115.4987901,40.0573872,1625 115.4987611,40.0573729,1625 115.4987321,40.0573586,1631 115.4987058,40.0573420,1631 115.4986796,40.0573254,1631 115.4986571,40.0573055,1631 115.4986347,40.0572857,1631 115.4986192,40.0572618,1631 115.4986037,40.0572378,1631 115.4985984,40.0572132,1631 115.4985932,40.0571885,1631 115.4985975,40.0571642,1631 115.4986018,40.0571399,1631 115.4986144,40.0571168,1631 115.4986270,40.0570937,1631 115.4986442,40.0570721,1629 115.4986614,40.0570504,1629 115.4986819,40.0570312,1629 115.4987025,40.0570120,1629 115.4987235,40.0569958,1629 115.4987446,40.0569798,1629 115.4987672,40.0569650,1635 115.4987899,40.0569502,1635 115.4988137,40.0569354,1635 115.4988375,40.0569204,1635 115.4988568,40.0569034,1635 115.4988761,40.0568863,1635 115.4988920,40.0568663,1635 115.4989080,40.0568466,1635 115.4989187,40.0568269,1635 115.4989295,40.0568073,1635 115.4989383,40.0567907,1635 115.4989471,40.0567741,1635 115.4989606,40.0567617,1635 115.4989741,40.0567495,1635 115.4989885,40.0567386,1635 115.4990030,40.0567280,1635 115.4990131,40.0567170,1635 115.4990232,40.0567060,1635 115.4990301,40.0566952,1640 115.4990370,40.0566844,1640 115.4990432,40.0566715,1640 115.4990494,40.0566587,1640 115.4990573,40.0566432,1640 115.4990653,40.0566277,1640 115.4990764,40.0566078,1640 115.4990876,40.0565880,1640 115.4991005,40.0565650,1640 115.4991135,40.0565420,1640 115.4991247,40.0565188,1634 115.4991359,40.0564956,1634 115.4991462,40.0564727,1634 115.4991565,40.0564498,1634 115.4991641,40.0564270,1634 115.4991718,40.0564042,1634 115.4991747,40.0563812,1634 115.4991776,40.0563581,1634 115.4991766,40.0563348,1634 115.4991756,40.0563115,1634 115.4991711,40.0562876,1634 115.4991667,40.0562637,1634 115.4991599,40.0562384,1629 115.4991532,40.0562132,1629 115.4991450,40.0561880,1629 115.4991368,40.0561628,1629 115.4991276,40.0561394,1629 115.4991184,40.0561160,1629 115.4991089,40.0560924,1629 115.4990994,40.0560687,1629 115.4990897,40.0560443,1629 115.4990800,40.0560199,1629 115.4990704,40.0559942,1629 115.4990608,40.0559686,1624 115.4990521,40.0559427,1624 115.4990435,40.0559168,1624 115.4990360,40.0558907,1624 115.4990286,40.0558647,1624 115.4990217,40.0558385,1627 115.4990148,40.0558123,1627 115.4990066,40.0557858,1627 115.4989984,40.0557593,1627 115.4989888,40.0557329,1627 115.4989792,40.0557065,1627 115.4989682,40.0556806,1629 115.4989573,40.0556548,1629 115.4989453,40.0556298,1629 115.4989333,40.0556049,1629 115.4989212,40.0555815,1629 115.4989092,40.0555582,1629 115.4988980,40.0555343,1629 115.4988869,40.0555104,1629 115.4988769,40.0554847,1629 115.4988670,40.0554590,1629 115.4988577,40.0554338,1629 115.4988484,40.0554086,1633 115.4988394,40.0553839,1633 115.4988304,40.0553595,1633 115.4988217,40.0553348,1633 115.4988131,40.0553102,1633 115.4988037,40.0552852,1633 115.4987943,40.0552603,1633 115.4987845,40.0552351,1633 115.4987747,40.0552100,1633 115.4987639,40.0551854,1633 115.4987531,40.0551608,1633 115.4987419,40.0551365,1640 115.4987308,40.0551122,1640 115.4987184,40.0550889,1640 115.4987060,40.0550656,1640 115.4986919,40.0550428,1640 115.4986778,40.0550203,1640 115.4986624,40.0549966,1640 115.4986471,40.0549732,1640 115.4986310,40.0549486,1640 115.4986149,40.0549240,1640 115.4985994,40.0549007,1640 115.4985840,40.0548775,1640 115.4985694,40.0548550,1654 115.4985548,40.0548326,1654 115.4985392,40.0548086,1654 115.4985236,40.0547846,1654 115.4985075,40.0547604,1654 115.4984914,40.0547362,1654 115.4984759,40.0547129,1654 115.4984604,40.0546897,1663 115.4984460,40.0546693,1663 115.4984316,40.0546490,1663 115.4984175,40.0546284,1663 115.4984034,40.0546079,1663 115.4983894,40.0545862,1663 115.4983755,40.0545646,1663 115.4983624,40.0545434,1663 115.4983493,40.0545223,1663 115.4983363,40.0545013,1663 115.4983234,40.0544803,1663 115.4983094,40.0544605,1663 115.4982955,40.0544408,1663 115.4982808,40.0544220,1663 115.4982661,40.0544035,1663 115.4982495,40.0543859,1663 115.4982330,40.0543683,1663 115.4982144,40.0543524,1663 115.4981959,40.0543365,1663 115.4981762,40.0543217,1664 115.4981565,40.0543071,1664 115.4981331,40.0542947,1649 115.4981097,40.0542824,1649 115.4980839,40.0542730,1649 115.4980581,40.0542636,1649 115.4980317,40.0542564,1649 115.4980054,40.0542493,1649 115.4979803,40.0542435,1649 115.4979552,40.0542378,1649 115.4979317,40.0542326,1649 115.4979082,40.0542274,1651 115.4978874,40.0542232,1651 115.4978666,40.0542193,1651 115.4978483,40.0542149,1651 115.4978301,40.0542105,1651 115.4978115,40.0542056,1651 115.4977930,40.0542007,1651 115.4977747,40.0541924,1651 115.4977565,40.0541842,1651 115.4977387,40.0541731,1651 115.4977210,40.0541621,1651 115.4977038,40.0541534,1651 115.4976867,40.0541448,1651 115.4976690,40.0541367,1651 115.4976513,40.0541286,1651 115.4976313,40.0541188,1653 115.4976113,40.0541089,1653 115.4975903,40.0540992,1653 115.4975693,40.0540895,1653 115.4975477,40.0540812,1653 115.4975261,40.0540729,1653 115.4975052,40.0540656,1653 115.4974843,40.0540583,1653 115.4974656,40.0540512,1653 115.4974469,40.0540442,1653 115.4974324,40.0540384,1653 115.4974180,40.0540326,1653 115.4974054,40.0540276,1638 115.4973929,40.0540226,1638 115.4973795,40.0540177,1638 115.4973662,40.0540131,1638 115.4973508,40.0540085,1644 115.4973355,40.0540040,1644 115.4973181,40.0539989,1644 115.4973007,40.0539939,1644 115.4972831,40.0539885,1644 115.4972656,40.0539833,1644 115.4972485,40.0539768,1644 115.4972314,40.0539703,1644 115.4972152,40.0539632,1644 115.4971990,40.0539561,1644 115.4971834,40.0539486,1644 115.4971679,40.0539412,1644 115.4971519,40.0539331,1644 115.4971359,40.0539250,1644 115.4971192,40.0539169,1644 115.4971026,40.0539088,1644 115.4970850,40.0538995,1644 115.4970675,40.0538903,1649 115.4970496,40.0538792,1649 115.4970318,40.0538681,1649 115.4970140,40.0538563,1649 115.4969962,40.0538444,1649 115.4969788,40.0538310,1649 115.4969615,40.0538178,1649 115.4969462,40.0538026,1649 115.4969309,40.0537875,1649 115.4969189,40.0537722,1649 115.4969070,40.0537569,1649 115.4968968,40.0537429,1648 115.4968867,40.0537289,1648 115.4968770,40.0537167,1648 115.4968673,40.0537048,1648 115.4968580,40.0536927,1648 115.4968488,40.0536806,1648 115.4968401,40.0536679,1648 115.4968315,40.0536552,1648 115.4968246,40.0536429,1648 115.4968177,40.0536307,1648 115.4968127,40.0536194,1648 115.4968078,40.0536082,1648 115.4968027,40.0535974,1655 115.4967977,40.0535866,1655 115.4967912,40.0535759,1655 115.4967848,40.0535652,1655 115.4967754,40.0535541,1655 115.4967661,40.0535431,1655 115.4967547,40.0535312,1655 115.4967433,40.0535193,1655 115.4967326,40.0535073,1655 115.4967220,40.0534954,1655 115.4967130,40.0534825,1655 115.4967041,40.0534697,1651 115.4966951,40.0534559,1651 115.4966861,40.0534421,1651 115.4966756,40.0534297,1651 115.4966651,40.0534173,1651 115.4966537,40.0534058,1651 115.4966424,40.0533943,1651 115.4966305,40.0533839,1651 115.4966187,40.0533736,1651 115.4966056,40.0533646,1651 115.4965925,40.0533557,1651 115.4965779,40.0533480,1651 115.4965634,40.0533404,1651 115.4965484,40.0533344,1651 115.4965334,40.0533284,1651 115.4965182,40.0533238,1650 115.4965031,40.0533192,1650 115.4964880,40.0533170,1650 115.4964730,40.0533148,1650 115.4964577,40.0533148,1650 115.4964424,40.0533147,1650 115.4964272,40.0533156,1650 115.4964121,40.0533165,1650 115.4963962,40.0533177,1650 115.4963804,40.0533189,1650 115.4963636,40.0533209,1650 115.4963469,40.0533229,1650 115.4963300,40.0533265,1650 115.4963132,40.0533302,1650 115.4962965,40.0533342,1650 115.4962799,40.0533383,1650 115.4962630,40.0533424,1650 115.4962461,40.0533465,1649 115.4962294,40.0533507,1649 115.4962127,40.0533550,1649 115.4961968,40.0533589,1649 115.4961810,40.0533629,1649 115.4961653,40.0533671,1649 115.4961496,40.0533716,1649 115.4961334,40.0533760,1649 115.4961173,40.0533804,1649 115.4960996,40.0533840,1649 115.4960819,40.0533877,1649 115.4960638,40.0533902,1649 115.4960457,40.0533930,1649 115.4960291,40.0533951,1649 115.4960126,40.0533972,1649 115.4959959,40.0533981,1649 115.4959793,40.0533993,1649 115.4959636,40.0534000,1648 115.4959480,40.0534008,1648 115.4959332,40.0534015,1648 115.4959184,40.0534023,1648 115.4959045,40.0534033,1648 115.4958907,40.0534042,1648 115.4958775,40.0534054,1648 115.4958644,40.0534066,1648 115.4958533,40.0534064,1648 115.4958423,40.0534063,1648 115.4958333,40.0534056,1648 115.4958244,40.0534048,1648 115.4958124,40.0534042,1648 115.4958004,40.0534038,1648 115.4957845,40.0534027,1648 115.4957687,40.0534016,1648 115.4957517,40.0534006,1648 115.4957348,40.0533996,1648 115.4957191,40.0533989,1648 115.4957035,40.0533981,1648 115.4956891,40.0533977,1647 115.4956748,40.0533972,1647 115.4956631,40.0533978,1647 115.4956515,40.0533985,1647 115.4956411,40.0534005,1647 115.4956308,40.0534025,1647 115.4956208,40.0534038,1647 115.4956109,40.0534051,1647 115.4956010,40.0534065,1647 115.4955846,40.0534074,1647 115.4955682,40.0534084,1647 115.4955512,40.0534085,1647 115.4955342,40.0534086,1647 115.4955167,40.0534080,1647 115.4954993,40.0534075,1647 115.4954833,40.0534072,1647 115.4954673,40.0534069,1647 115.4954517,40.0534074,1647 115.4954361,40.0534079,1647 115.4954204,40.0534086,1647 115.4954048,40.0534093,1646 115.4953904,40.0534094,1646 115.4953761,40.0534095,1646 115.4953611,40.0534101,1646 115.4953461,40.0534108,1646 115.4953310,40.0534107,1646 115.4953159,40.0534107,1646 115.4953008,40.0534097,1646 115.4952858,40.0534088,1646 115.4952698,40.0534075,1646 115.4952539,40.0534062,1646 115.4952389,40.0534050,1646 115.4952240,40.0534038,1646 115.4952083,40.0534029,1646 115.4951927,40.0534021,1646 115.4951768,40.0534006,1646 115.4951610,40.0533991,1646 115.4951468,40.0533960,1646 115.4951327,40.0533929,1644 115.4951209,40.0533882,1644 115.4951092,40.0533835,1644 115.4950999,40.0533756,1644 115.4950906,40.0533677,1644 115.4950835,40.0533569,1644 115.4950764,40.0533460,1644 115.4950717,40.0533338,1644 115.4950671,40.0533215,1644 115.4950644,40.0533098,1644 115.4950617,40.0532980,1644 115.4950594,40.0532870,1644 115.4950571,40.0532759,1644 115.4950555,40.0532647,1644 115.4950540,40.0532534,1644 115.4950532,40.0532424,1644 115.4950525,40.0532314,1644 115.4950505,40.0532187,1644 115.4950485,40.0532061,1644 115.4950451,40.0531928,1641 115.4950417,40.0531795,1641 115.4950388,40.0531660,1641 115.4950360,40.0531526,1641 115.4950342,40.0531396,1641 115.4950324,40.0531267,1641 115.4950320,40.0531160,1641 115.4950316,40.0531056,1641 115.4950323,40.0530982,1641 115.4950331,40.0530908,1641 115.4950306,40.0530841,1641 115.4950281,40.0530775,1641 115.4950234,40.0530727,1641 115.4950187,40.0530679,1641 115.4950140,40.0530631,1641 115.4950082,40.0530566,1641 115.4950024,40.0530502,1641 115.4949989,40.0530442,1641 115.4949955,40.0530383,1641 115.4949928,40.0530313,1641 115.4949902,40.0530244,1641 115.4949892,40.0530039,1641 115.4949888,40.0529921,1641 115.4949884,40.0529804,1641 115.4949876,40.0529677,1641 115.4949869,40.0529551,1641 115.4949878,40.0529425,1641 115.4949887,40.0529299,1641 115.4949903,40.0529177,1641 115.4949920,40.0529055,1640 115.4949940,40.0528928,1640 115.4949960,40.0528802,1640 115.4949981,40.0528663,1640 115.4950003,40.0528525,1640 115.4950014,40.0528354,1640 115.4950025,40.0528184,1640 115.4950038,40.0527969,1640 115.4950051,40.0527754,1640 115.4950065,40.0527516,1640 115.4950080,40.0527279,1640 115.4950094,40.0527040,1640 115.4950108,40.0526802,1640 115.4950119,40.0526561,1640 115.4950130,40.0526320,1637 115.4950147,40.0526083,1637 115.4950164,40.0525845,1637 115.4950185,40.0525611,1637 115.4950206,40.0525377,1637 115.4950225,40.0525148,1637 115.4950245,40.0524920,1637 115.4950274,40.0524696,1637 115.4950304,40.0524473,1637 115.4949721,40.0523984,1637 115.4947944,40.0520212,1636 115.4947944,40.0520212,1636 115.4943878,40.0518691,1636 115.4943878,40.0518691,1636 115.4938586,40.0519640,1641 115.4938586,40.0519640,1641 115.4932782,40.0521183,1638 115.4932782,40.0521183,1638 115.4927948,40.0520912,1634 115.4927948,40.0520912,1634 115.4923208,40.0519255,1636 115.4923208,40.0519255,1636 115.4920610,40.0517143,1631 115.4920610,40.0517143,1631 115.4919614,40.0512778,1638 115.4919614,40.0512778,1638 115.4919210,40.0508763,1650 115.4919210,40.0508763,1650 115.4918255,40.0505270,1655 115.4918255,40.0505270,1655 115.4915791,40.0502953,1653 115.4915791,40.0502953,1653 115.4911927,40.0502069,1658 115.4911927,40.0502069,1658 115.4907079,40.0498851,1660 115.4907079,40.0498851,1660 115.4902192,40.0495357,1665 115.4902192,40.0495357,1665 115.4895783,40.0492597,1669 115.4895783,40.0492597,1669 115.4888296,40.0490912,1670 115.4888296,40.0490912,1670 115.4879450,40.0490855,1679 115.4879450,40.0490855,1679 115.4871761,40.0493080,1685 115.4871761,40.0493080,1685 115.4867574,40.0491569,1687 115.4867574,40.0491569,1687 115.4863238,40.0488425,1707 115.4863238,40.0488425,1707 115.4855752,40.0486709,1713 115.4855752,40.0486709,1713 115.4848979,40.0486155,1712 115.4848979,40.0486155,1712 115.4841546,40.0490014,1703 115.4841546,40.0490014,1703 115.4838127,40.0484440,1717 115.4838127,40.0484440,1717 115.4835111,40.0480027,1724 115.4835111,40.0480027,1724 115.4829255,40.0477156,1711 115.4829255,40.0477156,1711 115.4825068,40.0473161,1695 115.4825068,40.0473161,1695 115.4821797,40.0466807,1685 115.4821797,40.0466807,1685 115.4819845,40.0461073,1680 115.4819845,40.0461073,1680 115.4819415,40.0457273,1685 115.4819415,40.0457273,1685 115.4816507,40.0452389,1694 115.4817046,40.0448212,1689 115.4817734,40.0443492,1687 115.4818986,40.0438773,1701 115.4820441,40.0434014,1706 115.4822152,40.0430877,1712 115.4822138,40.0428085,1718 115.4819581,40.0422349,1727 115.4816768,40.0416950,1734 115.4813429,40.0411797,1748 115.4808690,40.0407872,1755 115.4804100,40.0403403,1770 115.4800424,40.0400250,1777 115.4797719,40.0396095,1780 115.4795727,40.0391017,1800 115.4794471,40.0388216,1808 115.4794278,40.0388074,1808 115.4794085,40.0387932,1808 115.4793901,40.0387777,1808 115.4793718,40.0387622,1808 115.4793555,40.0387456,1824 115.4793392,40.0387291,1824 115.4793243,40.0387112,1824 115.4793094,40.0386933,1824 115.4792964,40.0386761,1826 115.4792835,40.0386589,1826 115.4792718,40.0386415,1826 115.4792601,40.0386241,1826 115.4792482,40.0386055,1826 115.4792364,40.0385872,1826 115.4792249,40.0385684,1826 115.4792135,40.0385499,1826 115.4792030,40.0385317,1826 115.4791926,40.0385135,1826 115.4791824,40.0384972,1826 115.4791722,40.0384810,1826 115.4791612,40.0384651,1834 115.4791503,40.0384493,1834 115.4791377,40.0384340,1834 115.4791252,40.0384187,1834 115.4791109,40.0384047,1834 115.4790967,40.0383908,1834 115.4790833,40.0383775,1834 115.4790699,40.0383645,1834 115.4790583,40.0383526,1834 115.4790467,40.0383407,1834 115.4790363,40.0383301,1834 115.4790260,40.0383196,1838 115.4790151,40.0383098,1838 115.4790042,40.0383001,1838 115.4789922,40.0382885,1838 115.4789803,40.0382770,1838 115.4789707,40.0382634,1838 115.4789612,40.0382498,1838 115.4789555,40.0382355,1838 115.4789498,40.0382211,1838 115.4789427,40.0382082,1838 115.4789357,40.0381953,1838 115.4789243,40.0381829,1841 115.4789129,40.0381705,1841 115.4788971,40.0381584,1841 115.4788814,40.0381463,1841 115.4788652,40.0381355,1841 115.4788490,40.0381248,1841 115.4788342,40.0381133,1841 115.4788194,40.0381019,1841 115.4788065,40.0380870,1841 115.4787936,40.0380721,1841 115.4787809,40.0380561,1841 115.4787683,40.0380401,1841 115.4787564,40.0380236,1841 115.4787446,40.0380071,1848 115.4787346,40.0379896,1848 115.4787247,40.0379721,1848 115.4787149,40.0379551,1848 115.4787052,40.0379382,1848 115.4786930,40.0379227,1848 115.4786809,40.0379074,1848 115.4786658,40.0378952,1848 115.4786508,40.0378831,1848 115.4786337,40.0378747,1848 115.4786167,40.0378663,1848 115.4785976,40.0378581,1848 115.4785786,40.0378499,1848 115.4785574,40.0378421,1848 115.4785362,40.0378344,1848 115.4785138,40.0378250,1848 115.4784914,40.0378157,1848 115.4784684,40.0378052,1854 115.4784455,40.0377948,1854 115.4784231,40.0377842,1854 115.4784007,40.0377736,1854 115.4783787,40.0377623,1854 115.4783567,40.0377510,1854 115.4783347,40.0377398,1854 115.4783128,40.0377287,1854 115.4782925,40.0377186,1854 115.4782723,40.0377085,1854 115.4782534,40.0376988,1854 115.4782345,40.0376891,1854 115.4782169,40.0376786,1854 115.4781994,40.0376681,1854 115.4781828,40.0376569,1862 115.4781663,40.0376457,1862 115.4781501,40.0376333,1864 115.4781339,40.0376209,1864 115.4781171,40.0376085,1864 115.4781003,40.0375962,1864 115.4780823,40.0375842,1864 115.4780644,40.0375723,1864 115.4780460,40.0375590,1864 115.4780277,40.0375457,1864 115.4780091,40.0375332,1864 115.4779906,40.0375207,1864 115.4779723,40.0375096,1864 115.4779541,40.0374985,1864 115.4779385,40.0374883,1864 115.4779230,40.0374781,1864 115.4779090,40.0374682,1876 115.4778951,40.0374584,1876 115.4778807,40.0374512,1876 115.4778664,40.0374440,1876 115.4778492,40.0374424,1876 115.4778320,40.0374408,1876 115.4778132,40.0374453,1876 115.4777945,40.0374498,1876 115.4777745,40.0374560,1876 115.4777545,40.0374623,1876 115.4777345,40.0374667,1876 115.4777145,40.0374711,1876 115.4776967,40.0374721,1876 115.4776790,40.0374732,1876 115.4776652,40.0374706,1876 115.4776514,40.0374679,1876 115.4776384,40.0374630,1887 115.4776254,40.0374583,1887 115.4776122,40.0374522,1887 115.4775990,40.0374460,1887 115.4775871,40.0374375,1887 115.4775752,40.0374289,1887 115.4775658,40.0374198,1887 115.4775564,40.0374108,1887 115.4775484,40.0374047,1887 115.4775405,40.0373987,1887 115.4775321,40.0373949,1887 115.4775237,40.0373913,1887 115.4775146,40.0373880,1887 115.4775056,40.0373848,1887 115.4774965,40.0373812,1887 115.4774875,40.0373776,1887 115.4774793,40.0373729,1887 115.4774711,40.0373683,1887 115.4774644,40.0373621,1887 115.4774577,40.0373562,1891 115.4774518,40.0373511,1891 115.4774459,40.0373460,1891 115.4774374,40.0373422,1891 115.4774289,40.0373384,1891 115.4774181,40.0373359,1891 115.4774073,40.0373335,1891 115.4773970,40.0373307,1891 115.4773867,40.0373279,1891 115.4773763,40.0373259,1891 115.4773659,40.0373238,1891 115.4773553,40.0373229,1903 115.4773447,40.0373219,1903 115.4773346,40.0373195,1903 115.4773245,40.0373171,1903 115.4773151,40.0373128,1903 115.4773057,40.0373085,1903 115.4773008,40.0373056,1903 115.4772959,40.0373028,1903 115.4772909,40.0373004,1903 115.4772859,40.0372980,1903 115.4772809,40.0372956,1903 115.4772748,40.0372927,1903 115.4772688,40.0372899,1903 115.4772619,40.0372885,1903 115.4772551,40.0372873,1903 115.4772504,40.0372873,1903 115.4772457,40.0372872,1903 115.4772402,40.0372854,1903 115.4772348,40.0372836,1903 115.4772294,40.0372818,1903 115.4772236,40.0372752,1903 115.4772178,40.0372687,1903 115.4772125,40.0372621,1903 115.4772073,40.0372556,1903 115.4772003,40.0372516,1903 115.4771933,40.0372476,1903 115.4771853,40.0372456,1903 115.4771774,40.0372437,1903 115.4771688,40.0372447,1903 115.4771603,40.0372458,1903 115.4771507,40.0372488,1903 115.4771411,40.0372519,1903 115.4771351,40.0372540,1903 115.4771291,40.0372561,1903 115.4771232,40.0372580,1903 115.4771173,40.0372600,1903 115.4771067,40.0372634,1903 115.4770961,40.0372668,1903 115.4770858,40.0372712,1903 115.4770756,40.0372757,1914 115.4770654,40.0372811,1914 115.4770552,40.0372865,1914 115.4770441,40.0372922,1914 115.4770330,40.0372979,1914 115.4770219,40.0373017,1914 115.4770108,40.0373055,1914 115.4769989,40.0373063,1914 115.4769870,40.0373072,1914 115.4769754,40.0373039,1914 115.4769638,40.0373006,1914 115.4769519,40.0372964,1914 115.4769401,40.0372922,1914 115.4769272,40.0372902,1914 115.4769144,40.0372883,1914 115.4769024,40.0372893,1914 115.4768905,40.0372904,1914 115.4768795,40.0372958,1914 115.4768686,40.0373013,1914 115.4768593,40.0373076,1914 115.4768500,40.0373138,1914 115.4768416,40.0373182,1914 115.4768333,40.0373226,1914 115.4768259,40.0373264,1914 115.4768185,40.0373303,1914 115.4768111,40.0373344,1914 115.4768037,40.0373385,1924 115.4767949,40.0373398,1924 115.4767861,40.0373412,1924 115.4767779,40.0373372,1924 115.4767697,40.0373332,1924 115.4767632,40.0373271,1924 115.4767568,40.0373210,1924 115.4767508,40.0373130,1924 115.4767449,40.0373050,1924 115.4767389,40.0372949,1924 115.4767329,40.0372849,1924 115.4767260,40.0372751,1924 115.4767192,40.0372654,1924 115.4767111,40.0372562,1924 115.4767030,40.0372471,1924 115.4766938,40.0372401,1924 115.4766847,40.0372331,1924 115.4766759,40.0372303,1924 115.4766672,40.0372276,1924 115.4766584,40.0372291,1924 115.4766497,40.0372307,1924 115.4766404,40.0372337,1924 115.4766311,40.0372368,1924 115.4766216,40.0372389,1924 115.4766121,40.0372410,1924 115.4766020,40.0372422,1924 115.4765919,40.0372434,1924 115.4765787,40.0372437,1924 115.4765656,40.0372441,1924 115.4765466,40.0372445,1924 115.4765390,40.0372484,1924 115.4765315,40.0372525,1924 115.4765272,40.0372556,1935 115.4765230,40.0372587,1935 115.4765169,40.0372642,1935 115.4765109,40.0372700,1935 115.4765047,40.0372767,1935 115.4764985,40.0372835,1935 115.4764912,40.0372912,1935 115.4764840,40.0372990,1935 115.4764759,40.0373055,1935 115.4764678,40.0373121,1935 115.4764593,40.0373146,1935 115.4764509,40.0373171,1935 115.4764429,40.0373151,1935 115.4764350,40.0373131,1935 115.4764291,40.0373055,1935 115.4764232,40.0372979,1935 115.4764200,40.0372897,1935 115.4764168,40.0372816,1935 115.4764146,40.0372749,1935 115.4764124,40.0372683,1935 115.4764116,40.0372662,1935 115.4764109,40.0372641,1935 115.4764102,40.0372620,1935 115.4764095,40.0372600,1935 115.4764058,40.0372521,1935 115.4764022,40.0372443,1935 115.4763972,40.0372360,1935 115.4763923,40.0372277,1935 115.4763867,40.0372180,1935 115.4763812,40.0372083,1935 115.4763767,40.0371975,1935 115.4763722,40.0371868,1935 115.4763680,40.0371747,1935 115.4763639,40.0371626,1935 115.4763596,40.0371471,1935 115.4763553,40.0371317,1935 115.4763503,40.0371130,1935 115.4763454,40.0370943,1935 115.4763401,40.0370755,1933 115.4763348,40.0370567,1933 115.4763288,40.0370435,1933 115.4763228,40.0370303,1933 115.4763148,40.0370246,1933 115.4763069,40.0370190,1933 115.4762955,40.0370218,1933 115.4762842,40.0370247,1933 115.4762722,40.0370341,1933 115.4762602,40.0370435,1933 115.4762490,40.0370549,1943 115.4762378,40.0370664,1943 115.4762258,40.0370756,1943 115.4762139,40.0370848,1943 115.4761990,40.0370914,1943 115.4761841,40.0370981,1943 115.4761704,40.0371041,1943 115.4761567,40.0371102,1943 115.4761460,40.0371173,1943 115.4761354,40.0371244,1943 115.4761260,40.0371332,1943 115.4761167,40.0371420,1943 115.4761074,40.0371534,1943 115.4760982,40.0371648,1943 115.4760862,40.0371778,1943 115.4760742,40.0371909,1943 115.4760591,40.0372014,1943 115.4760440,40.0372119,1943 115.4760287,40.0372177,1943 115.4760134,40.0372235,1943 115.4759990,40.0372243,1943 115.4759847,40.0372252,1943 115.4759719,40.0372207,1951 115.4759591,40.0372162,1951 115.4759489,40.0372078,1951 115.4759387,40.0371994,1951 115.4759329,40.0371882,1951 115.4759271,40.0371770,1951 115.4759272,40.0371647,1951 115.4759273,40.0371525,1951 115.4759281,40.0371417,1951 115.4759289,40.0371310,1951 115.4759276,40.0371223,1951 115.4759264,40.0371137,1951 115.4759224,40.0371063,1951 115.4759185,40.0370988,1951 115.4759117,40.0370915,1951 115.4759049,40.0370841,1951 115.4758952,40.0370779,1955 115.4758856,40.0370718,1955 115.4758746,40.0370648,1955 115.4758637,40.0370579,1955 115.4758529,40.0370505,1955 115.4758421,40.0370432,1955 115.4758322,40.0370377,1955 115.4758223,40.0370323,1955 115.4758121,40.0370306,1955 115.4758020,40.0370289,1955 115.4757888,40.0370315,1955 115.4757757,40.0370342,1955 115.4757599,40.0370372,1955 115.4757441,40.0370403,1955 115.4757261,40.0370429,1955 115.4757081,40.0370456,1955 115.4756888,40.0370488,1967 115.4756696,40.0370520,1967 115.4756507,40.0370542,1967 115.4756319,40.0370564,1967 115.4756171,40.0370552,1967 115.4756024,40.0370541,1967 115.4755943,40.0370475,1967 115.4755863,40.0370410,1967 115.4755844,40.0370318,1967 115.4755825,40.0370227,1967 115.4755823,40.0370148,1967 115.4755822,40.0370070,1967 115.4755775,40.0369991,1967 115.4755728,40.0369912,1967 115.4755624,40.0369795,1967 115.4755614,40.0369718,1967 115.4755605,40.0369641,1967 115.4755591,40.0369561,1967 115.4755577,40.0369480,1967 115.4755561,40.0369401,1967 115.4755545,40.0369324,1967 115.4755525,40.0369258,1967 115.4755505,40.0369193,1967 115.4755469,40.0369130,1967 115.4755434,40.0369068,1967 115.4755377,40.0369006,1967 115.4755321,40.0368945,1967 115.4755241,40.0368906,1967 115.4755161,40.0368868,1967 115.4755065,40.0368856,1967 115.4754970,40.0368845,1967 115.4754868,40.0368842,1967 115.4754767,40.0368841,1967 115.4754665,40.0368833,1967 115.4754564,40.0368825,1967 115.4754479,40.0368811,1967 115.4754394,40.0368798,1967 115.4754322,40.0368783,1967 115.4754251,40.0368768,1967 115.4754182,40.0368754,1967 115.4754114,40.0368740,1981 115.4754031,40.0368728,1981 115.4753949,40.0368717,1981 115.4753864,40.0368704,1981 115.4753780,40.0368690,1981 115.4753694,40.0368678,1981 115.4753609,40.0368665,1981 115.4753519,40.0368650,1981 115.4753429,40.0368635,1981 115.4753329,40.0368620,1981 115.4753230,40.0368604,1981 115.4753127,40.0368582,1981 115.4753025,40.0368560,1981 115.4752922,40.0368537,1981 115.4752820,40.0368515,1981 115.4752760,40.0368505,1981 115.4752700,40.0368495,1981 115.4752611,40.0368492,1981 115.4752522,40.0368489,1981 115.4752441,40.0368489,1981 115.4752360,40.0368489,1981 115.4752289,40.0368500,1981 115.4752218,40.0368511,1981 115.4752153,40.0368538,1981 115.4752089,40.0368566,1981 115.4752027,40.0368611,1981 115.4751966,40.0368656,1981 115.4751890,40.0368712,1981 115.4751814,40.0368769,1981 115.4751723,40.0368832,1981 115.4751632,40.0368895,1981 115.4751542,40.0368965,1981 115.4751453,40.0369036,1981 115.4751358,40.0369105,1986 115.4751264,40.0369174,1986 115.4751173,40.0369243,1986 115.4751082,40.0369315,1986 115.4750998,40.0369377,1986 115.4750914,40.0369441,1986 115.4750816,40.0369486,1986 115.4750718,40.0369531,1986 115.4750609,40.0369573,1986 115.4750501,40.0369614,1986 115.4750387,40.0369649,1986 115.4750273,40.0369684,1986 115.4750161,40.0369709,1986 115.4750049,40.0369734,1986 115.4749948,40.0369744,1986 115.4749848,40.0369754,1986 115.4749755,40.0369766,1986 115.4749663,40.0369778,1986 115.4749569,40.0369797,1986 115.4749476,40.0369815,1986 115.4749382,40.0369836,1986 115.4749288,40.0369857,1986 115.4749204,40.0369874,1986 115.4749120,40.0369892,1986 115.4749040,40.0369900,1986 115.4748961,40.0369909,1986 115.4748880,40.0369906,1986 115.4748800,40.0369904,1986 115.4748710,40.0369886,1986 115.4748621,40.0369869,1986 115.4748569,40.0369843,1995 115.4748518,40.0369817,1995 115.4748467,40.0369792,1995 115.4748404,40.0369741,1995 115.4748341,40.0369690,1995 115.4748307,40.0369649,1995 115.4748273,40.0369608,1995 115.4748239,40.0369567,1995 115.4748201,40.0369503,1995 115.4748163,40.0369439,1995 115.4748126,40.0369367,1995 115.4748089,40.0369296,1995 115.4748044,40.0369221,1995 115.4747999,40.0369146,1995 115.4747946,40.0369077,1995 115.4747893,40.0369008,1995 115.4747832,40.0368948,1995 115.4747771,40.0368889,1995 115.4747701,40.0368835,1995 115.4747631,40.0368781,1995 115.4747554,40.0368738,1995 115.4747478,40.0368695,1995 115.4747403,40.0368667,1995 115.4747329,40.0368640,1995 115.4747243,40.0368619,1995 115.4747157,40.0368598,1995 115.4747068,40.0368581,1995 115.4746980,40.0368565,1995 115.4746887,40.0368553,1995 115.4746794,40.0368541,1995 115.4746695,40.0368536,1995 115.4746596,40.0368531,1995 115.4746493,40.0368535,1995 115.4746390,40.0368540,1995 115.4746290,40.0368556,1995 115.4746190,40.0368572,1995 115.4746094,40.0368596,1995 115.4745999,40.0368621,1995 115.4745917,40.0368646,1995 115.4745836,40.0368672,1995 115.4745765,40.0368693,2005 115.4745694,40.0368714,2005 115.4745614,40.0368730,2005 115.4745535,40.0368746,2005 115.4745474,40.0368756,2005 115.4745414,40.0368767,2005 115.4745354,40.0368778,2005 115.4745276,40.0368797,2005 115.4745198,40.0368817,2005 115.4745112,40.0368841,2005 115.4745027,40.0368865,2005 115.4744934,40.0368877,2005 115.4744841,40.0368890,2005 115.4744740,40.0368876,2005 115.4744639,40.0368862,2005 115.4744546,40.0368810,2005 115.4744453,40.0368758,2005 115.4744410,40.0368724,2005 115.4744368,40.0368690,2005 115.4744300,40.0368637,2005 115.4744233,40.0368583,2005 115.4744167,40.0368530,2005 115.4744101,40.0368477,2005 115.4744037,40.0368416,2005 115.4743974,40.0368357,2005 115.4743941,40.0368319,2005 115.4743908,40.0368282,2005 115.4743852,40.0368222,2005 115.4743797,40.0368161,2005 115.4743739,40.0368099,2005 115.4743681,40.0368036,2014 115.4743630,40.0367972,2014 115.4743580,40.0367908,2014 115.4743536,40.0367837,2014 115.4743493,40.0367766,2014 115.4743469,40.0367721,2014 115.4743445,40.0367677,2014 115.4743400,40.0367606,2014 115.4743356,40.0367536,2014 115.4743306,40.0367466,2014 115.4743256,40.0367396,2014 115.4743198,40.0367334,2014 115.4743140,40.0367273,2014 115.4743064,40.0367223,2014 115.4742989,40.0367173,2025 115.4742866,40.0367111,2025 115.4742809,40.0367103,2025 115.4742752,40.0367095,2025 115.4742637,40.0367087,2025 115.4742523,40.0367080,2025 115.4742393,40.0367061,2025 115.4742263,40.0367042,2025 115.4742134,40.0367008,2025 115.4742006,40.0366974,2025 115.4741878,40.0366939,2025 115.4741750,40.0366905,2025 115.4741625,40.0366881,2025 115.4741500,40.0366858,2025 115.4741379,40.0366831,2025 115.4741258,40.0366805,2025 115.4741143,40.0366766,2025 115.4741029,40.0366726,2025 115.4740942,40.0366670,2025 115.4740856,40.0366614,2025 115.4740798,40.0366543,2025 115.4740741,40.0366472,2025 115.4740703,40.0366398,2025 115.4740666,40.0366324,2025 115.4740645,40.0366241,2025 115.4740625,40.0366158,2025 115.4740622,40.0366063,2025 115.4740619,40.0365969,2025 115.4740641,40.0365861,2025 115.4740664,40.0365753,2025 115.4740719,40.0365652,2025 115.4740774,40.0365550,2025 115.4740837,40.0365457,2025 115.4740900,40.0365364,2025 115.4740919,40.0365291,2025 115.4740939,40.0365218,2025 115.4740893,40.0365168,2025 115.4740848,40.0365118,2025 115.4740762,40.0365084,2025 115.4740676,40.0365052,2025 115.4740570,40.0365021,2025 115.4740464,40.0364990,2025 115.4740336,40.0364952,2025 115.4740208,40.0364914,2033 115.4740092,40.0364858,2033 115.4739977,40.0364801,2033 115.4739894,40.0364723,2033 115.4739811,40.0364646,2033 115.4739722,40.0364587,2033 115.4739634,40.0364529,2033 115.4739496,40.0364495,2033 115.4739358,40.0364462,2033 115.4739196,40.0364425,2033 115.4739035,40.0364389,2033 115.4738874,40.0364343,2033 115.4738713,40.0364297,2033 115.4738564,40.0364242,2033 115.4738416,40.0364188,2033 115.4738289,40.0364131,2033 115.4738162,40.0364074,2033 115.4738057,40.0364018,2033 115.4737953,40.0363962,2033 115.4737858,40.0363904,2033 115.4737764,40.0363847,2033 115.4737656,40.0363800,2033 115.4737549,40.0363754,2033 115.4737433,40.0363721,2041 115.4737318,40.0363688,2041 115.4737196,40.0363655,2041 115.4737075,40.0363622,2041 115.4736963,40.0363576,2041 115.4736851,40.0363530,2041 115.4736762,40.0363476,2041 115.4736674,40.0363423,2041 115.4736594,40.0363376,2041 115.4736515,40.0363329,2041 115.4736429,40.0363282,2041 115.4736343,40.0363236,2041 115.4736249,40.0363190,2041 115.4736155,40.0363144,2041 115.4736057,40.0363101,2041 115.4735959,40.0363059,2041 115.4735859,40.0363016,2041 115.4735760,40.0362973,2041 115.4735664,40.0362922,2041 115.4735568,40.0362871,2041 115.4735478,40.0362812,2041 115.4735388,40.0362754,2041 115.4735322,40.0362719,2041 115.4735257,40.0362687,2041 115.4735192,40.0362654,2041 115.4735089,40.0362619,2041 115.4734986,40.0362585,2041 115.4734878,40.0362551,2041 115.4734770,40.0362517,2041 115.4734656,40.0362485,2048 115.4734542,40.0362453,2048 115.4734430,40.0362430,2048 115.4734318,40.0362407,2048 115.4734209,40.0362402,2048 115.4734100,40.0362397,2048 115.4733991,40.0362406,2048 115.4733883,40.0362415,2048 115.4733773,40.0362427,2048 115.4733663,40.0362441,2048 115.4733542,40.0362453,2048 115.4733421,40.0362465,2048 115.4733290,40.0362466,2048 115.4733159,40.0362468,2048 115.4733024,40.0362460,2048 115.4732889,40.0362452,2048 115.4732763,40.0362435,2048 115.4732637,40.0362418,2048 115.4732522,40.0362396,2048 115.4732408,40.0362375,2048 115.4732301,40.0362351,2048 115.4732194,40.0362328,2048 115.4732091,40.0362306,2048 115.4731989,40.0362285,2048 115.4731884,40.0362256,2059 115.4731779,40.0362227,2059 115.4731668,40.0362199,2059 115.4731557,40.0362171,2059 115.4731442,40.0362150,2059 115.4731328,40.0362129,2059 115.4731216,40.0362108,2059 115.4731105,40.0362087,2059 115.4731003,40.0362070,2059 115.4730901,40.0362053,2059 115.4730808,40.0362040,2059 115.4730715,40.0362026,2059 115.4730632,40.0362024,2059 115.4730549,40.0362022,2059 115.4730472,40.0362014,2059 115.4730395,40.0362006,2059 115.4730305,40.0361985,2059 115.4730215,40.0361965,2059 115.4730120,40.0361933,2059 115.4730025,40.0361902,2059 115.4729925,40.0361862,2059 115.4729825,40.0361822,2059 115.4729725,40.0361793,2059 115.4729625,40.0361765,2059 115.4729529,40.0361748,2059 115.4729433,40.0361732,2059 115.4729335,40.0361718,2059 115.4729238,40.0361705,2059 115.4729142,40.0361685,2066 115.4729046,40.0361665,2066 115.4728947,40.0361639,2066 115.4728848,40.0361613,2066 115.4728744,40.0361575,2066 115.4728640,40.0361538,2066 115.4728537,40.0361502,2066 115.4728435,40.0361467,2066 115.4728342,40.0361442,2066 115.4728249,40.0361420,2066 115.4728151,40.0361401,2066 115.4728053,40.0361383,2066 115.4727950,40.0361365,2066 115.4727847,40.0361347,2066 115.4727727,40.0361323,2066 115.4727607,40.0361300,2066 115.4727472,40.0361261,2066 115.4727337,40.0361222,2066 115.4727189,40.0361163,2066 115.4727042,40.0361105,2066 115.4726878,40.0361033,2066 115.4726715,40.0360961,2066 115.4726534,40.0360878,2066 115.4726353,40.0360795,2070 115.4726162,40.0360712,2070 115.4725972,40.0360629,2070 115.4725777,40.0360551,2070 115.4725582,40.0360474,2070 115.4725382,40.0360405,2070 115.4725183,40.0360337,2070 115.4724977,40.0360272,2070 115.4724772,40.0360208,2070 115.4724555,40.0360144,2070 115.4724339,40.0360080,2070 115.4724109,40.0360007,2070 115.4723879,40.0359934,2070 115.4723639,40.0359854,2070 115.4723399,40.0359775,2069 115.4723152,40.0359690,2076 115.4722906,40.0359605,2076 115.4722666,40.0359508,2076 115.4722426,40.0359412,2076 115.4722193,40.0359294,2076 115.4721960,40.0359176,2076 115.4721738,40.0359043,2076 115.4721517,40.0358910,2076 115.4721303,40.0358773,2076 115.4721089,40.0358637,2076 115.4720870,40.0358511,2076 115.4720651,40.0358384,2075 115.4720426,40.0358271,2075 115.4720201,40.0358158,2075 115.4719987,40.0358052,2075 115.4719774,40.0357946,2075 115.4719608,40.0357842,2075 115.4719442,40.0357737,2075 115.4719327,40.0357627,2075 115.4719213,40.0357518,2075 115.4719127,40.0357416,2075 115.4719041,40.0357315,2075 115.4718960,40.0357221,2075 115.4718880,40.0357127,2075 115.4718787,40.0357018,2075 115.4718694,40.0356910,2087 115.4718584,40.0356803,2087 115.4718474,40.0356699,2087 115.4718356,40.0356590,2087 115.4718239,40.0356484,2087 115.4718123,40.0356377,2087 115.4718007,40.0356270,2087 115.4717877,40.0356169,2087 115.4717748,40.0356067,2087 115.4717595,40.0355975,2087 115.4717443,40.0355882,2087 115.4717269,40.0355804,2087 115.4717095,40.0355726,2087 115.4716912,40.0355650,2087 115.4716729,40.0355575,2087 115.4716552,40.0355510,2087 115.4716376,40.0355446,2087 115.4716201,40.0355406,2087 115.4716027,40.0355366,2087 115.4715856,40.0355330,2087 115.4715685,40.0355295,2087 115.4715518,40.0355249,2087 115.4715351,40.0355204,2087 115.4715180,40.0355145,2083 115.4715010,40.0355086,2083 115.4714844,40.0355026,2083 115.4714678,40.0354966,2083 115.4714520,40.0354920,2083 115.4714362,40.0354875,2083 115.4714208,40.0354833,2083 115.4714055,40.0354792,2083 115.4713907,40.0354757,2083 115.4713759,40.0354722,2083 115.4713607,40.0354687,2083 115.4713455,40.0354654,2083 115.4713294,40.0354607,2083 115.4713134,40.0354560,2083 115.4712964,40.0354497,2083 115.4712795,40.0354434,2083 115.4712623,40.0354360,2083 115.4712452,40.0354286,2077 115.4712277,40.0354216,2077 115.4712102,40.0354146,2085 115.4711928,40.0354082,2085 115.4711754,40.0354018,2085 115.4711604,40.0353957,2085 115.4711455,40.0353896,2085 115.4711325,40.0353828,2085 115.4711196,40.0353761,2085 115.4711073,40.0353689,2085 115.4710950,40.0353617,2085 115.4710836,40.0353543,2085 115.4710722,40.0353469,2085 115.4710607,40.0353390,2085 115.4710493,40.0353311,2085 115.4710380,40.0353217,2085 115.4710267,40.0353124,2085 115.4710156,40.0353027,2085 115.4710045,40.0352933,2085 115.4709932,40.0352831,2085 115.4709819,40.0352729,2085 115.4709706,40.0352625,2076 115.4709594,40.0352521,2076 115.4709485,40.0352410,2076 115.4709376,40.0352300,2076 115.4709265,40.0352179,2076 115.4709155,40.0352059,2076 115.4709037,40.0351934,2076 115.4708920,40.0351809,2076 115.4708790,40.0351690,2076 115.4708660,40.0351572,2076 115.4708514,40.0351475,2076 115.4708368,40.0351379,2081 115.4708202,40.0351307,2081 115.4708037,40.0351236,2081 115.4707873,40.0351182,2081 115.4707710,40.0351129,2081 115.4707565,40.0351090,2081 115.4707420,40.0351051,2081 115.4707286,40.0351021,2081 115.4707152,40.0350990,2081 115.4707009,40.0350960,2081 115.4706866,40.0350930,2074 115.4706717,40.0350899,2074 115.4706568,40.0350870,2074 115.4706434,40.0350842,2074 115.4706301,40.0350814,2074 115.4706176,40.0350781,2074 115.4706051,40.0350747,2074 115.4705925,40.0350710,2074 115.4705799,40.0350672,2074 115.4705676,40.0350636,2074 115.4705553,40.0350601,2074 115.4705428,40.0350561,2074 115.4705303,40.0350522,2074 115.4705180,40.0350478,2074 115.4705058,40.0350435,2074 115.4704926,40.0350385,2074 115.4704795,40.0350335,2074 115.4704661,40.0350283,2074 115.4704527,40.0350230,2074 115.4704398,40.0350180,2074 115.4704269,40.0350129,2074 115.4704139,40.0350071,2070 115.4704009,40.0350013,2070 115.4703869,40.0349959,2070 115.4703730,40.0349906,2070 115.4703587,40.0349849,2070 115.4703445,40.0349793,2070 115.4703300,40.0349714,2070 115.4703156,40.0349636,2070 115.4703025,40.0349539,2070 115.4702894,40.0349442,2070 115.4702774,40.0349351,2070 115.4702654,40.0349260,2070 115.4702530,40.0349175,2070 115.4702407,40.0349090,2070 115.4702280,40.0349002,2070 115.4702153,40.0348915,2070 115.4702024,40.0348822,2070 115.4701896,40.0348729,2070 115.4701765,40.0348637,2070 115.4701634,40.0348546,2076 115.4701512,40.0348473,2076 115.4701391,40.0348399,2076 115.4701283,40.0348341,2074 115.4701175,40.0348284,2074 115.4701073,40.0348219,2074 115.4700971,40.0348155,2074 115.4700857,40.0348084,2074 115.4700744,40.0348015,2074 115.4700625,40.0347942,2074 115.4700506,40.0347869,2074 115.4700403,40.0347790,2074 115.4700301,40.0347712,2074 115.4700203,40.0347627,2074 115.4700105,40.0347542,2074 115.4699993,40.0347449,2074 115.4699881,40.0347356,2074 115.4699760,40.0347260,2074 115.4699639,40.0347165,2074 115.4699520,40.0347073,2074 115.4699402,40.0346982,2074 115.4699283,40.0346900,2074 115.4699164,40.0346818,2074 115.4699033,40.0346748,2074 115.4698902,40.0346678,2074 115.4698752,40.0346609,2074 115.4698603,40.0346541,2066 115.4698454,40.0346465,2066 115.4698305,40.0346389,2066 115.4698174,40.0346286,2066 115.4698043,40.0346183,2066 115.4697943,40.0346069,2066 115.4697844,40.0345956,2066 115.4697755,40.0345858,2066 115.4697666,40.0345761,2074 115.4697561,40.0345682,2074 115.4697457,40.0345605,2074 115.4697327,40.0345542,2074 115.4697197,40.0345479,2074 115.4697058,40.0345419,2074 115.4696919,40.0345359,2074 115.4696792,40.0345293,2074 115.4696666,40.0345228,2074 115.4696546,40.0345153,2074 115.4696426,40.0345079,2074 115.4696307,40.0344995,2074 115.4696188,40.0344913,2074 115.4696071,40.0344825,2074 115.4695954,40.0344740,2074 115.4695833,40.0344655,2073 115.4695713,40.0344570,2073 115.4695586,40.0344490,2073 115.4695459,40.0344410,2073 115.4695332,40.0344332,2073 115.4695205,40.0344255,2073 115.4695085,40.0344191,2073 115.4694966,40.0344127,2073 115.4694836,40.0344069,2073 115.4694707,40.0344010,2073 115.4694567,40.0343950,2073 115.4694428,40.0343889,2073 115.4694285,40.0343817,2073 115.4694143,40.0343745,2073 115.4693999,40.0343670,2073 115.4693855,40.0343595,2073 115.4693721,40.0343534,2073 115.4693588,40.0343474,2073 115.4693464,40.0343419,2073 115.4693341,40.0343365,2073 115.4693219,40.0343313,2073 115.4693098,40.0343262,2073 115.4692964,40.0343202,2071 115.4692830,40.0343143,2071 115.4692693,40.0343070,2071 115.4692556,40.0342998,2071 115.4692421,40.0342915,2071 115.4692287,40.0342833,2071 115.4692153,40.0342759,2071 115.4692020,40.0342686,2071 115.4691889,40.0342624,2071 115.4691758,40.0342565,2071 115.4691635,40.0342498,2071 115.4691512,40.0342431,2071 115.4691382,40.0342356,2071 115.4691253,40.0342281,2071 115.4691111,40.0342206,2071 115.4690970,40.0342131,2071 115.4690811,40.0342060,2071 115.4690652,40.0341990,2071 115.4690477,40.0341923,2071 115.4690302,40.0341857,2071 115.4690127,40.0341785,2069 115.4689952,40.0341714,2069 115.4689787,40.0341624,2069 115.4689623,40.0341534,2069 115.4689487,40.0341434,2069 115.4689351,40.0341335,2069 115.4689241,40.0341248,2069 115.4689131,40.0341162,2069 115.4689032,40.0341109,2069 115.4688934,40.0341055,2069 115.4688829,40.0341028,2069 115.4688724,40.0341000,2069 115.4688624,40.0340941,2069 115.4688525,40.0340883,2069 115.4688444,40.0340792,2069 115.4688364,40.0340702,2069 115.4688260,40.0340598,2069 115.4688157,40.0340495,2069 115.4688029,40.0340371,2069 115.4687902,40.0340247,2070 115.4687776,40.0340122,2070 115.4687651,40.0339997,2070 115.4687534,40.0339897,2070 115.4687417,40.0339798,2068 115.4687276,40.0339724,2068 115.4687135,40.0339651,2068 115.4686953,40.0339592,2068 115.4686772,40.0339534,2068 115.4686554,40.0339502,2068 115.4686336,40.0339470,2068 115.4686069,40.0339480,2068 115.4685803,40.0339491,2068 115.4685496,40.0339523,2068 115.4685189,40.0339558,2068 115.4684884,40.0339594,2068 115.4684580,40.0339630,2072 115.4684282,40.0339665,2072 115.4683984,40.0339701,2072 115.4683700,40.0339721,2072 115.4683416,40.0339742,2072 115.4683148,40.0339715,2072 115.4682881,40.0339689,2072 115.4682626,40.0339610,2072 115.4682371,40.0339531,2072 115.4682122,40.0339422,2072 115.4681874,40.0339314,2077 115.4681623,40.0339203,2077 115.4681373,40.0339091,2077 115.4681128,40.0338963,2077 115.4680884,40.0338834,2077 115.4680657,40.0338683,2077 115.4680430,40.0338532,2077 115.4680192,40.0338408,2077 115.4679955,40.0338285,2077 115.4679698,40.0338197,2077 115.4679442,40.0338109,2077 115.4679181,40.0338059,2077 115.4678920,40.0338009,2081 115.4678659,40.0337986,2081 115.4678398,40.0337963,2081 115.4678111,40.0337936,2081 115.4677825,40.0337909,2081 115.4677522,40.0337853,2081 115.4677219,40.0337796,2081 115.4676923,40.0337705,2081 115.4676628,40.0337616,2081 115.4676350,40.0337498,2091 115.4676073,40.0337383,2091 115.4675818,40.0337239,2091 115.4675564,40.0337096,2091 115.4675333,40.0336943,2091 115.4675102,40.0336790,2091 115.4674883,40.0336657,2091 115.4674664,40.0336524,2091 115.4674441,40.0336421,2091 115.4674219,40.0336319,2091 115.4673973,40.0336232,2091 115.4673728,40.0336146,2091 115.4673494,40.0336036,2092 115.4673260,40.0335927,2092 115.4673067,40.0335786,2092 115.4672875,40.0335645,2092 115.4672719,40.0335496,2092 115.4672563,40.0335348,2092 115.4672401,40.0335215,2092 115.4672240,40.0335082,2092 115.4672034,40.0334991,2092 115.4671829,40.0334900,2092 115.4671611,40.0334862,2092 115.4671393,40.0334825,2092 115.4671162,40.0334799,2092 115.4670932,40.0334773,2092 115.4670681,40.0334703,2094 115.4670430,40.0334633,2094 115.4670160,40.0334547,2094 115.4669891,40.0334462,2094 115.4669625,40.0334379,2094 115.4669360,40.0334297,2094 115.4669091,40.0334226,2094 115.4668823,40.0334154,2094 115.4668556,40.0334096,2094 115.4668289,40.0334037,2094 115.4668042,40.0333990,2099 115.4667796,40.0333946,2099 115.4667565,40.0333917,2099 115.4667334,40.0333888,2099 115.4667121,40.0333904,2099 115.4666908,40.0333921,2099 115.4666709,40.0333977,2099 115.4666511,40.0334033,2099 115.4666317,40.0334107,2099 115.4666123,40.0334181,2099 115.4665913,40.0334232,2099 115.4665704,40.0334283,2099 115.4665478,40.0334300,2099 115.4665252,40.0334318,2104 115.4665045,40.0334343,2104 115.4664838,40.0334367,2104 115.4664670,40.0334422,2104 115.4664502,40.0334477,2104 115.4664349,40.0334543,2104 115.4664196,40.0334612,2104 115.4664028,40.0334656,2104 115.4663861,40.0334700,2104 115.4663650,40.0334694,2104 115.4663440,40.0334689,2104 115.4663210,40.0334640,2104 115.4662980,40.0334591,2104 115.4662760,40.0334519,2104 115.4662541,40.0334449,2104 115.4662342,40.0334373,2107 115.4662143,40.0334297,2107 115.4661966,40.0334232,2107 115.4661789,40.0334166,2107 115.4661625,40.0334115,2107 115.4661461,40.0334063,2107 115.4661289,40.0334022,2107 115.4661117,40.0333982,2107 115.4660925,40.0333953,2107 115.4660733,40.0333925,2107 115.4660524,40.0333872,2107 115.4660316,40.0333819,2107 115.4660095,40.0333736,2107 115.4659875,40.0333653,2107 115.4659661,40.0333564,2111 115.4659448,40.0333478,2111 115.4659252,40.0333398,2111 115.4659057,40.0333319,2111 115.4658877,40.0333252,2111 115.4658698,40.0333185,2111 115.4658520,40.0333125,2111 115.4658342,40.0333065,2111 115.4658163,40.0333005,2111 115.4657984,40.0332946,2111 115.4657797,40.0332889,2111 115.4657610,40.0332832,2111 115.4657417,40.0332786,2111 115.4657224,40.0332741,2111 115.4657053,40.0332707,2111 115.4656883,40.0332676,2114 115.4656733,40.0332645,2114 115.4656583,40.0332615,2114 115.4656432,40.0332585,2114 115.4656281,40.0332555,2114 115.4656119,40.0332549,2114 115.4655957,40.0332542,2114 115.4655771,40.0332558,2114 115.4655585,40.0332573,2114 115.4655386,40.0332589,2114 115.4655187,40.0332605,2114 115.4654986,40.0332604,2114 115.4654786,40.0332604,2114 115.4654578,40.0332576,2114 115.4654370,40.0332548,2114 115.4654156,40.0332514,2118 115.4653943,40.0332480,2118 115.4653722,40.0332435,2118 115.4653501,40.0332391,2118 115.4653281,40.0332326,2118 115.4653062,40.0332262,2118 115.4652833,40.0332193,2118 115.4652605,40.0332125,2118 115.4652382,40.0332056,2118 115.4652160,40.0331987,2118 115.4651948,40.0331919,2124 115.4651736,40.0331851,2124 115.4651523,40.0331778,2124 115.4651310,40.0331705,2128 115.4651104,40.0331626,2128 115.4650898,40.0331548,2128 115.4650689,40.0331474,2128 115.4650481,40.0331401,2128 115.4650263,40.0331351,2128 115.4650046,40.0331304,2128 115.4649822,40.0331275,2128 115.4649598,40.0331246,2128 115.4649379,40.0331199,2128 115.4649161,40.0331153,2128 115.4648953,40.0331081,2128 115.4648746,40.0331009,2128 115.4648542,40.0330927,2131 115.4648339,40.0330845,2131 115.4648155,40.0330741,2131 115.4647971,40.0330638,2131 115.4647810,40.0330520,2131 115.4647649,40.0330403,2131 115.4647493,40.0330281,2131 115.4647338,40.0330162,2131 115.4647173,40.0330040,2131 115.4647008,40.0329919,2131 115.4646841,40.0329789,2131 115.4646675,40.0329659,2131 115.4646506,40.0329515,2131 115.4646338,40.0329373,2131 115.4646166,40.0329226,2131 115.4645994,40.0329080,2135 115.4645802,40.0328964,2139 115.4645610,40.0328848,2139 115.4645400,40.0328754,2139 115.4645190,40.0328661,2139 115.4644986,40.0328567,2139 115.4644783,40.0328474,2139 115.4644596,40.0328384,2139 115.4644410,40.0328297,2139 115.4644212,40.0328231,2139 115.4644015,40.0328165,2139 115.4643784,40.0328116,2139 115.4643554,40.0328067,2139 115.4643318,40.0328019,2139 115.4643082,40.0327973,2139 115.4642841,40.0327931,2144 115.4642601,40.0327890,2144 115.4642355,40.0327847,2144 115.4642110,40.0327805,2144 115.4641864,40.0327759,2144 115.4641619,40.0327713,2144 115.4641365,40.0327654,2144 115.4641111,40.0327595,2144 115.4640852,40.0327524,2144 115.4640594,40.0327454,2144 115.4640329,40.0327392,2144 115.4640064,40.0327331,2150 115.4639797,40.0327267,2150 115.4639531,40.0327204,2150 115.4639251,40.0327139,2150 115.4638971,40.0327075,2150 115.4638684,40.0327016,2150 115.4638398,40.0326958,2150 115.4638122,40.0326902,2150 115.4637846,40.0326847,2150 115.4637579,40.0326795,2150 115.4637313,40.0326744,2155 115.4637035,40.0326698,2155 115.4636757,40.0326653,2155 115.4636458,40.0326622,2155 115.4636159,40.0326590,2155 115.4635854,40.0326558,2155 115.4635550,40.0326526,2155 115.4635261,40.0326479,2155 115.4634973,40.0326432,2155 115.4634704,40.0326378,2158 115.4634436,40.0326325,2158 115.4634180,40.0326276,2158 115.4633924,40.0326227,2158 115.4633695,40.0326186,2158 115.4633467,40.0326146,2158 115.4633248,40.0326138,2158 115.4633029,40.0326130,2158 115.4632792,40.0326153,2158 115.4632555,40.0326176,2158 115.4632311,40.0326182,2158 115.4632068,40.0326189,2158 115.4631825,40.0326159,2164 115.4631582,40.0326128,2164 115.4631348,40.0326087,2164 115.4631114,40.0326045,2164 115.4630869,40.0326029,2164 115.4630624,40.0326013,2164 115.4630364,40.0326031,2164 115.4630104,40.0326052,2164 115.4629839,40.0326075,2164 115.4629575,40.0326099,2164 115.4629313,40.0326108,2164 115.4629052,40.0326116,2169 115.4628793,40.0326094,2169 115.4628535,40.0326072,2169 115.4628276,40.0326027,2169 115.4628017,40.0325982,2169 115.4627754,40.0325942,2169 115.4627492,40.0325902,2169 115.4627213,40.0325865,2169 115.4626934,40.0325828,2169 115.4626642,40.0325782,2169 115.4626351,40.0325737,2172 115.4626059,40.0325692,2172 115.4625768,40.0325648,2172 115.4625486,40.0325596,2172 115.4625204,40.0325545,2172 115.4624930,40.0325487,2172 115.4624657,40.0325429,2172 115.4624389,40.0325370,2172 115.4624122,40.0325311,2172 115.4623853,40.0325269,2172 115.4623585,40.0325227,2178 115.4623306,40.0325203,2178 115.4623027,40.0325180,2178 115.4622734,40.0325162,2178 115.4622441,40.0325143,2178 115.4622146,40.0325130,2178 115.4621852,40.0325116,2178 115.4621567,40.0325098,2178 115.4621282,40.0325080,2178 115.4620997,40.0325046,2178 115.4620712,40.0325013,2177 115.4620428,40.0324957,2177 115.4620145,40.0324900,2177 115.4619872,40.0324812,2177 115.4619600,40.0324724,2177 115.4619340,40.0324614,2177 115.4619081,40.0324504,2177 115.4618823,40.0324371,2177 115.4618565,40.0324237,2177 115.4618319,40.0324099,2177 115.4618074,40.0323961,2177 115.4617860,40.0323822,2176 115.4617647,40.0323683,2176 115.4617499,40.0323537,2178 115.4617351,40.0323391,2178 115.4617298,40.0323249,2178 115.4617246,40.0323106,2178 115.4617194,40.0322965,2178 115.4617163,40.0322849,2178 115.4617133,40.0322733,2178 115.4617074,40.0322620,2178 115.4617015,40.0322509,2178 115.4616958,40.0322382,2178 115.4616901,40.0322255,2178 115.4616899,40.0322127,2178 115.4616897,40.0322000,2178 115.4616964,40.0321881,2178 115.4617031,40.0321763,2178 115.4617137,40.0321644,2178 115.4617243,40.0321525,2178 115.4617287,40.0321406,2178 115.4617331,40.0321288,2178 115.4617276,40.0321157,2178 115.4617221,40.0321026,2178 115.4617127,40.0320879,2178 115.4617034,40.0320732,2181 115.4616963,40.0320574,2181 115.4616892,40.0320416,2181 115.4616838,40.0320262,2181 115.4616785,40.0320108,2181 115.4616719,40.0319963,2181 115.4616654,40.0319817,2181 115.4616561,40.0319695,2181 115.4616469,40.0319572,2181 115.4616346,40.0319470,2181 115.4616223,40.0319369,2181 115.4616083,40.0319269,2181 115.4615944,40.0319169,2181 115.4615813,40.0319056,2181 115.4615682,40.0318943,2181 115.4615571,40.0318827,2181 115.4615460,40.0318710,2181 115.4615332,40.0318607,2181 115.4615204,40.0318504,2179 115.4615058,40.0318414,2179 115.4614912,40.0318324,2179 115.4614761,40.0318254,2179 115.4614610,40.0318184,2179 115.4614477,40.0318100,2179 115.4614344,40.0318016,2195 115.4614232,40.0317902,2195 115.4614121,40.0317788,2195 115.4614027,40.0317661,2195 115.4613934,40.0317534,2195 115.4613855,40.0317394,2195 115.4613777,40.0317254,2195 115.4613695,40.0317101,2195 115.4613613,40.0316947,2195 115.4613518,40.0316792,2195 115.4613423,40.0316636,2195 115.4613328,40.0316491,2195 115.4613234,40.0316349,2195 115.4613145,40.0316213,2195 115.4613056,40.0316078,2195 115.4612974,40.0315950,2195 115.4612893,40.0315822,2195 115.4612814,40.0315690,2195 115.4612735,40.0315558,2195 115.4612653,40.0315421,2195 115.4612572,40.0315284,2195 115.4612484,40.0315138,2204 115.4612397,40.0314992,2204 115.4612287,40.0314850,2204 115.4612178,40.0314708,2204 115.4612066,40.0314577,2204 115.4611955,40.0314447,2204 115.4611849,40.0314325,2204 115.4611744,40.0314204,2204 115.4611632,40.0314088,2204 115.4611521,40.0313972,2204 115.4611388,40.0313877,2204 115.4611255,40.0313783,2204 115.4611105,40.0313700,2204 115.4610955,40.0313617,2204 115.4610783,40.0313530,2204 115.4610612,40.0313445,2204 115.4610418,40.0313350,2204 115.4610225,40.0313256,2204 115.4610035,40.0313157,2204 115.4609846,40.0313059,2204 115.4609666,40.0312959,2204 115.4609487,40.0312860,2204 115.4609326,40.0312756,2204 115.4609166,40.0312652,2204 115.4609027,40.0312547,2204 115.4608889,40.0312442,2212 115.4608769,40.0312334,2212 115.4608650,40.0312227,2212 115.4608523,40.0312126,2212 115.4608397,40.0312026,2212 115.4608259,40.0311933,2212 115.4608121,40.0311841,2212 115.4607972,40.0311752,2212 115.4607824,40.0311663,2212 115.4607682,40.0311582,2212 115.4607540,40.0311501,2212 115.4607378,40.0311418,2212 115.4607216,40.0311335,2212 115.4607020,40.0311242,2212 115.4606825,40.0311148,2215 115.4606625,40.0311054,2215 115.4606426,40.0310960,2215 115.4606239,40.0310871,2215 115.4606053,40.0310783,2215 115.4605872,40.0310701,2215 115.4605692,40.0310620,2215 115.4605506,40.0310540,2215 115.4605321,40.0310460,2215 115.4605139,40.0310389,2215 115.4604958,40.0310318,2215 115.4604782,40.0310260,2215 115.4604606,40.0310203,2215 115.4604438,40.0310145,2215 115.4604270,40.0310088,2215 115.4604115,40.0310028,2214 115.4603960,40.0309969,2214 115.4603798,40.0309904,2214 115.4603636,40.0309839,2214 115.4603464,40.0309768,2214 115.4603293,40.0309698,2220 115.4603118,40.0309620,2220 115.4602943,40.0309543,2220 115.4602762,40.0309449,2220 115.4602581,40.0309355,2220 115.4602407,40.0309267,2220 115.4602233,40.0309180,2220 115.4602056,40.0309107,2220 115.4601879,40.0309034,2220 115.4601702,40.0308958,2220 115.4601526,40.0308883,2220 115.4601373,40.0308795,2218 115.4601221,40.0308708,2218 115.4601101,40.0308632,2218 115.4600982,40.0308556,2218 115.4600846,40.0308499,2218 115.4600710,40.0308442,2218 115.4600541,40.0308398,2218 115.4600372,40.0308356,2218 115.4600181,40.0308327,2218 115.4599991,40.0308298,2218 115.4599792,40.0308264,2218 115.4599593,40.0308231,2218 115.4599415,40.0308188,2218 115.4599237,40.0308146,2218 115.4599099,40.0308094,2218 115.4598961,40.0308044,2218 115.4598846,40.0307976,2218 115.4598731,40.0307908,2218 115.4598637,40.0307832,2218 115.4598543,40.0307757,2218 115.4598469,40.0307688,2218 115.4598396,40.0307619,2218 115.4598317,40.0307551,2218 115.4598238,40.0307484,2218 115.4598141,40.0307432,2218 115.4598045,40.0307381,2218 115.4597929,40.0307346,2218 115.4597813,40.0307313,2218 115.4597693,40.0307298,2218 115.4597573,40.0307284,2218 115.4597449,40.0307277,2218 115.4597325,40.0307271,2218 115.4597170,40.0307264,2218 115.4597015,40.0307257,2218 115.4596836,40.0307247,2218 115.4596657,40.0307237,2218 115.4596465,40.0307232,2218 115.4596274,40.0307227,2218 115.4596085,40.0307231,2218 115.4595896,40.0307235,2218 115.4595714,40.0307245,2217 115.4595532,40.0307255,2217 115.4595346,40.0307269,2217 115.4595160,40.0307283,2217 115.4594960,40.0307298,2217 115.4594760,40.0307313,2217 115.4594565,40.0307336,2217 115.4594371,40.0307360,2217 115.4594195,40.0307389,2217 115.4594020,40.0307421,2217 115.4593864,40.0307468,2217 115.4593708,40.0307516,2217 115.4593555,40.0307573,2217 115.4593403,40.0307630,2217 115.4593247,40.0307683,2217 115.4593092,40.0307737,2217 115.4592934,40.0307784,2218 115.4592777,40.0307832,2218 115.4592616,40.0307878,2218 115.4592455,40.0307924,2218 115.4592284,40.0307980,2218 115.4592114,40.0308037,2218 115.4591930,40.0308091,2218 115.4591747,40.0308146,2218 115.4591583,40.0308192,2218 115.4591419,40.0308239,2218 115.4591269,40.0308274,2218 115.4591119,40.0308309,2218 115.4590959,40.0308345,2218 115.4590799,40.0308382,2218 115.4590623,40.0308413,2218 115.4590448,40.0308445,2218 115.4590247,40.0308482,2219 115.4590046,40.0308519,2219 115.4589852,40.0308544,2219 115.4589658,40.0308571,2219 115.4589491,40.0308578,2219 115.4589324,40.0308585,2219 115.4589151,40.0308571,2219 115.4588978,40.0308558,2219 115.4588784,40.0308514,2219 115.4588590,40.0308471,2219 115.4588389,40.0308404,2219 115.4588189,40.0308338,2219 115.4587987,40.0308280,2219 115.4587785,40.0308222,2219 115.4587577,40.0308179,2219 115.4587370,40.0308138,2220 115.4587160,40.0308110,2220 115.4586951,40.0308082,2220 115.4586742,40.0308055,2220 115.4586533,40.0308027,2220 115.4586333,40.0308006,2220 115.4586133,40.0307985,2220 115.4585935,40.0307965,2220 115.4585738,40.0307946,2220 115.4585539,40.0307945,2220 115.4585340,40.0307945,2220 115.4585143,40.0307956,2220 115.4584947,40.0307968,2220 115.4584763,40.0307973,2220 115.4584580,40.0307978,2225 115.4584407,40.0307976,2225 115.4584235,40.0307974,2225 115.4584060,40.0307975,2225 115.4583886,40.0307976,2225 115.4583710,40.0307976,2225 115.4583535,40.0307977,2225 115.4583356,40.0307980,2225 115.4583177,40.0307984,2225 115.4582999,40.0307989,2225 115.4582822,40.0307995,2225 115.4582644,40.0307997,2225 115.4582466,40.0308001,2225 115.4582276,40.0307996,2225 115.4582087,40.0307992,2225 115.4581896,40.0307985,2230 115.4581705,40.0307979,2230 115.4581510,40.0307976,2230 115.4581315,40.0307974,2230 115.4581116,40.0307973,2230 115.4580918,40.0307972,2230 115.4580740,40.0307985,2230 115.4580562,40.0307997,2230 115.4580414,40.0308011,2230 115.4580267,40.0308025,2230 115.4580111,40.0308014,2230 115.4579956,40.0308003,2230 115.4579775,40.0307979,2230 115.4579595,40.0307955,2230 115.4579425,40.0307923,2230 115.4579255,40.0307892,2230 115.4579078,40.0307850,2234 115.4578902,40.0307809,2234 115.4578688,40.0307758,2234 115.4578475,40.0307708,2234 115.4578267,40.0307668,2234 115.4578059,40.0307629,2234 115.4577883,40.0307619,2234 115.4577707,40.0307609,2234 115.4577540,40.0307601,2234 115.4577374,40.0307594,2234 115.4577195,40.0307585,2234 115.4577017,40.0307577,2234 115.4576828,40.0307571,2234 115.4576639,40.0307565,2234 115.4576451,40.0307570,2234 115.4576264,40.0307576,2236 115.4576089,40.0307590,2236 115.4575914,40.0307604,2236 115.4575753,40.0307614,2236 115.4575592,40.0307624,2236 115.4575444,40.0307630,2236 115.4575296,40.0307636,2236 115.4575162,40.0307648,2236 115.4575028,40.0307661,2236 115.4574900,40.0307677,2236 115.4574772,40.0307693,2236 115.4574639,40.0307708,2236 115.4574506,40.0307723,2236 115.4574379,40.0307734,2236 115.4574252,40.0307746,2236 115.4574122,40.0307757,2236 115.4573992,40.0307769,2236 115.4573838,40.0307776,2236 115.4573685,40.0307783,2236 115.4573511,40.0307789,2239 115.4573337,40.0307795,2239 115.4573164,40.0307802,2239 115.4572992,40.0307810,2239 115.4572813,40.0307817,2239 115.4572635,40.0307824,2239 115.4572449,40.0307821,2239 115.4572264,40.0307818,2239 115.4572093,40.0307802,2239 115.4571922,40.0307786,2239 115.4571760,40.0307768,2239 115.4571598,40.0307750,2239 115.4571427,40.0307738,2239 115.4571257,40.0307726,2239 115.4571083,40.0307710,2239 115.4570909,40.0307695,2239 115.4570757,40.0307673,2243 115.4570605,40.0307651,2243 115.4570472,40.0307644,2243 115.4570339,40.0307637,2243 115.4570215,40.0307638,2243 115.4570092,40.0307638,2243 115.4569968,40.0307644,2243 115.4569845,40.0307652,2243 115.4569704,40.0307659,2243 115.4569564,40.0307666,2243 115.4569426,40.0307664,2243 115.4569289,40.0307662,2243 115.4569170,40.0307662,2243 115.4569052,40.0307662,2243 115.4568941,40.0307656,2243 115.4568830,40.0307650,2243 115.4568710,40.0307636,2243 115.4568590,40.0307622,2243 115.4568470,40.0307618,2243 115.4568351,40.0307614,2243 115.4568243,40.0307623,2243 115.4568136,40.0307632,2243 115.4568023,40.0307634,2250 115.4567911,40.0307635,2250 115.4567772,40.0307632,2250 115.4567633,40.0307631,2250 115.4567471,40.0307638,2250 115.4567310,40.0307644,2250 115.4567142,40.0307655,2250 115.4566975,40.0307666,2250 115.4566809,40.0307677,2250 115.4566643,40.0307688,2250 115.4566458,40.0307681,2250 115.4566274,40.0307674,2250 115.4566088,40.0307646,2250 115.4565902,40.0307619,2250 115.4565722,40.0307586,2250 115.4565542,40.0307553,2250 115.4565365,40.0307533,2250 115.4565189,40.0307512,2261 115.4565025,40.0307490,2261 115.4564862,40.0307468,2261 115.4564722,40.0307456,2261 115.4564582,40.0307444,2261 115.4564460,40.0307441,2261 115.4564339,40.0307438,2261 115.4564235,40.0307437,2261 115.4564131,40.0307436,2261 115.4564044,40.0307434,2261 115.4563958,40.0307432,2261 115.4563869,40.0307419,2261 115.4563780,40.0307407,2261 115.4563732,40.0307403,2261 115.4563684,40.0307398,2261 115.4563595,40.0307384,2261 115.4563506,40.0307371,2261 115.4563407,40.0307359,2261 115.4563308,40.0307348,2261 115.4563195,40.0307328,2261 115.4563083,40.0307308,2261 115.4562962,40.0307291,2261 115.4562841,40.0307274,2261 115.4562717,40.0307255,2261 115.4562594,40.0307239,2261 115.4562472,40.0307226,2266 115.4562350,40.0307214,2266 115.4562229,40.0307208,2266 115.4562109,40.0307203,2266 115.4561993,40.0307206,2266 115.4561877,40.0307209,2266 115.4561781,40.0307227,2266 115.4561685,40.0307246,2266 115.4561602,40.0307265,2266 115.4561519,40.0307284,2266 115.4561428,40.0307293,2266 115.4561338,40.0307303,2266 115.4561234,40.0307310,2266 115.4561131,40.0307319,2266 115.4561018,40.0307330,2266 115.4560906,40.0307342,2266 115.4560787,40.0307357,2266 115.4560668,40.0307373,2266 115.4560541,40.0307389,2266 115.4560415,40.0307407,2266 115.4560285,40.0307419,2266 115.4560155,40.0307432,2266 115.4560025,40.0307434,2266 115.4559896,40.0307436,2266 115.4559782,40.0307425,2266 115.4559669,40.0307415,2274 115.4559562,40.0307405,2274 115.4559455,40.0307395,2274 115.4559336,40.0307395,2274 115.4559217,40.0307397,2274 115.4559093,40.0307410,2274 115.4558970,40.0307423,2274 115.4558856,40.0307449,2274 115.4558743,40.0307476,2274 115.4558644,40.0307497,2274 115.4558545,40.0307519,2274 115.4558454,40.0307529,2274 115.4558364,40.0307539,2274 115.4558276,40.0307523,2274 115.4558188,40.0307508,2274 115.4558091,40.0307483,2274 115.4557995,40.0307458,2274 115.4557883,40.0307433,2274 115.4557772,40.0307409,2274 115.4557651,40.0307385,2274 115.4557530,40.0307361,2274 115.4557392,40.0307340,2274 115.4557254,40.0307319,2274 115.4557107,40.0307307,2274 115.4556961,40.0307295,2274 115.4556814,40.0307296,2283 115.4556668,40.0307297,2283 115.4556509,40.0307304,2283 115.4556351,40.0307312,2283 115.4556180,40.0307310,2283 115.4556010,40.0307308,2283 115.4555852,40.0307302,2283 115.4555695,40.0307296,2283 115.4555543,40.0307296,2283 115.4555391,40.0307296,2283 115.4555244,40.0307309,2283 115.4555098,40.0307322,2283 115.4554960,40.0307336,2283 115.4554822,40.0307350,2283 115.4554698,40.0307353,2283 115.4554575,40.0307357,2283 115.4554461,40.0307345,2283 115.4554348,40.0307334,2283 115.4554241,40.0307326,2283 115.4554134,40.0307319,2285 115.4554022,40.0307324,2285 115.4553911,40.0307328,2285 115.4553799,40.0307342,2285 115.4553688,40.0307355,2285 115.4553563,40.0307370,2285 115.4553438,40.0307386,2285 115.4553288,40.0307394,2285 115.4553139,40.0307401,2285 115.4552966,40.0307395,2285 115.4552793,40.0307391,2285 115.4552621,40.0307374,2285 115.4552450,40.0307358,2285 115.4552285,40.0307339,2285 115.4552120,40.0307321,2285 115.4551969,40.0307310,2285 115.4551819,40.0307302,2285 115.4551692,40.0307303,2285 115.4551566,40.0307305,2285 115.4551453,40.0307312,2285 115.4551341,40.0307320,2290 115.4551223,40.0307331,2290 115.4551106,40.0307342,2290 115.4550980,40.0307345,2290 115.4550855,40.0307349,2290 115.4550743,40.0307353,2290 115.4550631,40.0307357,2290 115.4550541,40.0307364,2290 115.4550451,40.0307371,2290 115.4550362,40.0307364,2290 115.4550274,40.0307358,2290 115.4550215,40.0307351,2290 115.4550157,40.0307344,2290 115.4550045,40.0307340,2290 115.4549933,40.0307336,2290 115.4549816,40.0307338,2290 115.4549699,40.0307340,2290 115.4549586,40.0307349,2290 115.4549473,40.0307358,2290 115.4549358,40.0307350,2290 115.4549244,40.0307343,2290 115.4549134,40.0307326,2290 115.4549024,40.0307310,2290 115.4548915,40.0307293,2290 115.4548807,40.0307276,2290 115.4548687,40.0307253,2290 115.4548568,40.0307230,2295 115.4548442,40.0307218,2295 115.4548316,40.0307207,2295 115.4548201,40.0307226,2295 115.4548087,40.0307245,2295 115.4547980,40.0307294,2295 115.4547873,40.0307344,2295 115.4547756,40.0307382,2295 115.4547640,40.0307419,2295 115.4547498,40.0307428,2295 115.4547357,40.0307436,2295 115.4547215,40.0307431,2295 115.4547073,40.0307427,2295 115.4546949,40.0307424,2295 115.4546826,40.0307422,2295 115.4546716,40.0307425,2295 115.4546606,40.0307428,2295 115.4546499,40.0307431,2295 115.4546392,40.0307435,2295 115.4546283,40.0307453,2295 115.4546175,40.0307472,2295 115.4546074,40.0307498,2295 115.4545974,40.0307524,2295 115.4545883,40.0307546,2295 115.4545793,40.0307568,2304 115.4545700,40.0307578,2304 115.4545607,40.0307588,2304 115.4545498,40.0307593,2304 115.4545389,40.0307599,2304 115.4545261,40.0307612,2304 115.4545134,40.0307626,2304 115.4544993,40.0307638,2304 115.4544853,40.0307651,2304 115.4544719,40.0307665,2304 115.4544585,40.0307679,2304 115.4544464,40.0307692,2304 115.4544344,40.0307705,2304 115.4544237,40.0307711,2304 115.4544131,40.0307716,2304 115.4544037,40.0307714,2304 115.4543943,40.0307713,2304 115.4543854,40.0307705,2304 115.4543766,40.0307698,2304 115.4543660,40.0307684,2304 115.4543554,40.0307670,2304 115.4543424,40.0307644,2304 115.4543295,40.0307620,2304 115.4543174,40.0307604,2304 115.4543054,40.0307588,2306 115.4542943,40.0307582,2306 115.4542832,40.0307576,2306 115.4542706,40.0307581,2306 115.4542581,40.0307586,2306 115.4542420,40.0307595,2306 115.4542260,40.0307604,2306 115.4542079,40.0307600,2306 115.4541898,40.0307597,2306 115.4541738,40.0307573,2306 115.4541579,40.0307550,2306 115.4541455,40.0307492,2306 115.4541331,40.0307434,2306 115.4541248,40.0307346,2306 115.4541165,40.0307260,2306 115.4541122,40.0307184,2306 115.4541080,40.0307109,2306 115.4541035,40.0307082,2306 115.4540990,40.0307055,2306 115.4540932,40.0307066,2306 115.4540875,40.0307078,2306 115.4540705,40.0307179,2306 115.4540590,40.0307217,2306 115.4540475,40.0307255,2306 115.4540334,40.0307278,2306 115.4540194,40.0307300,2294 115.4540062,40.0307316,2294 115.4539930,40.0307334,2294 115.4539812,40.0307351,2294 115.4539694,40.0307369,2294 115.4539586,40.0307391,2294 115.4539479,40.0307413,2294 115.4539425,40.0307427,2294 115.4539371,40.0307441,2294 115.4539278,40.0307462,2294 115.4539185,40.0307484,2294 115.4539078,40.0307500,2294 115.4538972,40.0307516,2294 115.4538862,40.0307521,2294 115.4538752,40.0307526,2294 115.4538645,40.0307525,2294 115.4538538,40.0307524,2294 115.4538439,40.0307523,2294 115.4538340,40.0307522,2294 115.4538239,40.0307502,2294 115.4538138,40.0307482,2294 115.4538009,40.0307423,2294 115.4537881,40.0307364,2294 115.4537674,40.0307252,2294 115.4537468,40.0307140,2291 115.4537046,40.0306954,2291 115.4536961,40.0306938,2279 115.4536876,40.0306922,2279 115.4536825,40.0306892,2279 115.4536774,40.0306862,2279 115.4536724,40.0306833,2279 115.4536675,40.0306777,2279 115.4536627,40.0306720,2279 115.4536563,40.0306650,2279 115.4536499,40.0306580,2279 115.4536396,40.0306477,2279 115.4536329,40.0306401,2279 115.4536262,40.0306325,2279 115.4536126,40.0306225,2279 115.4535990,40.0306124,2279 115.4535743,40.0305983,2279 115.4535694,40.0306007,2279 115.4535646,40.0306031,2279 115.4535571,40.0306073,2279 115.4535497,40.0306116,2279 115.4535425,40.0306118,2279 115.4535353,40.0306121,2279 115.4535282,40.0306070,2279 115.4535211,40.0306019,2279 115.4535095,40.0305874,2279 115.4535045,40.0305820,2279 115.4534995,40.0305766,2279 115.4534960,40.0305721,2279 115.4534925,40.0305677,2279 115.4534890,40.0305633,2279 115.4534874,40.0305595,2279 115.4534858,40.0305557,2279 115.4534840,40.0305498,2279 115.4534822,40.0305440,2279 115.4534789,40.0305382,2279 115.4534757,40.0305325,2279 115.4534723,40.0305297,2279 115.4534690,40.0305272,2271 115.4534656,40.0305246,2271 115.4534623,40.0305220,2271 115.4534551,40.0305180,2271 115.4534479,40.0305141,2271 115.4534391,40.0305107,2271 115.4534303,40.0305072,2271 115.4534174,40.0305026,2271 115.4534045,40.0304979,2271 115.4533852,40.0304904,2271 115.4533793,40.0304853,2271 115.4533735,40.0304803,2271 115.4533700,40.0304766,2271 115.4533666,40.0304730,2271 115.4533632,40.0304694,2271 115.4533598,40.0304645,2271 115.4533565,40.0304596,2271 115.4533536,40.0304543,2271 115.4533508,40.0304491,2271 115.4533497,40.0304476,2271 115.4533486,40.0304462,2271 115.4533476,40.0304448,2271 115.4533465,40.0304434,2271 115.4533455,40.0304420,2271 115.4533379,40.0304367,2271 115.4533304,40.0304317,2271 115.4533189,40.0304263,2271 115.4533075,40.0304209,2271 115.4532872,40.0304129,2262 115.4532670,40.0304048,2262 115.4532283,40.0303888,2262 115.4532218,40.0303856,2262 115.4532154,40.0303825,2262 115.4532117,40.0303805,2262 115.4532080,40.0303786,2262 115.4532047,40.0303726,2262 115.4532014,40.0303666,2262 115.4532027,40.0303580,2262 115.4532041,40.0303494,2262 115.4532085,40.0303406,2262 115.4532130,40.0303319,2262 115.4532172,40.0303253,2262 115.4532215,40.0303188,2262 115.4532230,40.0303137,2262 115.4532245,40.0303087,2262 115.4532237,40.0303059,2262 115.4532229,40.0303031,2262 115.4532221,40.0303003,2262 115.4532213,40.0302975,2262 115.4532205,40.0302948,2262 115.4532186,40.0302870,2262 115.4532167,40.0302792,2262 115.4532133,40.0302719,2262 115.4532099,40.0302646,2262 115.4532017,40.0302581,2262 115.4531936,40.0302517,2258 115.4531748,40.0302432,2258 115.4531561,40.0302347,2258 115.4531150,40.0302187,2258 115.4531084,40.0302143,2258 115.4531019,40.0302099,2258 115.4530956,40.0302064,2258 115.4530893,40.0302029,2258 115.4530820,40.0302029,2258 115.4530747,40.0302030,2258 115.4530690,40.0302053,2258 115.4530634,40.0302077,2258 115.4530578,40.0302101,2258 115.4530500,40.0302140,2258 115.4530423,40.0302180,2258 115.4530351,40.0302214,2258 115.4530280,40.0302249,2258 115.4530208,40.0302281,2258 115.4530136,40.0302314,2258 115.4530067,40.0302349,2258 115.4529998,40.0302385,2258 115.4529928,40.0302430,2258 115.4529858,40.0302475,2258 115.4529768,40.0302511,2258 115.4529679,40.0302548,2258 115.4529568,40.0302567,2258 115.4529458,40.0302587,2258 115.4529352,40.0302598,2258 115.4529246,40.0302609,2258 115.4529139,40.0302631,2250 115.4529033,40.0302654,2250 115.4528939,40.0302706,2250 115.4528846,40.0302758,2250 115.4528770,40.0302814,2250 115.4528695,40.0302870,2250 115.4528624,40.0302894,2250 115.4528554,40.0302918,2250 115.4528471,40.0302931,2250 115.4528388,40.0302944,2250 115.4528359,40.0302952,2250 115.4528330,40.0302959,2250 115.4528301,40.0302966,2250 115.4528273,40.0302973,2250 115.4528168,40.0303005,2250 115.4528064,40.0303039,2250 115.4528000,40.0303064,2250 115.4527937,40.0303089,2250 115.4527874,40.0303114,2250 115.4527781,40.0303128,2250 115.4527689,40.0303143,2250 115.4527534,40.0303111,2250 115.4527380,40.0303078,2250 115.4527133,40.0302998,2250 115.4527046,40.0303017,2250 115.4526960,40.0303036,2250 115.4526840,40.0303065,2250 115.4526720,40.0303095,2250 115.4526446,40.0303172,2250 115.4526364,40.0303199,2234 115.4526283,40.0303227,2234 115.4526203,40.0303241,2234 115.4526123,40.0303254,2234 115.4526037,40.0303269,2234 115.4525951,40.0303283,2234 115.4525882,40.0303301,2234 115.4525813,40.0303319,2234 115.4525745,40.0303337,2234 115.4525687,40.0303356,2234 115.4525630,40.0303375,2234 115.4525579,40.0303394,2234 115.4525529,40.0303416,2234 115.4525441,40.0303437,2234 115.4525354,40.0303459,2234 115.4525265,40.0303440,2234 115.4525177,40.0303421,2234 115.4525087,40.0303355,2234 115.4524998,40.0303290,2234 115.4524854,40.0303186,2234 115.4524711,40.0303082,2234 115.4524374,40.0302868,2234 115.4524275,40.0302805,2234 115.4524177,40.0302742,2234 115.4524014,40.0302661,2234 115.4523851,40.0302580,2234 115.4523540,40.0302423,2219 115.4523230,40.0302267,2219 115.4522618,40.0301930,2219 115.4522568,40.0301906,2219 115.4522518,40.0301882,2219 115.4522469,40.0301859,2219 115.4522384,40.0301849,2219 115.4522300,40.0301840,2219 115.4522170,40.0301841,2219 115.4522102,40.0301807,2219 115.4522035,40.0301773,2219 115.4522005,40.0301734,2219 115.4521975,40.0301697,2219 115.4521945,40.0301660,2219 115.4521922,40.0301597,2219 115.4521900,40.0301535,2219 115.4521870,40.0301479,2219 115.4521841,40.0301424,2219 115.4521789,40.0301371,2223 115.4521737,40.0301318,2223 115.4521694,40.0301284,2223 115.4521652,40.0301250,2223 115.4521610,40.0301217,2223 115.4521532,40.0301180,2223 115.4521455,40.0301144,2223 115.4521418,40.0301130,2223 115.4521381,40.0301117,2223 115.4521345,40.0301104,2223 115.4521308,40.0301091,2223 115.4521272,40.0301078,2223 115.4521177,40.0301038,2223 115.4521082,40.0300999,2223 115.4520939,40.0300944,2223 115.4520854,40.0300926,2223 115.4520769,40.0300909,2204 115.4520685,40.0300860,2204 115.4520601,40.0300810,2204 115.4520490,40.0300725,2204 115.4520380,40.0300640,2204 115.4520215,40.0300502,2204 115.4520178,40.0300475,2204 115.4520142,40.0300448,2204 115.4520083,40.0300401,2204 115.4520024,40.0300354,2204 115.4519990,40.0300324,2204 115.4519956,40.0300295,2204 115.4519927,40.0300266,2204 115.4519898,40.0300237,2204 115.4519849,40.0300195,2204 115.4519800,40.0300153,2204 115.4519750,40.0300108,2204 115.4519700,40.0300064,2204 115.4519634,40.0300034,2204 115.4519569,40.0300005,2204 115.4519531,40.0299993,2204 115.4519493,40.0299982,2204 115.4519455,40.0299970,2204 115.4519418,40.0299959,2204 115.4519371,40.0299908,2204 115.4519325,40.0299858,2204 115.4519293,40.0299782,2204 115.4519262,40.0299706,2204 115.4519232,40.0299633,2204 115.4519202,40.0299560,2204 115.4519155,40.0299492,2204 115.4519109,40.0299424,2204 115.4519056,40.0299362,2204 115.4519003,40.0299301,2204 115.4518947,40.0299243,2204 115.4518891,40.0299185,2204 115.4518830,40.0299126,2204 115.4518769,40.0299070,2204 115.4518704,40.0299018,2204 115.4518639,40.0298966,2204 115.4518577,40.0298913,2204 115.4518516,40.0298863,2204 115.4518459,40.0298802,2204 115.4518403,40.0298741,2204 115.4518353,40.0298670,2204 115.4518303,40.0298599,2201 115.4518253,40.0298530,2201 115.4518203,40.0298462,2201 115.4518148,40.0298406,2201 115.4518094,40.0298350,2201 115.4518049,40.0298309,2191 115.4518005,40.0298269,2191 115.4517956,40.0298237,2191 115.4517908,40.0298206,2191 115.4517822,40.0298167,2191 115.4517732,40.0298100,2191 115.4517643,40.0298033,2191 115.4517594,40.0297983,2191 115.4517546,40.0297933,2191 115.4517498,40.0297883,2191 115.4517461,40.0297805,2191 115.4517425,40.0297728,2191 115.4517406,40.0297660,2191 115.4517387,40.0297593,2191 115.4517358,40.0297541,2191 115.4517330,40.0297490,2191 115.4517283,40.0297451,2191 115.4517237,40.0297413,2191 115.4517167,40.0297389,2191 115.4517097,40.0297365,2191 115.4517052,40.0297350,2191 115.4517008,40.0297335,2191 115.4516932,40.0297280,2191 115.4516857,40.0297225,2191 115.4516788,40.0297150,2191 115.4516720,40.0297076,2191 115.4516655,40.0297006,2191 115.4516591,40.0296937,2191 115.4516527,40.0296870,2191 115.4516463,40.0296803,2191 115.4516392,40.0296742,2191 115.4516321,40.0296681,2191 115.4516253,40.0296636,2191 115.4516185,40.0296591,2191 115.4516107,40.0296562,2191 115.4516029,40.0296534,2191 115.4515914,40.0296518,2191 115.4515799,40.0296502,2191 115.4515619,40.0296483,2191 115.4515562,40.0296467,2191 115.4515505,40.0296452,2191 115.4515412,40.0296425,2191 115.4515319,40.0296398,2191 115.4515205,40.0296372,2177 115.4515092,40.0296347,2177 115.4514920,40.0296313,2177 115.4514749,40.0296279,2177 115.4514372,40.0296201,2177 115.4514260,40.0296176,2177 115.4514148,40.0296151,2177 115.4513977,40.0296134,2177 115.4513807,40.0296118,2177 115.4513526,40.0296104,2177 115.4513478,40.0296090,2177 115.4513430,40.0296075,2177 115.4513343,40.0296049,2177 115.4513256,40.0296023,2177 115.4513136,40.0296000,2177 115.4513016,40.0295978,2177 115.4512885,40.0295957,2177 115.4512754,40.0295937,2177 115.4512623,40.0295917,2177 115.4512272,40.0295858,2167 115.4511921,40.0295800,2165 115.4511151,40.0295700,2165 115.4510382,40.0295601,2165 115.4508889,40.0295402,2159 115.4508843,40.0295383,2159 115.4508798,40.0295364,2159 115.4508717,40.0295337,2159 115.4508636,40.0295310,2159 115.4508538,40.0295267,2159 115.4508440,40.0295224,2159 115.4508284,40.0295153,2159 115.4508129,40.0295083,2159 115.4507769,40.0294970,2159 115.4507643,40.0294961,2159 115.4507517,40.0294955,2159 115.4507329,40.0294947,2159 115.4507142,40.0294940,2159 115.4506865,40.0294935,2155 115.4506818,40.0294918,2155 115.4506771,40.0294900,2155 115.4506704,40.0294859,2155 115.4506637,40.0294817,2155 115.4506570,40.0294777,2155 115.4506503,40.0294738,2155 115.4506424,40.0294702,2155 115.4506346,40.0294667,2155 115.4506286,40.0294654,2155 115.4506226,40.0294641,2155 115.4506167,40.0294628,2155 115.4506073,40.0294619,2155 115.4505979,40.0294610,2155 115.4505884,40.0294600,2155 115.4505789,40.0294590,2155 115.4505708,40.0294579,2155 115.4505628,40.0294567,2155 115.4505549,40.0294557,2155 115.4505470,40.0294548,2155 115.4505388,40.0294547,2155 115.4505307,40.0294547,2155 115.4505225,40.0294553,2155 115.4505144,40.0294560,2155 115.4505059,40.0294566,2155 115.4504974,40.0294573,2155 115.4504880,40.0294575,2155 115.4504786,40.0294577,2155 115.4504693,40.0294581,2155 115.4504600,40.0294586,2155 115.4504506,40.0294584,2155 115.4504412,40.0294584,2155 115.4504309,40.0294576,2155 115.4504207,40.0294567,2155 115.4504092,40.0294554,2147 115.4503978,40.0294542,2147 115.4503850,40.0294529,2147 115.4503722,40.0294517,2147 115.4503603,40.0294504,2147 115.4503484,40.0294491,2147 115.4503376,40.0294478,2147 115.4503268,40.0294466,2147 115.4503162,40.0294470,2147 115.4503057,40.0294474,2147 115.4502953,40.0294482,2147 115.4502849,40.0294491,2147 115.4502751,40.0294509,2147 115.4502653,40.0294527,2147 115.4502555,40.0294542,2147 115.4502457,40.0294557,2147 115.4502359,40.0294566,2147 115.4502261,40.0294575,2147 115.4502155,40.0294583,2147 115.4502049,40.0294590,2147 115.4501944,40.0294605,2147 115.4501839,40.0294620,2147 115.4501746,40.0294634,2147 115.4501653,40.0294649,2147 115.4501565,40.0294663,2147 115.4501478,40.0294677,2147 115.4501409,40.0294700,2147 115.4501341,40.0294723,2147 115.4501283,40.0294754,2147 115.4501225,40.0294785,2147 115.4501180,40.0294821,2147 115.4501135,40.0294859,2147 115.4501094,40.0294906,2147 115.4501053,40.0294954,2147 115.4501011,40.0295001,2147 115.4500969,40.0295049,2147 115.4500920,40.0295085,2147 115.4500872,40.0295121,2147 115.4500802,40.0295142,2147 115.4500732,40.0295164,2147 115.4500686,40.0295169,2147 115.4500640,40.0295174,2147 115.4500594,40.0295179,2147 115.4500549,40.0295184,2147 115.4500435,40.0295184,2147 115.4500322,40.0295185,2147 115.4500284,40.0295185,2147 115.4500247,40.0295186,2147 115.4500209,40.0295186,2147 115.4500172,40.0295186,2147 115.4500064,40.0295175,2147 115.4499956,40.0295164,2147 115.4499843,40.0295137,2147 115.4499731,40.0295113,2147 115.4499622,40.0295070,2147 115.4499513,40.0295028,2147 115.4499408,40.0294966,2147 115.4499303,40.0294905,2147 115.4499191,40.0294839,2147 115.4499080,40.0294774,2147 115.4498961,40.0294719,2147 115.4498842,40.0294665,2147 115.4498710,40.0294632,2147 115.4498578,40.0294599,2140 115.4498428,40.0294570,2140 115.4498278,40.0294541,2140 115.4498137,40.0294501,2140 115.4497997,40.0294462,2140 115.4497874,40.0294395,2140 115.4497752,40.0294329,2140 115.4497650,40.0294248,2140 115.4497549,40.0294168,2140 115.4497464,40.0294097,2140 115.4497379,40.0294027,2140 115.4497285,40.0293963,2140 115.4497191,40.0293900,2140 115.4497090,40.0293844,2140 115.4496989,40.0293789,2140 115.4496880,40.0293725,2140 115.4496772,40.0293661,2140 115.4496659,40.0293592,2140 115.4496547,40.0293523,2140 115.4496449,40.0293451,2140 115.4496351,40.0293379,2140 115.4496263,40.0293300,2140 115.4496176,40.0293221,2140 115.4496113,40.0293123,2140 115.4496050,40.0293026,2138 115.4496005,40.0292924,2138 115.4495960,40.0292823,2138 115.4495896,40.0292724,2138 115.4495833,40.0292626,2141 115.4495774,40.0292535,2141 115.4495715,40.0292444,2141 115.4495675,40.0292373,2141 115.4495635,40.0292302,2141 115.4495610,40.0292243,2141 115.4495585,40.0292186,2141 115.4495576,40.0292120,2141 115.4495567,40.0292054,2141 115.4495561,40.0291984,2141 115.4495555,40.0291915,2141 115.4495553,40.0291842,2141 115.4495552,40.0291769,2141 115.4495559,40.0291692,2141 115.4495567,40.0291616,2141 115.4495596,40.0291544,2141 115.4495626,40.0291473,2141 115.4495657,40.0291428,2141 115.4495688,40.0291383,2141 115.4495720,40.0291339,2141 115.4495771,40.0291278,2141 115.4495823,40.0291218,2141 115.4495855,40.0291179,2138 115.4495887,40.0291142,2138 115.4495919,40.0291105,2138 115.4495956,40.0291057,2138 115.4495993,40.0291009,2138 115.4496041,40.0290954,2138 115.4496090,40.0290902,2138 115.4496122,40.0290869,2138 115.4496155,40.0290837,2138 115.4496200,40.0290773,2138 115.4496245,40.0290709,2138 115.4496291,40.0290638,2138 115.4496337,40.0290568,2138 115.4496360,40.0290520,2138 115.4496383,40.0290473,2138 115.4496407,40.0290425,2138 115.4496422,40.0290354,2138 115.4496438,40.0290282,2138 115.4496454,40.0290200,2134 115.4496471,40.0290121,2134 115.4496479,40.0290053,2134 115.4496487,40.0289985,2134 115.4496495,40.0289917,2134 115.4496495,40.0289762,2134 115.4496495,40.0289607,2134 115.4496490,40.0289346,2134 115.4496467,40.0289173,2134 115.4496444,40.0289000,2134 115.4496387,40.0288656,2134 115.4496331,40.0288312,2134 115.4496201,40.0287620,2134 115.4496162,40.0287500,2134 115.4496124,40.0287381,2117 115.4496026,40.0287151,2117 115.4496018,40.0287099,2117 115.4496010,40.0287048,2117 115.4495997,40.0287001,2117 115.4495984,40.0286955,2117 115.4495960,40.0286916,2117 115.4495937,40.0286878,2117 115.4495899,40.0286840,2117 115.4495862,40.0286801,2117 115.4495853,40.0286775,2117 115.4495844,40.0286749,2117 115.4495835,40.0286722,2117 115.4495827,40.0286696,2110 115.4495828,40.0286648,2110 115.4495830,40.0286601,2110 115.4495799,40.0286563,2110 115.4495769,40.0286525,2110 115.4495697,40.0286491,2110 115.4495625,40.0286460,2110 115.4495526,40.0286424,2110 115.4495427,40.0286388,2110 115.4495289,40.0286339,2110 115.4495207,40.0286304,2110 115.4495126,40.0286269,2110 115.4495076,40.0286246,2110 115.4495027,40.0286223,2110 115.4494978,40.0286199,2110 115.4494902,40.0286168,2110 115.4494826,40.0286137,2110 115.4494788,40.0286120,2110 115.4494751,40.0286104,2110 115.4494714,40.0286088,2110 115.4494677,40.0286072,2110 115.4494625,40.0286035,2110 115.4494574,40.0286001,2110 115.4494529,40.0285953,2110 115.4494484,40.0285906,2110 115.4494436,40.0285859,2110 115.4494388,40.0285812,2110 115.4494356,40.0285760,2110 115.4494325,40.0285708,2110 115.4494293,40.0285636,2110 115.4494261,40.0285564,2110 115.4494163,40.0285402,2110 115.4494111,40.0285336,2110 115.4494060,40.0285269,2110 115.4493977,40.0285190,2110 115.4493895,40.0285111,2110 115.4493780,40.0284989,2110 115.4493666,40.0284867,2110 115.4493501,40.0284617,2099 115.4493336,40.0284368,2099 115.4493149,40.0283878,2099 115.4493218,40.0283815,2099 115.4493287,40.0283752,2099 115.4493351,40.0283654,2099 115.4493319,40.0283611,2099 115.4493288,40.0283568,2099 115.4493248,40.0283521,2099 115.4493208,40.0283475,2099 115.4493171,40.0283418,2099 115.4493134,40.0283361,2099 115.4493109,40.0283301,2099 115.4493084,40.0283241,2099 115.4493054,40.0283174,2112 115.4493025,40.0283108,2112 115.4492998,40.0283071,2112 115.4492971,40.0283035,2112 115.4492941,40.0283001,2112 115.4492911,40.0282969,2112 115.4492865,40.0282919,2112 115.4492820,40.0282869,2112 115.4492767,40.0282826,2112 115.4492714,40.0282782,2112 115.4492654,40.0282726,2112 115.4492594,40.0282670,2112 115.4492515,40.0282572,2112 115.4492463,40.0282523,2112 115.4492411,40.0282475,2112 115.4492342,40.0282425,2112 115.4492274,40.0282375,2112 115.4492233,40.0282332,2112 115.4492192,40.0282292,2112 115.4492151,40.0282251,2112 115.4492107,40.0282192,2112 115.4492064,40.0282134,2112 115.4492021,40.0282062,2112 115.4491979,40.0281990,2112 115.4491945,40.0281940,2097 115.4491911,40.0281890,2097 115.4491877,40.0281840,2097 115.4491838,40.0281801,2097 115.4491799,40.0281762,2097 115.4491760,40.0281724,2097 115.4491704,40.0281662,2097 115.4491648,40.0281601,2097 115.4491619,40.0281557,2097 115.4491590,40.0281513,2097 115.4491562,40.0281469,2097 115.4491533,40.0281425,2097 115.4491505,40.0281382,2097 115.4491399,40.0281187,2097 115.4491294,40.0280992,2097 115.4491074,40.0280606,2097 115.4491043,40.0280572,2097 115.4491012,40.0280538,2097 115.4490982,40.0280504,2097 115.4490938,40.0280452,2097 115.4490895,40.0280401,2097 115.4490793,40.0280269,2097 115.4490750,40.0280210,2097 115.4490707,40.0280151,2097 115.4490658,40.0280089,2097 115.4490610,40.0280028,2097 115.4490563,40.0279971,2097 115.4490517,40.0279914,2097 115.4490484,40.0279854,2097 115.4490452,40.0279795,2097 115.4490446,40.0279760,2097 115.4490441,40.0279726,2097 115.4490459,40.0279669,2097 115.4490478,40.0279613,2097 115.4490519,40.0279554,2097 115.4490561,40.0279495,2097 115.4490572,40.0279462,2097 115.4490583,40.0279430,2097 115.4490594,40.0279398,2097 115.4490605,40.0279365,2097 115.4490602,40.0279303,2097 115.4490600,40.0279240,2097 115.4490590,40.0279174,2097 115.4490581,40.0279108,2085 115.4490564,40.0279043,2085 115.4490548,40.0278978,2085 115.4490522,40.0278912,2085 115.4490497,40.0278847,2085 115.4490462,40.0278783,2085 115.4490427,40.0278720,2085 115.4490379,40.0278654,2085 115.4490332,40.0278588,2085 115.4490271,40.0278517,2102 115.4490210,40.0278446,2102 115.4490147,40.0278372,2102 115.4490085,40.0278299,2102 115.4490017,40.0278221,2102 115.4489950,40.0278143,2102 115.4489876,40.0278062,2102 115.4489803,40.0277982,2102 115.4489728,40.0277901,2102 115.4489653,40.0277821,2102 115.4489573,40.0277734,2102 115.4489494,40.0277647,2102 115.4489417,40.0277556,2102 115.4489341,40.0277466,2102 115.4489273,40.0277383,2102 115.4489206,40.0277301,2102 115.4489135,40.0277218,2102 115.4489065,40.0277135,2102 115.4489002,40.0277059,2102 115.4488940,40.0276983,2102 115.4488883,40.0276917,2102 115.4488826,40.0276851,2102 115.4488771,40.0276803,2102 115.4488716,40.0276755,2102 115.4488651,40.0276704,2102 115.4488586,40.0276653,2102 115.4488561,40.0276633,2102 115.4488537,40.0276613,2102 115.4488513,40.0276592,2102 115.4488489,40.0276572,2102 115.4488408,40.0276492,2102 115.4488327,40.0276412,2102 115.4488252,40.0276321,2079 115.4488178,40.0276230,2079 115.4488116,40.0276137,2079 115.4488054,40.0276044,2079 115.4487988,40.0275935,2079 115.4487923,40.0275826,2079 115.4487863,40.0275706,2079 115.4487804,40.0275586,2079 115.4487771,40.0275460,2079 115.4487738,40.0275334,2079 115.4487722,40.0275212,2079 115.4487707,40.0275089,2079 115.4487700,40.0274979,2079 115.4487693,40.0274869,2079 115.4487691,40.0274778,2079 115.4487690,40.0274688,2079 115.4487685,40.0274613,2079 115.4487680,40.0274538,2079 115.4487651,40.0274457,2079 115.4487622,40.0274377,2079 115.4487578,40.0274286,2079 115.4487534,40.0274195,2079 115.4487482,40.0274107,2086 115.4487431,40.0274020,2086 115.4487363,40.0273933,2086 115.4487295,40.0273847,2086 115.4487216,40.0273768,2086 115.4487137,40.0273689,2086 115.4487058,40.0273623,2086 115.4486980,40.0273557,2076 115.4486900,40.0273492,2076 115.4486821,40.0273427,2076 115.4486750,40.0273357,2076 115.4486680,40.0273288,2076 115.4486646,40.0273251,2076 115.4486613,40.0273214,2076 115.4486562,40.0273148,2076 115.4486511,40.0273082,2076 115.4486459,40.0273004,2076 115.4486407,40.0272926,2076 115.4486344,40.0272850,2076 115.4486282,40.0272774,2076 115.4486210,40.0272707,2076 115.4486139,40.0272639,2076 115.4486062,40.0272578,2076 115.4485986,40.0272518,2076 115.4485909,40.0272468,2076 115.4485833,40.0272419,2076 115.4485764,40.0272368,2076 115.4485695,40.0272318,2076 115.4485646,40.0272266,2076 115.4485597,40.0272214,2076 115.4485565,40.0272151,2076 115.4485533,40.0272087,2076 115.4485496,40.0272004,2076 115.4485459,40.0271921,2076 115.4485395,40.0271801,2076 115.4485343,40.0271742,2076 115.4485292,40.0271682,2076 115.4485248,40.0271623,2076 115.4485204,40.0271564,2076 115.4485187,40.0271503,2076 115.4485170,40.0271445,2076 115.4485177,40.0271378,2076 115.4485185,40.0271312,2076 115.4485190,40.0271290,2076 115.4485196,40.0271269,2076 115.4485201,40.0271248,2076 115.4485207,40.0271227,2076 115.4485220,40.0271160,2076 115.4485234,40.0271094,2076 115.4485249,40.0271026,2076 115.4485265,40.0270959,2076 115.4485286,40.0270883,2076 115.4485307,40.0270809,2067 115.4485323,40.0270725,2067 115.4485340,40.0270642,2067 115.4485360,40.0270558,2067 115.4485380,40.0270475,2067 115.4485413,40.0270396,2067 115.4485447,40.0270318,2067 115.4485474,40.0270243,2067 115.4485502,40.0270168,2067 115.4485514,40.0270095,2067 115.4485527,40.0270023,2067 115.4485523,40.0269955,2067 115.4485519,40.0269886,2067 115.4485520,40.0269815,2067 115.4485522,40.0269743,2067 115.4485546,40.0269661,2067 115.4485571,40.0269581,2067 115.4485626,40.0269464,2067 115.4485681,40.0269348,2067 115.4485754,40.0269165,2067 115.4485758,40.0269114,2067 115.4485762,40.0269063,2067 115.4485766,40.0269012,2067 115.4485801,40.0268934,2067 115.4485837,40.0268856,2067 115.4485928,40.0268742,2067 115.4486020,40.0268629,2067 115.4486185,40.0268453,2067 115.4486185,40.0268390,2067 115.4486185,40.0268327,2067 115.4486198,40.0268258,2067 115.4486212,40.0268189,2067 115.4486242,40.0268121,2067 115.4486273,40.0268054,2059 115.4486316,40.0267991,2059 115.4486359,40.0267928,2059 115.4486399,40.0267861,2059 115.4486439,40.0267796,2059 115.4486456,40.0267724,2059 115.4486473,40.0267653,2059 115.4486471,40.0267585,2059 115.4486470,40.0267517,2059 115.4486457,40.0267451,2059 115.4486444,40.0267386,2059 115.4486429,40.0267318,2059 115.4486414,40.0267250,2059 115.4486409,40.0267211,2059 115.4486405,40.0267172,2059 115.4486408,40.0267112,2059 115.4486411,40.0267052,2059 115.4486412,40.0266991,2059 115.4486413,40.0266930,2059 115.4486415,40.0266864,2059 115.4486417,40.0266800,2059 115.4486416,40.0266730,2059 115.4486416,40.0266662,2059 115.4486414,40.0266590,2059 115.4486413,40.0266518,2059 115.4486412,40.0266441,2059 115.4486412,40.0266364,2059 115.4486421,40.0266289,2059 115.4486430,40.0266214,2059 115.4486448,40.0266146,2059 115.4486466,40.0266079,2059 115.4486487,40.0266018,2059 115.4486508,40.0265957,2059 115.4486537,40.0265901,2059 115.4486566,40.0265845,2059 115.4486606,40.0265780,2059 115.4486647,40.0265715,2059 115.4486676,40.0265645,2059 115.4486706,40.0265575,2059 115.4486715,40.0265496,2059 115.4486725,40.0265419,2059 115.4486701,40.0265348,2059 115.4486677,40.0265277,2046 115.4486627,40.0265216,2046 115.4486577,40.0265156,2046 115.4486508,40.0265113,2046 115.4486440,40.0265073,2046 115.4486348,40.0265031,2046 115.4486257,40.0264990,2046 115.4486149,40.0264945,2046 115.4486041,40.0264900,2046 115.4485939,40.0264843,2046 115.4485837,40.0264786,2046 115.4485747,40.0264717,2046 115.4485658,40.0264648,2046 115.4485572,40.0264580,2046 115.4485487,40.0264511,2046 115.4485399,40.0264456,2046 115.4485311,40.0264401,2046 115.4485231,40.0264362,2046 115.4485151,40.0264323,2046 115.4485081,40.0264279,2046 115.4485012,40.0264235,2046 115.4484941,40.0264189,2046 115.4484871,40.0264144,2046 115.4484805,40.0264106,2046 115.4484739,40.0264069,2046 115.4484667,40.0264035,2046 115.4484595,40.0264002,2046 115.4484561,40.0263988,2046 115.4484528,40.0263974,2046 115.4484495,40.0263961,2046 115.4484409,40.0263921,2046 115.4484324,40.0263881,2046 115.4484247,40.0263846,2046 115.4484171,40.0263811,2046 115.4484093,40.0263789,2046 115.4484016,40.0263767,2046 115.4483951,40.0263742,2046 115.4483887,40.0263718,2046 115.4483852,40.0263672,2046 115.4483817,40.0263626,2046 115.4483782,40.0263580,2046 115.4483749,40.0263528,2046 115.4483717,40.0263477,2046 115.4483662,40.0263425,2046 115.4483607,40.0263374,2046 115.4483539,40.0263301,2046 115.4483472,40.0263231,2046 115.4483448,40.0263206,2046 115.4483425,40.0263181,2046 115.4483401,40.0263155,2046 115.4483378,40.0263132,2046 115.4483340,40.0263098,2046 115.4483302,40.0263064,2046 115.4483230,40.0263018,2046 115.4483158,40.0262972,2046 115.4483086,40.0262927,2046 115.4483009,40.0262882,2046 115.4482933,40.0262838,2046 115.4482870,40.0262782,2046 115.4482808,40.0262727,2046 115.4482739,40.0262669,2046 115.4482671,40.0262611,2046 115.4482602,40.0262545,2046 115.4482534,40.0262480,2032 115.4482477,40.0262414,2032 115.4482420,40.0262349,2032 115.4482343,40.0262287,2032 115.4482267,40.0262225,2032 115.4482242,40.0262211,2032 115.4482217,40.0262196,2032 115.4482192,40.0262182,2032 115.4482167,40.0262167,2032 115.4482143,40.0262152,2032 115.4482099,40.0262131,2032 115.4482056,40.0262110,2032 115.4481973,40.0262079,2032 115.4481891,40.0262049,2034 115.4481804,40.0262015,2034 115.4481717,40.0261982,2034 115.4481640,40.0261933,2034 115.4481563,40.0261884,2034 115.4481491,40.0261820,2034 115.4481420,40.0261757,2034 115.4481340,40.0261691,2034 115.4481261,40.0261626,2034 115.4481138,40.0261547,2034 115.4481016,40.0261468,2034 115.4480738,40.0261283,2034 115.4480650,40.0261191,2034 115.4480563,40.0261100,2034 115.4480427,40.0260904,2034 115.4480399,40.0260857,2034 115.4480372,40.0260811,2034 115.4480354,40.0260779,2034 115.4480337,40.0260748,2034 115.4480320,40.0260717,2034 115.4480325,40.0260671,2034 115.4480331,40.0260626,2034 115.4480325,40.0260592,2034 115.4480320,40.0260558,2034 115.4480266,40.0260528,2034 115.4480212,40.0260498,2034 115.4480136,40.0260463,2034 115.4480060,40.0260428,2034 115.4479987,40.0260391,2034 115.4479915,40.0260355,2034 115.4479841,40.0260324,2034 115.4479767,40.0260294,2034 115.4479675,40.0260269,2034 115.4479583,40.0260244,2034 115.4479526,40.0260225,2034 115.4479469,40.0260206,2034 115.4479383,40.0260160,2034 115.4479298,40.0260114,2034 115.4479219,40.0260057,2034 115.4479141,40.0260000,2023 115.4479076,40.0259944,2023 115.4479011,40.0259889,2023 115.4478963,40.0259822,2023 115.4478916,40.0259756,2023 115.4478894,40.0259669,2016 115.4478872,40.0259582,2016 115.4478868,40.0259442,2016 115.4478864,40.0259303,2016 115.4478836,40.0259009,2016 115.4478813,40.0258917,2016 115.4478791,40.0258828,2016 115.4478752,40.0258698,2016 115.4478705,40.0258647,2016 115.4478659,40.0258597,2016 115.4478622,40.0258551,2016 115.4478585,40.0258506,2016 115.4478549,40.0258454,2016 115.4478514,40.0258403,2016 115.4478468,40.0258346,2016 115.4478423,40.0258289,2016 115.4478394,40.0258250,2016 115.4478365,40.0258212,2016 115.4478320,40.0258144,2016 115.4478276,40.0258076,2016 115.4478241,40.0258033,2016 115.4478207,40.0257990,2016 115.4478173,40.0257947,2016 115.4478119,40.0257889,2016 115.4478065,40.0257832,2016 115.4478025,40.0257768,2016 115.4477986,40.0257707,2016 115.4477961,40.0257646,2016 115.4477936,40.0257585,2016 115.4477904,40.0257521,2016 115.4477873,40.0257457,2016 115.4477848,40.0257419,2016 115.4477824,40.0257381,2016 115.4477769,40.0257318,2016 115.4477714,40.0257257,2016 115.4477643,40.0257197,2016 115.4477573,40.0257137,2016 115.4477500,40.0257085,2016 115.4477427,40.0257034,2016 115.4477363,40.0256979,2016 115.4477300,40.0256925,2006 115.4477251,40.0256844,2006 115.4477202,40.0256764,2006 115.4477155,40.0256629,2006 115.4477108,40.0256495,2006 115.4477056,40.0256274,2006 115.4477046,40.0256219,2006 115.4477037,40.0256163,2006 115.4477031,40.0256100,2006 115.4477025,40.0256035,2006 115.4477020,40.0255996,2006 115.4477015,40.0255956,2006 115.4476993,40.0255889,2006 115.4476971,40.0255824,2006 115.4476945,40.0255756,2006 115.4476920,40.0255689,2006 115.4476901,40.0255645,2006 115.4476882,40.0255601,2006 115.4476864,40.0255557,2006 115.4476851,40.0255498,2006 115.4476839,40.0255439,2006 115.4476838,40.0255386,2006 115.4476837,40.0255332,2006 115.4476829,40.0255269,2006 115.4476822,40.0255207,2006 115.4476812,40.0255169,2006 115.4476803,40.0255131,2006 115.4476775,40.0255070,2006 115.4476747,40.0255010,2006 115.4476715,40.0254953,2006 115.4476683,40.0254896,2006 115.4476646,40.0254842,2006 115.4476610,40.0254789,2006 115.4476572,40.0254734,2006 115.4476535,40.0254682,2006 115.4476512,40.0254643,2006 115.4476489,40.0254605,2006 115.4476466,40.0254567,2006 115.4476432,40.0254515,2006 115.4476399,40.0254465,2006 115.4476362,40.0254414,1995 115.4476326,40.0254363,1995 115.4476306,40.0254331,1995 115.4476286,40.0254300,1995 115.4476253,40.0254238,1995 115.4476220,40.0254177,1995 115.4476193,40.0254106,1985 115.4476166,40.0254035,1985 115.4476129,40.0253958,1985 115.4476093,40.0253881,1985 115.4476048,40.0253803,1985 115.4476003,40.0253726,1985 115.4475956,40.0253642,1985 115.4475909,40.0253559,1985 115.4475865,40.0253463,1985 115.4475822,40.0253369,1985 115.4475785,40.0253269,1985 115.4475748,40.0253170,1985 115.4475715,40.0253067,1985 115.4475683,40.0252964,1985 115.4475652,40.0252858,1985 115.4475621,40.0252752,1985 115.4475590,40.0252645,1985 115.4475559,40.0252538,1985 115.4475527,40.0252426,1985 115.4475495,40.0252314,1985 115.4475476,40.0252200,1985 115.4475458,40.0252086,1985 115.4475448,40.0251974,1985 115.4475438,40.0251862,1985 115.4475413,40.0251756,1985 115.4475389,40.0251650,1985 115.4475352,40.0251546,1985 115.4475315,40.0251443,1985 115.4475291,40.0251345,1981 115.4475268,40.0251248,1981 115.4475266,40.0251155,1981 115.4475264,40.0251062,1981 115.4475270,40.0250966,1981 115.4475277,40.0250870,1981 115.4475276,40.0250766,1981 115.4475276,40.0250662,1981 115.4475247,40.0250557,1981 115.4475219,40.0250454,1981 115.4475163,40.0250350,1981 115.4475108,40.0250247,1981 115.4475044,40.0250153,1981 115.4474981,40.0250060,1981 115.4474925,40.0249976,1981 115.4474869,40.0249892,1981 115.4474815,40.0249811,1981 115.4474761,40.0249730,1981 115.4474708,40.0249656,1981 115.4474655,40.0249582,1981 115.4474617,40.0249511,1981 115.4474580,40.0249440,1981 115.4474568,40.0249369,1981 115.4474556,40.0249298,1981 115.4474577,40.0249224,1981 115.4474599,40.0249149,1981 115.4474624,40.0249076,1981 115.4474650,40.0249003,1981 115.4474655,40.0248936,1981 115.4474661,40.0248870,1981 115.4474641,40.0248805,1981 115.4474621,40.0248739,1981 115.4474596,40.0248670,1981 115.4474571,40.0248599,1982 115.4474547,40.0248528,1982 115.4474523,40.0248457,1982 115.4474488,40.0248383,1982 115.4474453,40.0248310,1982 115.4474418,40.0248222,1982 115.4474383,40.0248135,1982 115.4474347,40.0248043,1982 115.4474311,40.0247951,1982 115.4474273,40.0247865,1982 115.4474236,40.0247778,1982 115.4474188,40.0247708,1982 115.4474141,40.0247637,1982 115.4474078,40.0247580,1982 115.4474016,40.0247523,1982 115.4473949,40.0247470,1982 115.4473882,40.0247417,1982 115.4473823,40.0247364,1982 115.4473764,40.0247310,1982 115.4473705,40.0247255,1982 115.4473647,40.0247202,1982 115.4473584,40.0247156,1980 115.4473521,40.0247111,1980 115.4473448,40.0247068,1980 115.4473375,40.0247024,1980 115.4473298,40.0246975,1980 115.4473221,40.0246925,1980 115.4473145,40.0246868,1980 115.4473069,40.0246812,1980 115.4472998,40.0246747,1980 115.4472928,40.0246683,1980 115.4472854,40.0246623,1980 115.4472781,40.0246562,1980 115.4472702,40.0246504,1980 115.4472623,40.0246445,1980 115.4472532,40.0246376,1980 115.4472442,40.0246308,1980 115.4472349,40.0246233,1980 115.4472257,40.0246159,1980 115.4472168,40.0246073,1980 115.4472079,40.0245987,1980 115.4471983,40.0245908,1980 115.4471887,40.0245829,1984 115.4471785,40.0245757,1984 115.4471683,40.0245686,1984 115.4471578,40.0245628,1984 115.4471473,40.0245570,1984 115.4471358,40.0245522,1984 115.4471243,40.0245475,1984 115.4471133,40.0245427,1984 115.4471024,40.0245380,1984 115.4470929,40.0245327,1984 115.4470834,40.0245275,1984 115.4470757,40.0245220,1973 115.4470680,40.0245166,1973 115.4470613,40.0245129,1973 115.4470547,40.0245092,1973 115.4470473,40.0245062,1973 115.4470400,40.0245032,1973 115.4470328,40.0244996,1973 115.4470257,40.0244961,1973 115.4470198,40.0244920,1973 115.4470139,40.0244880,1973 115.4470092,40.0244827,1973 115.4470045,40.0244774,1973 115.4469989,40.0244730,1973 115.4469934,40.0244686,1973 115.4469865,40.0244641,1973 115.4469797,40.0244597,1973 115.4469720,40.0244544,1973 115.4469643,40.0244492,1973 115.4469561,40.0244436,1973 115.4469480,40.0244380,1973 115.4469391,40.0244324,1973 115.4469303,40.0244268,1973 115.4469219,40.0244217,1973 115.4469136,40.0244166,1973 115.4469076,40.0244120,1973 115.4469016,40.0244074,1973 115.4468971,40.0244027,1973 115.4468927,40.0243981,1973 115.4468884,40.0243931,1973 115.4468841,40.0243881,1973 115.4468713,40.0243764,1973 115.4468648,40.0243709,1973 115.4468584,40.0243655,1973 115.4468554,40.0243620,1973 115.4468524,40.0243586,1973 115.4468487,40.0243516,1973 115.4468450,40.0243447,1973 115.4468425,40.0243366,1973 115.4468400,40.0243285,1973 115.4468365,40.0243215,1973 115.4468331,40.0243145,1973 115.4468279,40.0243084,1973 115.4468227,40.0243024,1978 115.4468194,40.0242985,1978 115.4468161,40.0242947,1978 115.4468120,40.0242864,1978 115.4468079,40.0242780,1978 115.4468062,40.0242691,1978 115.4468046,40.0242601,1969 115.4468026,40.0242506,1969 115.4468007,40.0242411,1969 115.4467985,40.0242317,1969 115.4467963,40.0242224,1969 115.4467946,40.0242137,1969 115.4467929,40.0242050,1969 115.4467909,40.0241973,1969 115.4467890,40.0241896,1969 115.4467861,40.0241835,1969 115.4467833,40.0241775,1969 115.4467806,40.0241721,1969 115.4467779,40.0241667,1969 115.4467761,40.0241628,1969 115.4467743,40.0241590,1969 115.4467726,40.0241552,1969 115.4467721,40.0241487,1969 115.4467717,40.0241422,1969 115.4467718,40.0241349,1969 115.4467719,40.0241277,1969 115.4467720,40.0241207,1969 115.4467721,40.0241137,1969 115.4467708,40.0241072,1969 115.4467696,40.0241007,1969 115.4467683,40.0240944,1969 115.4467670,40.0240883,1969 115.4467657,40.0240821,1969 115.4467644,40.0240759,1969 115.4467630,40.0240692,1969 115.4467616,40.0240626,1969 115.4467602,40.0240554,1969 115.4467589,40.0240482,1969 115.4467582,40.0240456,1969 115.4467575,40.0240431,1969 115.4467569,40.0240406,1969 115.4467539,40.0240360,1969 115.4467509,40.0240317,1969 115.4467475,40.0240274,1969 115.4467442,40.0240232,1969 115.4467429,40.0240180,1969 115.4467416,40.0240128,1969 115.4467422,40.0240059,1969 115.4467429,40.0239991,1969 115.4467452,40.0239889,1969 115.4467478,40.0239823,1969 115.4467505,40.0239758,1969 115.4467539,40.0239691,1969 115.4467573,40.0239625,1969 115.4467612,40.0239558,1969 115.4467651,40.0239491,1969 115.4467682,40.0239418,1969 115.4467713,40.0239345,1969 115.4467728,40.0239278,1969 115.4467743,40.0239213,1969 115.4467734,40.0239163,1969 115.4467725,40.0239114,1969 115.4467684,40.0239084,1969 115.4467644,40.0239053,1969 115.4467617,40.0239051,1969 115.4467590,40.0239047,1969 115.4467564,40.0239046,1969 115.4467537,40.0239043,1969 115.4467511,40.0239041,1969 115.4467459,40.0239022,1969 115.4467407,40.0239004,1969 115.4467383,40.0238889,1969 115.4467406,40.0238828,1969 115.4467429,40.0238769,1969 115.4467451,40.0238707,1969 115.4467473,40.0238646,1969 115.4467505,40.0238581,1969 115.4467537,40.0238517,1969 115.4467569,40.0238454,1969 115.4467602,40.0238392,1969 115.4467634,40.0238329,1969 115.4467666,40.0238266,1969 115.4467707,40.0238202,1969 115.4467748,40.0238141,1969 115.4467793,40.0238072,1969 115.4467838,40.0238003,1969 115.4467852,40.0237951,1969 115.4467866,40.0237900,1969 115.4467880,40.0237849,1969 115.4467890,40.0237781,1969 115.4467900,40.0237713,1969 115.4467908,40.0237647,1969 115.4467917,40.0237582,1969 115.4467928,40.0237519,1969 115.4467939,40.0237457,1954 115.4467952,40.0237397,1954 115.4467966,40.0237337,1954 115.4467969,40.0237275,1954 115.4467973,40.0237213,1954 115.4467977,40.0237142,1954 115.4467982,40.0237071,1954 115.4467991,40.0236994,1954 115.4468001,40.0236916,1954 115.4468020,40.0236834,1954 115.4468039,40.0236753,1954 115.4468062,40.0236673,1963 115.4468085,40.0236593,1963 115.4468122,40.0236514,1963 115.4468160,40.0236435,1963 115.4468204,40.0236371,1963 115.4468248,40.0236308,1963 115.4468293,40.0236244,1963 115.4468338,40.0236182,1963 115.4468380,40.0236114,1963 115.4468422,40.0236047,1963 115.4468437,40.0236010,1963 115.4468452,40.0235973,1963 115.4468465,40.0235911,1963 115.4468479,40.0235849,1963 115.4468500,40.0235782,1963 115.4468522,40.0235717,1963 115.4468556,40.0235650,1963 115.4468591,40.0235584,1963 115.4468606,40.0235547,1963 115.4468622,40.0235510,1963 115.4468634,40.0235446,1963 115.4468646,40.0235383,1963 115.4468664,40.0235319,1963 115.4468682,40.0235255,1963 115.4468713,40.0235190,1963 115.4468745,40.0235125,1963 115.4468781,40.0235054,1963 115.4468818,40.0234983,1963 115.4468843,40.0234941,1963 115.4468869,40.0234899,1963 115.4468906,40.0234827,1963 115.4468943,40.0234757,1963 115.4468950,40.0234686,1947 115.4468957,40.0234616,1947 115.4468932,40.0234537,1947 115.4468907,40.0234458,1947 115.4468880,40.0234407,1947 115.4468854,40.0234356,1947 115.4468835,40.0234296,1947 115.4468816,40.0234236,1947 115.4468798,40.0234177,1947 115.4468799,40.0234088,1947 115.4468800,40.0234000,1947 115.4468810,40.0233951,1947 115.4468820,40.0233902,1947 115.4468824,40.0233826,1947 115.4468828,40.0233750,1947 115.4468826,40.0233666,1947 115.4468825,40.0233584,1947 115.4468844,40.0233510,1947 115.4468864,40.0233437,1947 115.4468888,40.0233365,1947 115.4468913,40.0233293,1947 115.4468938,40.0233218,1947 115.4468964,40.0233143,1947 115.4468986,40.0233070,1947 115.4469008,40.0232999,1947 115.4469027,40.0232929,1947 115.4469046,40.0232859,1947 115.4469066,40.0232784,1947 115.4469086,40.0232710,1947 115.4469110,40.0232632,1947 115.4469134,40.0232555,1947 115.4469159,40.0232474,1947 115.4469185,40.0232395,1947 115.4469212,40.0232325,1947 115.4469240,40.0232255,1947 115.4469265,40.0232192,1947 115.4469290,40.0232129,1947 115.4469310,40.0232062,1947 115.4469331,40.0231994,1947 115.4469349,40.0231926,1932 115.4469368,40.0231858,1932 115.4469393,40.0231792,1932 115.4469419,40.0231727,1932 115.4469434,40.0231656,1932 115.4469449,40.0231585,1932 115.4469453,40.0231511,1932 115.4469458,40.0231438,1932 115.4469462,40.0231368,1932 115.4469466,40.0231299,1932 115.4469473,40.0231232,1932 115.4469480,40.0231166,1932 115.4469488,40.0231099,1932 115.4469497,40.0231033,1932 115.4469517,40.0230964,1932 115.4469538,40.0230895,1932 115.4469564,40.0230822,1932 115.4469590,40.0230750,1932 115.4469621,40.0230673,1932 115.4469653,40.0230596,1932 115.4469687,40.0230519,1932 115.4469722,40.0230443,1932 115.4469743,40.0230369,1932 115.4469765,40.0230296,1932 115.4469773,40.0230234,1932 115.4469781,40.0230173,1932 115.4469789,40.0230113,1932 115.4469797,40.0230054,1932 115.4469815,40.0229990,1932 115.4469833,40.0229926,1932 115.4469846,40.0229860,1932 115.4469859,40.0229795,1932 115.4469856,40.0229732,1932 115.4469853,40.0229670,1932 115.4469848,40.0229607,1932 115.4469844,40.0229545,1932 115.4469847,40.0229481,1932 115.4469851,40.0229416,1932 115.4469852,40.0229349,1932 115.4469854,40.0229282,1932 115.4469851,40.0229208,1932 115.4469849,40.0229135,1919 115.4469856,40.0229057,1919 115.4469864,40.0228982,1919 115.4469871,40.0228898,1919 115.4469878,40.0228814,1919 115.4469857,40.0228708,1919 115.4469836,40.0228601,1919 115.4469783,40.0228437,1919 115.4469781,40.0228376,1919 115.4469779,40.0228318,1919 115.4469787,40.0228246,1919 115.4469796,40.0228175,1919 115.4469806,40.0228132,1919 115.4469817,40.0228089,1919 115.4469837,40.0228020,1919 115.4469858,40.0227952,1919 115.4469870,40.0227890,1919 115.4469883,40.0227828,1919 115.4469892,40.0227768,1919 115.4469901,40.0227711,1919 115.4469905,40.0227648,1919 115.4469909,40.0227586,1919 115.4469904,40.0227569,1919 115.4469899,40.0227553,1919 115.4469894,40.0227537,1919 115.4469889,40.0227521,1919 115.4469885,40.0227505,1919 115.4469847,40.0227475,1919 115.4469809,40.0227446,1919 115.4469772,40.0227417,1919 115.4469690,40.0227406,1919 115.4469609,40.0227396,1919 115.4469543,40.0227412,1919 115.4469477,40.0227428,1919 115.4469411,40.0227445,1919 115.4469323,40.0227463,1919 115.4469235,40.0227481,1919 115.4469154,40.0227489,1919 115.4469073,40.0227498,1919 115.4469004,40.0227511,1919 115.4468936,40.0227524,1919 115.4468859,40.0227540,1919 115.4468783,40.0227557,1919 115.4468575,40.0227595,1919 115.4468485,40.0227597,1919 115.4468396,40.0227598,1919 115.4468327,40.0227574,1919 115.4468259,40.0227549,1919 115.4468224,40.0227505,1919 115.4468189,40.0227461,1919 115.4468175,40.0227407,1919 115.4468161,40.0227354,1919 115.4468150,40.0227297,1919 115.4468140,40.0227239,1919 115.4468136,40.0227175,1919 115.4468132,40.0227111,1919 115.4468138,40.0227048,1919 115.4468144,40.0226986,1919 115.4468151,40.0226922,1919 115.4468159,40.0226859,1919 115.4468170,40.0226792,1919 115.4468181,40.0226725,1919 115.4468179,40.0226654,1919 115.4468178,40.0226584,1919 115.4468166,40.0226509,1919 115.4468154,40.0226435,1919 115.4468116,40.0226374,1907 115.4468079,40.0226314,1907 115.4467988,40.0226269,1900 115.4467898,40.0226225,1900 115.4467637,40.0226151,1900 115.4467539,40.0226105,1900 115.4467441,40.0226060,1900 115.4467298,40.0225981,1900 115.4467155,40.0225903,1900 115.4466911,40.0225772,1900 115.4466852,40.0225747,1900 115.4466794,40.0225723,1900 115.4466736,40.0225687,1900 115.4466678,40.0225651,1900 115.4466620,40.0225615,1900 115.4466571,40.0225558,1900 115.4466523,40.0225500,1900 115.4466495,40.0225439,1900 115.4466468,40.0225377,1900 115.4466457,40.0225344,1900 115.4466447,40.0225311,1900 115.4466437,40.0225278,1900 115.4466427,40.0225245,1900 115.4466409,40.0225188,1900 115.4466391,40.0225129,1900 115.4466327,40.0225000,1900 115.4466275,40.0224943,1900 115.4466224,40.0224886,1900 115.4466150,40.0224804,1900 115.4466122,40.0224743,1900 115.4466095,40.0224682,1900 115.4466087,40.0224627,1900 115.4466080,40.0224572,1900 115.4466081,40.0224525,1900 115.4466082,40.0224478,1900 115.4466093,40.0224420,1900 115.4466104,40.0224363,1900 115.4466127,40.0224298,1900 115.4466151,40.0224233,1900 115.4466175,40.0224163,1900 115.4466200,40.0224093,1900 115.4466203,40.0224053,1900 115.4466207,40.0224014,1900 115.4466179,40.0223946,1900 115.4466151,40.0223878,1900 115.4466106,40.0223809,1900 115.4466061,40.0223740,1900 115.4466019,40.0223669,1900 115.4465977,40.0223597,1894 115.4465946,40.0223528,1894 115.4465915,40.0223457,1894 115.4465880,40.0223386,1894 115.4465845,40.0223314,1894 115.4465805,40.0223246,1894 115.4465766,40.0223179,1894 115.4465741,40.0223132,1894 115.4465717,40.0223086,1894 115.4465693,40.0223040,1894 115.4465674,40.0222976,1894 115.4465656,40.0222912,1894 115.4465648,40.0222842,1894 115.4465640,40.0222773,1894 115.4465623,40.0222671,1894 115.4465606,40.0222569,1894 115.4465525,40.0222329,1894 115.4465434,40.0222217,1894 115.4465343,40.0222106,1894 115.4465147,40.0221873,1884 115.4465135,40.0221809,1884 115.4465123,40.0221745,1884 115.4465112,40.0221706,1884 115.4465101,40.0221668,1884 115.4465091,40.0221630,1884 115.4465042,40.0221596,1884 115.4464994,40.0221563,1884 115.4464961,40.0221554,1884 115.4464928,40.0221547,1884 115.4464895,40.0221540,1884 115.4464809,40.0221522,1884 115.4464724,40.0221504,1884 115.4464644,40.0221475,1884 115.4464565,40.0221449,1884 115.4464486,40.0221402,1884 115.4464408,40.0221356,1884 115.4464388,40.0221335,1884 115.4464368,40.0221315,1884 115.4464348,40.0221294,1884 115.4464329,40.0221274,1884 115.4464276,40.0221210,1884 115.4464224,40.0221146,1884 115.4464140,40.0221084,1884 115.4464056,40.0221023,1884 115.4463916,40.0220956,1884 115.4463844,40.0220942,1884 115.4463772,40.0220928,1884 115.4463711,40.0220896,1884 115.4463650,40.0220864,1884 115.4463589,40.0220828,1876 115.4463528,40.0220792,1876 115.4463461,40.0220748,1876 115.4463395,40.0220703,1876 115.4463309,40.0220642,1876 115.4463223,40.0220583,1876 115.4463034,40.0220451,1876 115.4462963,40.0220401,1876 115.4462892,40.0220352,1876 115.4462792,40.0220304,1876 115.4462693,40.0220256,1876 115.4462620,40.0220226,1876 115.4462548,40.0220197,1876 115.4462475,40.0220167,1871 115.4462403,40.0220138,1871 115.4462199,40.0220016,1871 115.4461996,40.0219894,1871 115.4461659,40.0219673,1871 115.4461621,40.0219610,1871 115.4461584,40.0219548,1871 115.4461537,40.0219472,1871 115.4461491,40.0219397,1871 115.4461414,40.0219294,1871 115.4461377,40.0219242,1871 115.4461340,40.0219189,1871 115.4461310,40.0219139,1871 115.4461281,40.0219089,1871 115.4461243,40.0219031,1871 115.4461206,40.0218976,1871 115.4461178,40.0218941,1871 115.4461150,40.0218906,1871 115.4461099,40.0218848,1871 115.4461048,40.0218790,1871 115.4461006,40.0218756,1871 115.4460965,40.0218722,1871 115.4460924,40.0218689,1871 115.4460873,40.0218649,1871 115.4460822,40.0218609,1871 115.4460787,40.0218574,1871 115.4460752,40.0218539,1871 115.4460711,40.0218517,1871 115.4460670,40.0218495,1871 115.4460587,40.0218481,1871 115.4460540,40.0218446,1871 115.4460494,40.0218412,1871 115.4460480,40.0218348,1871 115.4460467,40.0218283,1871 115.4460461,40.0218227,1871 115.4460455,40.0218171,1871 115.4460429,40.0218122,1871 115.4460403,40.0218074,1871 115.4460322,40.0217952,1864 115.4460304,40.0217894,1864 115.4460287,40.0217839,1864 115.4460287,40.0217782,1864 115.4460288,40.0217726,1864 115.4460308,40.0217669,1864 115.4460329,40.0217613,1864 115.4460353,40.0217556,1864 115.4460377,40.0217499,1864 115.4460384,40.0217461,1864 115.4460391,40.0217423,1864 115.4460399,40.0217385,1864 115.4460402,40.0217330,1864 115.4460405,40.0217276,1864 115.4460405,40.0217215,1864 115.4460406,40.0217155,1864 115.4460396,40.0217073,1864 115.4460387,40.0216993,1864 115.4460353,40.0216864,1864 115.4460319,40.0216735,1864 115.4460262,40.0216537,1864 115.4460273,40.0216475,1864 115.4460285,40.0216413,1864 115.4460290,40.0216349,1864 115.4460295,40.0216285,1864 115.4460290,40.0216246,1864 115.4460286,40.0216209,1864 115.4460275,40.0216152,1864 115.4460264,40.0216094,1864 115.4460251,40.0216037,1864 115.4460239,40.0215980,1864 115.4460209,40.0215928,1864 115.4460179,40.0215875,1864 115.4460142,40.0215824,1864 115.4460105,40.0215773,1864 115.4460082,40.0215722,1864 115.4460059,40.0215671,1864 115.4460052,40.0215613,1864 115.4460046,40.0215555,1864 115.4460035,40.0215497,1864 115.4460025,40.0215440,1864 115.4460009,40.0215385,1864 115.4459993,40.0215330,1864 115.4459972,40.0215269,1845 115.4459952,40.0215208,1845 115.4459933,40.0215143,1845 115.4459915,40.0215079,1845 115.4459907,40.0215020,1845 115.4459899,40.0214962,1845 115.4459900,40.0214908,1845 115.4459902,40.0214854,1845 115.4459899,40.0214787,1845 115.4459897,40.0214720,1845 115.4459891,40.0214671,1845 115.4459885,40.0214624,1845 115.4459880,40.0214577,1845 115.4459876,40.0214518,1845 115.4459872,40.0214459,1845 115.4459863,40.0214406,1845 115.4459854,40.0214353,1845 115.4459832,40.0214309,1845 115.4459810,40.0214266,1845 115.4459778,40.0214220,1845 115.4459746,40.0214174,1845 115.4459720,40.0214115,1839 115.4459695,40.0214056,1839 115.4459683,40.0213990,1839 115.4459672,40.0213927,1839 115.4459673,40.0213857,1839 115.4459675,40.0213787,1839 115.4459684,40.0213713,1839 115.4459693,40.0213639,1839 115.4459702,40.0213563,1839 115.4459712,40.0213488,1839 115.4459710,40.0213401,1839 115.4459708,40.0213315,1839 115.4459696,40.0213198,1839 115.4459684,40.0213082,1839 115.4459657,40.0212910,1839 115.4459621,40.0212855,1839 115.4459585,40.0212800,1839 115.4459574,40.0212739,1839 115.4459564,40.0212677,1839 115.4459572,40.0212610,1839 115.4459581,40.0212543,1839 115.4459578,40.0212477,1822 115.4459575,40.0212410,1822 115.4459537,40.0212332,1822 115.4459500,40.0212254,1822 115.4459404,40.0212142,1822 115.4459309,40.0212032,1822 115.4459146,40.0211794,1822 115.4459152,40.0211746,1822 115.4459159,40.0211698,1822 115.4459166,40.0211650,1822 115.4459164,40.0211570,1822 115.4459162,40.0211490,1822 115.4459144,40.0211368,1822 115.4459127,40.0211246,1822 115.4459092,40.0210993,1822 115.4459091,40.0210944,1822 115.4459091,40.0210897,1822 115.4459091,40.0210850,1822 115.4459094,40.0210792,1822 115.4459097,40.0210735,1822 115.4459099,40.0210685,1822 115.4459101,40.0210634,1822 115.4459107,40.0210583,1822 115.4459113,40.0210531,1822 115.4459123,40.0210472,1822 115.4459133,40.0210414,1822 115.4459152,40.0210357,1822 115.4459171,40.0210300,1822 115.4459193,40.0210238,1822 115.4459216,40.0210177,1822 115.4459234,40.0210113,1822 115.4459253,40.0210050,1822 115.4459261,40.0209991,1822 115.4459269,40.0209933,1822 115.4459255,40.0209874,1822 115.4459242,40.0209815,1822 115.4459206,40.0209745,1822 115.4459171,40.0209675,1815 115.4459146,40.0209622,1815 115.4459121,40.0209569,1815 115.4459096,40.0209517,1815 115.4459068,40.0209433,1815 115.4459041,40.0209349,1815 115.4459006,40.0209222,1815 115.4458972,40.0209095,1815 115.4458884,40.0208818,1815 115.4458858,40.0208759,1815 115.4458832,40.0208701,1815 115.4458806,40.0208643,1815 115.4458751,40.0208544,1815 115.4458696,40.0208445,1815 115.4458617,40.0208297,1815 115.4458614,40.0208261,1815 115.4458612,40.0208226,1815 115.4458618,40.0208170,1815 115.4458625,40.0208114,1815 115.4458630,40.0208058,1815 115.4458635,40.0208003,1815 115.4458638,40.0207937,1815 115.4458642,40.0207872,1815 115.4458648,40.0207809,1815 115.4458655,40.0207746,1815 115.4458660,40.0207690,1815 115.4458665,40.0207634,1815 115.4458659,40.0207576,1815 115.4458653,40.0207519,1815 115.4458642,40.0207460,1815 115.4458632,40.0207404,1815 115.4458624,40.0207345,1815 115.4458617,40.0207286,1815 115.4458612,40.0207223,1815 115.4458608,40.0207162,1815 115.4458599,40.0207102,1815 115.4458590,40.0207041,1815 115.4458577,40.0206980,1815 115.4458565,40.0206919,1810 115.4458557,40.0206855,1810 115.4458550,40.0206791,1810 115.4458554,40.0206718,1810 115.4458559,40.0206646,1810 115.4458558,40.0206568,1810 115.4458557,40.0206490,1810 115.4458540,40.0206418,1810 115.4458524,40.0206346,1810 115.4458498,40.0206269,1810 115.4458473,40.0206192,1810 115.4458438,40.0206110,1810 115.4458403,40.0206029,1810 115.4458371,40.0205988,1810 115.4458340,40.0205948,1810 115.4458279,40.0205898,1810 115.4458219,40.0205849,1810 115.4458168,40.0205810,1810 115.4458118,40.0205772,1810 115.4458091,40.0205729,1810 115.4458064,40.0205686,1810 115.4458041,40.0205621,1810 115.4457968,40.0205583,1810 115.4457896,40.0205545,1810 115.4457818,40.0205518,1810 115.4457741,40.0205492,1810 115.4457660,40.0205486,1810 115.4457579,40.0205480,1810 115.4457494,40.0205484,1810 115.4457410,40.0205490,1810 115.4457327,40.0205495,1810 115.4457244,40.0205501,1810 115.4457164,40.0205502,1810 115.4457084,40.0205506,1810 115.4457003,40.0205499,1810 115.4456923,40.0205493,1801 115.4456877,40.0205490,1801 115.4456832,40.0205489,1801 115.4456764,40.0205484,1801 115.4456697,40.0205482,1801 115.4456632,40.0205476,1801 115.4456568,40.0205470,1801 115.4456506,40.0205460,1801 115.4456444,40.0205450,1801 115.4456380,40.0205438,1801 115.4456316,40.0205427,1801 115.4456240,40.0205417,1801 115.4456165,40.0205409,1801 115.4456080,40.0205399,1801 115.4455995,40.0205389,1801 115.4455886,40.0205371,1801 115.4455778,40.0205353,1801 115.4455569,40.0205304,1801 115.4455504,40.0205278,1801 115.4455439,40.0205253,1801 115.4455400,40.0205237,1801 115.4455362,40.0205221,1801 115.4455291,40.0205195,1801 115.4455220,40.0205168,1801 115.4455140,40.0205156,1801 115.4455060,40.0205144,1801 115.4454975,40.0205142,1801 115.4454891,40.0205141,1801 115.4454811,40.0205150,1801 115.4454732,40.0205159,1801 115.4454649,40.0205177,1801 115.4454566,40.0205195,1801 115.4454479,40.0205209,1801 115.4454393,40.0205223,1801 115.4454303,40.0205221,1801 115.4454214,40.0205219,1801 115.4454123,40.0205200,1793 115.4454032,40.0205182,1793 115.4453948,40.0205155,1793 115.4453864,40.0205129,1793 115.4453789,40.0205103,1793 115.4453714,40.0205078,1793 115.4453635,40.0205048,1793 115.4453557,40.0205018,1793 115.4453518,40.0204989,1793 115.4453480,40.0204960,1793 115.4453442,40.0204932,1793 115.4453418,40.0204880,1793 115.4453395,40.0204828,1793 115.4453358,40.0204778,1793 115.4453322,40.0204728,1793 115.4453170,40.0204630,1793 115.4453123,40.0204610,1793 115.4453077,40.0204590,1793 115.4453028,40.0204570,1793 115.4452980,40.0204549,1793 115.4452932,40.0204528,1793 115.4452859,40.0204503,1793 115.4452786,40.0204479,1793 115.4452735,40.0204473,1793 115.4452684,40.0204468,1793 115.4452597,40.0204445,1793 115.4452511,40.0204422,1793 115.4452415,40.0204382,1793 115.4452319,40.0204343,1793 115.4452231,40.0204308,1793 115.4452144,40.0204273,1793 115.4452057,40.0204239,1793 115.4451847,40.0204145,1797 115.4451638,40.0204051,1797 115.4451293,40.0203897,1791 115.4451175,40.0203888,1791 115.4451058,40.0203879,1791 115.4450864,40.0203830,1791 115.4450670,40.0203783,1791 115.4450264,40.0203697,1791 115.4450171,40.0203703,1791 115.4450079,40.0203710,1791 115.4449978,40.0203702,1791 115.4449878,40.0203694,1791 115.4449760,40.0203672,1791 115.4449643,40.0203650,1791 115.4449479,40.0203609,1791 115.4449431,40.0203587,1791 115.4449384,40.0203567,1791 115.4449337,40.0203546,1791 115.4449278,40.0203558,1791 115.4449219,40.0203571,1791 115.4449162,40.0203613,1791 115.4449106,40.0203654,1791 115.4449056,40.0203694,1791 115.4449006,40.0203733,1791 115.4448956,40.0203772,1791 115.4448907,40.0203802,1791 115.4448858,40.0203832,1791 115.4448810,40.0203863,1791 115.4448728,40.0203895,1791 115.4448647,40.0203927,1791 115.4448537,40.0203966,1777 115.4448427,40.0204006,1777 115.4448394,40.0204015,1777 115.4448362,40.0204024,1777 115.4448330,40.0204033,1777 115.4448298,40.0204042,1777 115.4448266,40.0204051,1777 115.4448188,40.0204069,1777 115.4448110,40.0204087,1777 115.4448032,40.0204106,1777 115.4447867,40.0204128,1777 115.4447703,40.0204150,1777 115.4447409,40.0204193,1772 115.4447116,40.0204237,1772 115.4446610,40.0204318,1772 115.4446532,40.0204359,1772 115.4446455,40.0204400,1772 115.4446376,40.0204443,1772 115.4446298,40.0204486,1772 115.4446214,40.0204513,1772 115.4446131,40.0204540,1772 115.4446023,40.0204554,1772 115.4445916,40.0204569,1772 115.4445849,40.0204578,1772 115.4445783,40.0204589,1751 115.4445631,40.0204604,1751 115.4445479,40.0204619,1751 115.4445218,40.0204622,1751 115.4444958,40.0204626,1751 115.4444534,40.0204620,1751 115.4444352,40.0204612,1751 115.4444170,40.0204604,1751 115.4443828,40.0204609,1751 115.4443487,40.0204615,1751 115.4442881,40.0204632,1739 115.4442813,40.0204633,1739 115.4442746,40.0204634,1739 115.4442580,40.0204691,1739 115.4442415,40.0204749,1739 115.4442118,40.0204900,1739 115.4441822,40.0205051,1739 115.4441233,40.0205399,1739 115.4441100,40.0205453,1739 115.4440967,40.0205507,1739 115.4440727,40.0205565,1739 115.4440487,40.0205624,1739 115.4440002,40.0205699,1726 115.4439865,40.0205680,1726 115.4439729,40.0205661,1726 115.4439433,40.0205629,1726 115.4439337,40.0205671,1726 115.4439242,40.0205714,1726 115.4439185,40.0205750,1726 115.4439128,40.0205786,1726 115.4438963,40.0205835,1726 115.4438799,40.0205885,1726 115.4438471,40.0205928,1726 115.4438144,40.0205973,1726 115.4437489,40.0206028,1715 115.4437422,40.0206043,1715 115.4437355,40.0206058,1715 115.4437277,40.0206090,1715 115.4437200,40.0206122,1715 115.4437130,40.0206136,1715 115.4437061,40.0206150,1715 115.4436992,40.0206164,1715 115.4436910,40.0206152,1715 115.4436828,40.0206140,1715 115.4436746,40.0206128,1715 115.4436637,40.0206103,1715 115.4436529,40.0206079,1715 115.4436421,40.0206055,1715 115.4436130,40.0206022,1715 115.4435839,40.0205989,1715 115.4435328,40.0205946,1715 115.4435241,40.0205928,1715 115.4435155,40.0205910,1715 115.4435069,40.0205892,1715 115.4434876,40.0205839,1715 115.4434683,40.0205787,1708 115.4434046,40.0205688,1708 115.4433465,40.0205614,1708 115.4432884,40.0205540,1708 115.4431824,40.0205384,1698 115.4431781,40.0205358,1698 115.4431738,40.0205332,1698 115.4431696,40.0205308,1698 115.4431633,40.0205280,1698 115.4431570,40.0205253,1698 115.4431529,40.0205236,1698 115.4431488,40.0205219,1698 115.4431434,40.0205188,1698 115.4431380,40.0205157,1698 115.4431327,40.0205127,1698 115.4431271,40.0205112,1698 115.4431216,40.0205097,1698 115.4431161,40.0205082,1698 115.4431077,40.0205074,1698 115.4430994,40.0205067,1698 115.4430883,40.0205034,1698 115.4430772,40.0205002,1698 115.4430541,40.0204876,1698 115.4430507,40.0204846,1698 115.4430474,40.0204815,1698 115.4430425,40.0204746,1698 115.4430377,40.0204677,1698 115.4430337,40.0204632,1698 115.4430297,40.0204588,1698 115.4430258,40.0204544,1698 115.4430160,40.0204509,1698 115.4430062,40.0204475,1698 115.4429887,40.0204476,1698 115.4429712,40.0204477,1698 115.4429410,40.0204516,1698 115.4429355,40.0204549,1698 115.4429300,40.0204582,1698 115.4429233,40.0204606,1698 115.4429167,40.0204630,1698 115.4429091,40.0204656,1687 115.4429015,40.0204683,1687 115.4428933,40.0204718,1687 115.4428851,40.0204753,1687 115.4428761,40.0204788,1687 115.4428672,40.0204824,1687 115.4428553,40.0204875,1687 115.4428434,40.0204927,1687 115.4428255,40.0205001,1687 115.4428190,40.0205037,1687 115.4428125,40.0205074,1687 115.4428069,40.0205132,1687 115.4428013,40.0205191,1687 115.4427984,40.0205235,1687 115.4427955,40.0205280,1687 115.4427919,40.0205332,1687 115.4427883,40.0205384,1687 115.4427848,40.0205437,1687 115.4427765,40.0205492,1687 115.4427683,40.0205547,1687 115.4427537,40.0205575,1687 115.4427391,40.0205605,1687 115.4427064,40.0205613,1687 115.4426932,40.0205594,1687 115.4426801,40.0205575,1687 115.4426589,40.0205532,1687 115.4426377,40.0205489,1676 115.4425959,40.0205401,1676 115.4425542,40.0205314,1676 115.4424803,40.0205152,1676 115.4424744,40.0205138,1676 115.4424686,40.0205125,1676 115.4424628,40.0205112,1676 115.4424503,40.0205119,1676 115.4424378,40.0205128,1676 115.4424094,40.0205154,1676 115.4424007,40.0205150,1676 115.4423921,40.0205147,1676 115.4423818,40.0205149,1676 115.4423716,40.0205152,1676 115.4423573,40.0205165,1665 115.4423510,40.0205191,1665 115.4423447,40.0205218,1665 115.4423377,40.0205252,1665 115.4423308,40.0205286,1665 115.4423257,40.0205313,1665 115.4423207,40.0205341,1665 115.4423157,40.0205369,1665 115.4423077,40.0205393,1665 115.4422997,40.0205420,1665 115.4422960,40.0205426,1665 115.4422923,40.0205432,1665 115.4422886,40.0205438,1665 115.4422789,40.0205455,1665 115.4422693,40.0205472,1665 115.4422555,40.0205513,1665 115.4422418,40.0205553,1665 115.4422097,40.0205629,1665 115.4421973,40.0205651,1665 115.4421850,40.0205673,1665 115.4421706,40.0205721,1665 115.4421563,40.0205770,1665 115.4421490,40.0205815,1665 115.4421418,40.0205859,1665 115.4421346,40.0205904,1665 115.4421265,40.0205963,1665 115.4421184,40.0206023,1665 115.4421160,40.0206042,1665 115.4421136,40.0206061,1665 115.4421113,40.0206080,1665 115.4421065,40.0206121,1665 115.4421018,40.0206161,1665 115.4420966,40.0206167,1665 115.4420914,40.0206174,1665 115.4420836,40.0206156,1665 115.4420759,40.0206138,1658 115.4420673,40.0206107,1658 115.4420587,40.0206076,1658 115.4420492,40.0206064,1658 115.4420398,40.0206052,1658 115.4420351,40.0206063,1658 115.4420305,40.0206074,1658 115.4420251,40.0206131,1658 115.4420198,40.0206188,1658 115.4420165,40.0206265,1658 115.4420132,40.0206342,1658 115.4420118,40.0206414,1658 115.4420104,40.0206487,1658 115.4420091,40.0206569,1658 115.4420078,40.0206652,1658 115.4420053,40.0206734,1658 115.4420028,40.0206817,1658 115.4419974,40.0206893,1658 115.4419920,40.0206970,1654 115.4419713,40.0207119,1654 115.4419650,40.0207144,1654 115.4419587,40.0207172,1654 115.4419518,40.0207186,1654 115.4419449,40.0207201,1654 115.4419302,40.0207190,1654 115.4419155,40.0207179,1654 115.4418916,40.0207132,1654 115.4418677,40.0207086,1654 115.4418219,40.0207043,1654 115.4418153,40.0207063,1654 115.4418088,40.0207083,1654 115.4417992,40.0207115,1649 115.4417896,40.0207130,1649 115.4417801,40.0207146,1649 115.4417742,40.0207150,1649 115.4417684,40.0207155,1649 115.4417579,40.0207162,1649 115.4417474,40.0207171,1649 115.4417365,40.0207178,1649 115.4417256,40.0207185,1649 115.4417188,40.0207180,1649 115.4417120,40.0207176,1649 115.4417053,40.0207172,1649 115.4416955,40.0207175,1649 115.4416857,40.0207178,1649 115.4416759,40.0207182,1649 115.4416539,40.0207280,1649 115.4416466,40.0207298,1649 115.4416394,40.0207316,1649 115.4416312,40.0207313,1649 115.4416231,40.0207310,1649 115.4416147,40.0207330,1649 115.4416063,40.0207351,1649 115.4415982,40.0207383,1649 115.4415901,40.0207416,1649 115.4415803,40.0207429,1649 115.4415705,40.0207442,1649 115.4415549,40.0207423,1649 115.4415394,40.0207405,1649 115.4415152,40.0207363,1643 115.4415101,40.0207359,1643 115.4415051,40.0207356,1643 115.4414967,40.0207355,1643 115.4414884,40.0207355,1643 115.4414781,40.0207341,1643 115.4414678,40.0207328,1643 115.4414527,40.0207298,1643 115.4414450,40.0207330,1643 115.4414373,40.0207362,1643 115.4414279,40.0207381,1643 115.4414186,40.0207400,1643 115.4414145,40.0207393,1643 115.4414104,40.0207386,1643 115.4414064,40.0207379,1643 115.4414002,40.0207369,1643 115.4413941,40.0207359,1643 115.4413880,40.0207349,1643 115.4413806,40.0207387,1643 115.4413733,40.0207428,1643 115.4413563,40.0207576,1643 115.4413470,40.0207592,1643 115.4413378,40.0207609,1643 115.4413248,40.0207600,1643 115.4413119,40.0207594,1643 115.4412805,40.0207616,1643 115.4412624,40.0207679,1643 115.4412443,40.0207744,1632 115.4412051,40.0207900,1632 115.4411905,40.0207936,1632 115.4411759,40.0207971,1632 115.4411759,40.0207971,1632 115.4411450,40.0208036,1632 115.4411345,40.0208040,1632 115.4411241,40.0208044,1632 115.4411135,40.0208039,1632 115.4411030,40.0208035,1632 115.4410909,40.0208015,1632 115.4410789,40.0207995,1632 115.4410700,40.0207967,1632 115.4410612,40.0207938,1632 115.4410562,40.0207892,1632 115.4410512,40.0207848,1632 115.4410480,40.0207783,1632 115.4410449,40.0207718,1632 115.4410446,40.0207641,1632 115.4410443,40.0207564,1632 115.4410428,40.0207471,1632 115.4410413,40.0207378,1632 115.4410359,40.0207288,1632 115.4410306,40.0207198,1632 115.4410210,40.0207121,1632 115.4410115,40.0207044,1632 115.4409967,40.0206972,1632 115.4409820,40.0206901,1632 115.4409584,40.0206808,1619 115.4409506,40.0206753,1619 115.4409429,40.0206699,1619 115.4409374,40.0206611,1619 115.4409319,40.0206523,1619 115.4409274,40.0206417,1619 115.4409229,40.0206311,1619 115.4409183,40.0206214,1619 115.4409137,40.0206117,1619 115.4409095,40.0206025,1619 115.4409053,40.0205934,1619 115.4409019,40.0205861,1619 115.4408985,40.0205791,1619 115.4408969,40.0205752,1619 115.4408953,40.0205714,1619 115.4408935,40.0205642,1619 115.4408918,40.0205572,1619 115.4408918,40.0205514,1619 115.4408918,40.0205456,1619 115.4408921,40.0205395,1619 115.4408925,40.0205334,1619 115.4408901,40.0205262,1619 115.4408878,40.0205191,1619 115.4408853,40.0205140,1619 115.4408828,40.0205089,1619 115.4408804,40.0205039,1619 115.4408780,40.0204974,1619 115.4408757,40.0204910,1619 115.4408723,40.0204862,1619 115.4408690,40.0204815,1619 115.4408609,40.0204789,1619 115.4408528,40.0204763,1619 115.4408484,40.0204761,1619 115.4408440,40.0204759,1619 115.4408397,40.0204757,1619 115.4408303,40.0204764,1619 115.4408210,40.0204772,1619 115.4408103,40.0204785,1619 115.4407997,40.0204797,1619 115.4407923,40.0204781,1619 115.4407849,40.0204764,1619 115.4407775,40.0204748,1619 115.4407630,40.0204704,1619 115.4407485,40.0204661,1619 115.4407060,40.0204587,1619 115.4406789,40.0204540,1606 115.4406519,40.0204493,1606 115.4406087,40.0204411,1606 115.4405998,40.0204377,1606 115.4405909,40.0204344,1606 115.4405805,40.0204306,1606 115.4405702,40.0204268,1606 115.4405610,40.0204219,1606 115.4405518,40.0204171,1606 115.4405454,40.0204108,1611 115.4405390,40.0204046,1611 115.4405335,40.0203976,1611 115.4405281,40.0203908,1611 115.4405208,40.0203846,1611 115.4405135,40.0203784,1611 115.4405062,40.0203756,1611 115.4404989,40.0203727,1611 115.4404917,40.0203701,1611 115.4404800,40.0203653,1611 115.4404684,40.0203605,1611 115.4404543,40.0203502,1611 115.4404403,40.0203399,1611 115.4404203,40.0203207,1611 115.4404169,40.0203165,1611 115.4404135,40.0203124,1598 115.4404102,40.0203083,1598 115.4403959,40.0203046,1598 115.4403816,40.0203010,1598 115.4403554,40.0202979,1598 115.4403293,40.0202948,1598 115.4402780,40.0202859,1598 115.4402680,40.0202824,1598 115.4402581,40.0202789,1598 115.4402463,40.0202784,1598 115.4402346,40.0202779,1598 115.4402270,40.0202791,1598 115.4402195,40.0202803,1598 115.4402119,40.0202815,1598 115.4402044,40.0202827,1598 115.4401905,40.0202821,1598 115.4401767,40.0202817,1598 115.4401463,40.0202739,1598 115.4401333,40.0202681,1589 115.4401203,40.0202624,1589 115.4401086,40.0202614,1589 115.4400969,40.0202604,1589 115.4400917,40.0202608,1589 115.4400865,40.0202612,1589 115.4400814,40.0202617,1589 115.4400762,40.0202620,1589 115.4400711,40.0202626,1589 115.4400621,40.0202608,1589 115.4400531,40.0202590,1589 115.4400442,40.0202557,1589 115.4400354,40.0202525,1589 115.4400268,40.0202496,1589 115.4400183,40.0202468,1589 115.4400105,40.0202426,1589 115.4400027,40.0202383,1589 115.4399952,40.0202319,1589 115.4399878,40.0202255,1589 115.4399810,40.0202192,1589 115.4399743,40.0202130,1589 115.4399679,40.0202067,1589 115.4399616,40.0202006,1589 115.4399573,40.0201971,1589 115.4399531,40.0201935,1589 115.4399480,40.0201868,1589 115.4399430,40.0201802,1589 115.4399410,40.0201724,1589 115.4399391,40.0201647,1589 115.4399366,40.0201569,1589 115.4399342,40.0201492,1589 115.4399278,40.0201429,1589 115.4399215,40.0201367,1597 115.4399100,40.0201303,1597 115.4398986,40.0201239,1597 115.4398818,40.0201141,1597 115.4398787,40.0201079,1597 115.4398757,40.0201018,1597 115.4398753,40.0200976,1597 115.4398750,40.0200934,1597 115.4398762,40.0200890,1597 115.4398774,40.0200845,1597 115.4398786,40.0200802,1597 115.4398811,40.0200736,1597 115.4398836,40.0200671,1597 115.4398839,40.0200626,1597 115.4398842,40.0200582,1597 115.4398845,40.0200537,1597 115.4398848,40.0200492,1597 115.4398822,40.0200430,1597 115.4398797,40.0200368,1597 115.4398729,40.0200334,1597 115.4398661,40.0200302,1597 115.4398622,40.0200299,1597 115.4398583,40.0200297,1592 115.4398545,40.0200295,1592 115.4398490,40.0200301,1592 115.4398436,40.0200307,1592 115.4398344,40.0200309,1592 115.4398253,40.0200311,1592 115.4398173,40.0200287,1592 115.4398094,40.0200264,1592 115.4398014,40.0200212,1592 115.4397935,40.0200161,1592 115.4397840,40.0200123,1592 115.4397745,40.0200085,1592 115.4397649,40.0200066,1592 115.4397554,40.0200048,1592 115.4397477,40.0200036,1592 115.4397400,40.0200024,1592 115.4397319,40.0200044,1592 115.4397239,40.0200064,1592 115.4397133,40.0200108,1592 115.4397028,40.0200153,1592 115.4396948,40.0200173,1592 115.4396868,40.0200194,1592 115.4396788,40.0200215,1592 115.4396643,40.0200232,1592 115.4396498,40.0200249,1592 115.4396291,40.0200272,1592 115.4396186,40.0200298,1592 115.4396081,40.0200324,1592 115.4395927,40.0200380,1592 115.4395773,40.0200436,1586 115.4395534,40.0200550,1586 115.4395436,40.0200579,1586 115.4395339,40.0200608,1586 115.4395242,40.0200637,1586 115.4395101,40.0200617,1586 115.4394960,40.0200598,1586 115.4394883,40.0200573,1586 115.4394806,40.0200549,1586 115.4394670,40.0200527,1586 115.4394534,40.0200506,1586 115.4394383,40.0200485,1586 115.4394233,40.0200465,1586 115.4393965,40.0200355,1586 115.4393913,40.0200304,1586 115.4393861,40.0200254,1586 115.4393822,40.0200200,1586 115.4393783,40.0200147,1586 115.4393744,40.0200076,1586 115.4393705,40.0200006,1586 115.4393636,40.0199897,1586 115.4393567,40.0199787,1586 115.4393499,40.0199679,1586 115.4393363,40.0199505,1586 115.4393249,40.0199475,1586 115.4393135,40.0199446,1586 115.4393021,40.0199416,1573 115.4392830,40.0199359,1573 115.4392747,40.0199337,1573 115.4392664,40.0199316,1573 115.4392566,40.0199302,1573 115.4392469,40.0199288,1573 115.4392440,40.0199281,1573 115.4392411,40.0199275,1573 115.4392382,40.0199268,1573 115.4392354,40.0199262,1573 115.4392283,40.0199212,1573 115.4392213,40.0199163,1573 115.4392068,40.0199104,1573 115.4391924,40.0199045,1573 115.4391780,40.0198986,1573 115.4391432,40.0198864,1573 115.4391335,40.0198857,1573 115.4391238,40.0198850,1573 115.4390962,40.0198904,1573 115.4390855,40.0198905,1573 115.4390749,40.0198909,1573 115.4390462,40.0198890,1573 115.4390321,40.0198918,1573 115.4390180,40.0198946,1562 115.4390040,40.0198975,1562 115.4389913,40.0199042,1562 115.4389787,40.0199109,1562 115.4389667,40.0199140,1562 115.4389548,40.0199171,1562 115.4389446,40.0199169,1562 115.4389345,40.0199167,1562 115.4389261,40.0199152,1562 115.4389177,40.0199138,1562 115.4389102,40.0199130,1562 115.4389027,40.0199124,1562 115.4388952,40.0199117,1562 115.4388854,40.0199100,1562 115.4388757,40.0199083,1562 115.4388636,40.0199036,1562 115.4388515,40.0198990,1562 115.4388154,40.0198746,1562 115.4388056,40.0198694,1562 115.4387958,40.0198643,1562 115.4387710,40.0198593,1565 115.4387604,40.0198612,1562 115.4387499,40.0198632,1543 115.4387407,40.0198644,1543 115.4387315,40.0198656,1543 115.4387218,40.0198656,1543 115.4387121,40.0198655,1543 115.4387072,40.0198654,1543 115.4387023,40.0198654,1543 115.4386974,40.0198653,1543 115.4386926,40.0198653,1543 115.4386849,40.0198646,1543 115.4386772,40.0198639,1543 115.4386729,40.0198637,1543 115.4386686,40.0198636,1543 115.4386607,40.0198650,1543 115.4386529,40.0198666,1543 115.4386443,40.0198691,1543 115.4386358,40.0198717,1543 115.4386306,40.0198723,1543 115.4386255,40.0198731,1543 115.4386158,40.0198700,1543 115.4386062,40.0198670,1543 115.4385952,40.0198583,1550 115.4385843,40.0198498,1550 115.4385734,40.0198414,1550 115.4385623,40.0198307,1550 115.4385513,40.0198200,1550 115.4385421,40.0198121,1550 115.4385329,40.0198042,1550 115.4385240,40.0197983,1550 115.4385151,40.0197923,1550 115.4385064,40.0197868,1550 115.4384977,40.0197814,1550 115.4384887,40.0197762,1550 115.4384798,40.0197710,1550 115.4384727,40.0197646,1550 115.4384656,40.0197583,1539 115.4384588,40.0197510,1539 115.4384521,40.0197438,1539 115.4384453,40.0197359,1539 115.4384386,40.0197281,1539 115.4384324,40.0197197,1539 115.4384263,40.0197113,1539 115.4384208,40.0197034,1539 115.4384154,40.0196955,1539 115.4384107,40.0196878,1539 115.4384060,40.0196801,1539 115.4384008,40.0196712,1539 115.4383956,40.0196623,1539 115.4383922,40.0196571,1539 115.4383889,40.0196520,1539 115.4383819,40.0196442,1539 115.4383749,40.0196364,1539 115.4383685,40.0196301,1539 115.4383621,40.0196238,1539 115.4383561,40.0196191,1539 115.4383501,40.0196145,1539 115.4383421,40.0196111,1539 115.4383341,40.0196077,1539 115.4383227,40.0196036,1539 115.4383114,40.0195996,1539 115.4382988,40.0195955,1539 115.4382863,40.0195915,1539 115.4382748,40.0195870,1539 115.4382633,40.0195826,1549 115.4382522,40.0195759,1549 115.4382412,40.0195693,1549 115.4382309,40.0195619,1549 115.4382206,40.0195545,1549 115.4382135,40.0195487,1549 115.4382065,40.0195430,1549 115.4382036,40.0195384,1549 115.4382008,40.0195339,1549 115.4381976,40.0195293,1549 115.4381945,40.0195248,1549 115.4381872,40.0195199,1539 115.4381800,40.0195151,1539 115.4381721,40.0195117,1539 115.4381642,40.0195085,1539 115.4381563,40.0195052,1539 115.4381484,40.0195019,1539 115.4381317,40.0194965,1539 115.4381151,40.0194912,1539 115.4380982,40.0194867,1539 115.4380813,40.0194823,1539 115.4380672,40.0194786,1539 115.4380532,40.0194749,1539 115.4380410,40.0194716,1539 115.4380289,40.0194686,1539 115.4380169,40.0194657,1539 115.4380050,40.0194629,1539 115.4379925,40.0194607,1539 115.4379801,40.0194585,1539 115.4379651,40.0194579,1539 115.4379502,40.0194573,1539 115.4379351,40.0194586,1539 115.4379201,40.0194599,1539 115.4379062,40.0194611,1532 115.4378923,40.0194623,1532 115.4378796,40.0194613,1532 115.4378669,40.0194604,1532 115.4378545,40.0194574,1532 115.4378421,40.0194544,1532 115.4378297,40.0194515,1532 115.4378176,40.0194475,1532 115.4378056,40.0194436,1532 115.4377932,40.0194417,1532 115.4377809,40.0194399,1532 115.4377681,40.0194400,1532 115.4377554,40.0194402,1532 115.4377488,40.0194406,1532 115.4377422,40.0194412,1532 115.4377317,40.0194412,1532 115.4377213,40.0194415,1532 115.4377067,40.0194404,1532 115.4376921,40.0194393,1532 115.4376610,40.0194357,1532 115.4376531,40.0194369,1532 115.4376452,40.0194382,1532 115.4376378,40.0194400,1522 115.4376304,40.0194418,1522 115.4376199,40.0194440,1522 115.4376095,40.0194462,1522 115.4375968,40.0194474,1522 115.4375842,40.0194485,1522 115.4375714,40.0194480,1522 115.4375586,40.0194474,1522 115.4375540,40.0194466,1522 115.4375495,40.0194459,1522 115.4375450,40.0194451,1522 115.4375405,40.0194444,1522 115.4375294,40.0194418,1522 115.4375183,40.0194395,1522 115.4375077,40.0194383,1522 115.4374971,40.0194371,1522 115.4374859,40.0194338,1522 115.4374747,40.0194306,1522 115.4374613,40.0194268,1522 115.4374480,40.0194231,1522 115.4374291,40.0194211,1522 115.4374103,40.0194193,1522 115.4373666,40.0194235,1522 115.4373534,40.0194248,1512 115.4373403,40.0194260,1512 115.4373310,40.0194260,1512 115.4373218,40.0194260,1512 115.4373139,40.0194257,1512 115.4373061,40.0194254,1512 115.4372985,40.0194231,1512 115.4372910,40.0194208,1512 115.4372850,40.0194198,1512 115.4372790,40.0194189,1512 115.4372731,40.0194180,1512 115.4372637,40.0194172,1512 115.4372544,40.0194164,1512 115.4372451,40.0194157,1512 115.4372358,40.0194130,1512 115.4372266,40.0194104,1512 115.4372198,40.0194090,1512 115.4372130,40.0194077,1512 115.4372062,40.0194064,1512 115.4371963,40.0194051,1512 115.4371865,40.0194039,1512 115.4371768,40.0194026,1512 115.4371672,40.0194014,1512 115.4371581,40.0194007,1512 115.4371490,40.0194001,1512 115.4371404,40.0193992,1512 115.4371319,40.0193983,1512 115.4371221,40.0193962,1512 115.4371123,40.0193941,1512 115.4371026,40.0193921,1512 115.4370912,40.0193875,1512 115.4370798,40.0193830,1507 115.4370772,40.0193818,1507 115.4370746,40.0193806,1507 115.4370720,40.0193794,1507 115.4370694,40.0193782,1507 115.4370669,40.0193771,1507 115.4370587,40.0193763,1507 115.4370505,40.0193755,1507 115.4370403,40.0193759,1507 115.4370301,40.0193763,1507 115.4370186,40.0193772,1507 115.4370071,40.0193781,1507 115.4369957,40.0193789,1507 115.4369843,40.0193798,1507 115.4369741,40.0193816,1507 115.4369639,40.0193835,1507 115.4369555,40.0193850,1507 115.4369472,40.0193866,1507 115.4369384,40.0193886,1507 115.4369297,40.0193906,1507 115.4369199,40.0193931,1507 115.4369101,40.0193956,1507 115.4369059,40.0193970,1507 115.4369018,40.0193983,1507 115.4368977,40.0193996,1507 115.4368936,40.0194009,1507 115.4368895,40.0194023,1507 115.4368810,40.0194045,1507 115.4368725,40.0194067,1507 115.4368625,40.0194098,1507 115.4368525,40.0194129,1507 115.4368323,40.0194216,1507 115.4368254,40.0194250,1507 115.4368185,40.0194284,1507 115.4368145,40.0194307,1507 115.4368105,40.0194329,1507 115.4368039,40.0194371,1500 115.4367974,40.0194412,1500 115.4367919,40.0194468,1500 115.4367864,40.0194523,1500 115.4367841,40.0194548,1500 115.4367818,40.0194574,1500 115.4367795,40.0194599,1500 115.4367772,40.0194625,1500 115.4367749,40.0194651,1500 115.4367695,40.0194691,1500 115.4367641,40.0194732,1500 115.4367563,40.0194768,1500 115.4367485,40.0194804,1500 115.4367397,40.0194832,1500 115.4367310,40.0194860,1500 115.4367223,40.0194888,1500 115.4367067,40.0194913,1500 115.4366912,40.0194938,1500 115.4366769,40.0194959,1500 115.4366626,40.0194983,1500 115.4366527,40.0194993,1500 115.4366429,40.0195004,1500 115.4366338,40.0194965,1500 115.4366248,40.0194927,1500 115.4366160,40.0194868,1500 115.4366073,40.0194811,1500 115.4366001,40.0194747,1500 115.4365929,40.0194684,1500 115.4365877,40.0194609,1500 115.4365825,40.0194535,1500 115.4365794,40.0194477,1500 115.4365763,40.0194420,1500 115.4365732,40.0194363,1500 115.4365689,40.0194277,1500 115.4365646,40.0194191,1500 115.4365582,40.0194082,1500 115.4365520,40.0194043,1500 115.4365458,40.0194005,1500 115.4365397,40.0193967,1500 115.4365309,40.0193953,1500 115.4365221,40.0193939,1489 115.4365166,40.0193936,1489 115.4365112,40.0193933,1489 115.4365060,40.0193935,1489 115.4365008,40.0193938,1489 115.4364931,40.0193956,1489 115.4364854,40.0193974,1489 115.4364784,40.0193993,1489 115.4364714,40.0194013,1489 115.4364639,40.0194043,1489 115.4364565,40.0194074,1489 115.4364531,40.0194091,1489 115.4364497,40.0194108,1489 115.4364464,40.0194126,1489 115.4364374,40.0194171,1489 115.4364284,40.0194215,1489 115.4364204,40.0194242,1489 115.4364125,40.0194269,1489 115.4364046,40.0194278,1489 115.4363968,40.0194287,1489 115.4363903,40.0194292,1489 115.4363839,40.0194297,1489 115.4363775,40.0194303,1489 115.4363679,40.0194320,1489 115.4363583,40.0194337,1489 115.4363463,40.0194362,1489 115.4363344,40.0194388,1489 115.4363170,40.0194429,1489 115.4362997,40.0194471,1489 115.4362645,40.0194576,1489 115.4362510,40.0194634,1489 115.4362376,40.0194693,1477 115.4362091,40.0194823,1477 115.4362012,40.0194855,1477 115.4361934,40.0194886,1477 115.4361848,40.0194913,1477 115.4361763,40.0194940,1477 115.4361673,40.0194967,1477 115.4361584,40.0194994,1477 115.4361495,40.0195020,1477 115.4361411,40.0195067,1477 115.4361328,40.0195114,1477 115.4361258,40.0195178,1477 115.4361188,40.0195245,1477 115.4361137,40.0195318,1477 115.4361087,40.0195391,1477 115.4361040,40.0195445,1477 115.4360994,40.0195499,1477 115.4360947,40.0195553,1477 115.4360901,40.0195607,1477 115.4360853,40.0195643,1477 115.4360805,40.0195679,1477 115.4360722,40.0195723,1477 115.4360639,40.0195767,1477 115.4360548,40.0195792,1477 115.4360458,40.0195819,1477 115.4360359,40.0195827,1477 115.4360260,40.0195835,1475 115.4360208,40.0195840,1475 115.4360156,40.0195845,1475 115.4360077,40.0195875,1475 115.4359998,40.0195905,1475 115.4359919,40.0195957,1475 115.4359840,40.0196010,1475 115.4359784,40.0196045,1475 115.4359728,40.0196080,1475 115.4359673,40.0196116,1471 115.4359593,40.0196157,1471 115.4359514,40.0196199,1471 115.4359462,40.0196230,1471 115.4359410,40.0196261,1471 115.4359358,40.0196293,1471 115.4359282,40.0196331,1471 115.4359207,40.0196369,1471 115.4359136,40.0196394,1471 115.4359066,40.0196421,1471 115.4358992,40.0196447,1471 115.4358919,40.0196473,1471 115.4358844,40.0196510,1471 115.4358769,40.0196548,1471 115.4358707,40.0196601,1471 115.4358645,40.0196657,1471 115.4358583,40.0196712,1471 115.4358541,40.0196752,1471 115.4358499,40.0196793,1471 115.4358457,40.0196834,1471 115.4358394,40.0196892,1471 115.4358331,40.0196951,1471 115.4358239,40.0197012,1471 115.4358147,40.0197073,1471 115.4357991,40.0197142,1471 115.4357836,40.0197212,1471 115.4357483,40.0197297,1471 115.4357394,40.0197310,1471 115.4357305,40.0197323,1471 115.4357212,40.0197353,1471 115.4357119,40.0197384,1471 115.4357023,40.0197400,1471 115.4356927,40.0197416,1464 115.4356832,40.0197433,1464 115.4356786,40.0197432,1464 115.4356740,40.0197432,1464 115.4356694,40.0197432,1464 115.4356649,40.0197432,1464 115.4356573,40.0197440,1464 115.4356497,40.0197448,1464 115.4356432,40.0197470,1464 115.4356368,40.0197493,1464 115.4356304,40.0197516,1464 115.4356213,40.0197566,1464 115.4356123,40.0197616,1464 115.4356069,40.0197645,1464 115.4356016,40.0197673,1464 115.4355920,40.0197709,1464 115.4355825,40.0197744,1464 115.4355730,40.0197782,1464 115.4355635,40.0197809,1464 115.4355540,40.0197837,1464 115.4355438,40.0197859,1464 115.4355337,40.0197882,1464 115.4355245,40.0197899,1464 115.4355153,40.0197916,1464 115.4355088,40.0197939,1464 115.4355024,40.0197963,1464 115.4354971,40.0197993,1464 115.4354919,40.0198023,1464 115.4354854,40.0198047,1464 115.4354789,40.0198072,1464 115.4354730,40.0198080,1464 115.4354672,40.0198088,1464 115.4354614,40.0198096,1464 115.4354531,40.0198105,1464 115.4354448,40.0198115,1464 115.4354353,40.0198119,1464 115.4354259,40.0198124,1464 115.4354165,40.0198124,1454 115.4354071,40.0198125,1454 115.4353974,40.0198121,1454 115.4353878,40.0198119,1454 115.4353772,40.0198102,1454 115.4353667,40.0198085,1454 115.4353550,40.0198060,1454 115.4353434,40.0198038,1454 115.4353313,40.0198023,1454 115.4353192,40.0198009,1454 115.4353127,40.0198014,1454 115.4353063,40.0198020,1454 115.4352970,40.0198051,1454 115.4352877,40.0198083,1454 115.4352779,40.0198109,1454 115.4352682,40.0198135,1454 115.4352617,40.0198138,1454 115.4352553,40.0198142,1454 115.4352489,40.0198145,1454 115.4352406,40.0198139,1454 115.4352324,40.0198135,1454 115.4352237,40.0198126,1454 115.4352150,40.0198118,1454 115.4352061,40.0198115,1454 115.4351973,40.0198112,1454 115.4351891,40.0198126,1454 115.4351809,40.0198141,1454 115.4351727,40.0198170,1454 115.4351645,40.0198200,1454 115.4351546,40.0198230,1454 115.4351448,40.0198260,1454 115.4351380,40.0198283,1448 115.4351313,40.0198307,1448 115.4351246,40.0198331,1448 115.4351145,40.0198380,1448 115.4351044,40.0198429,1448 115.4351015,40.0198453,1448 115.4350986,40.0198477,1448 115.4350958,40.0198501,1448 115.4350929,40.0198525,1448 115.4350901,40.0198550,1448 115.4350870,40.0198617,1440 115.4350840,40.0198685,1440 115.4350827,40.0198713,1440 115.4350815,40.0198741,1440 115.4350803,40.0198770,1440 115.4350791,40.0198798,1440 115.4350779,40.0198826,1440 115.4350741,40.0198879,1440 115.4350704,40.0198932,1440 115.4350671,40.0198956,1440 115.4350638,40.0198981,1440 115.4350546,40.0198996,1440 115.4350455,40.0199012,1440 115.4350355,40.0198997,1440 115.4350255,40.0198982,1440 115.4350173,40.0198954,1440 115.4350091,40.0198929,1440 115.4350024,40.0198929,1440 115.4349957,40.0198929,1440 115.4349911,40.0198962,1440 115.4349865,40.0198996,1440 115.4349859,40.0199012,1440 115.4349854,40.0199027,1440 115.4349849,40.0199044,1440 115.4349844,40.0199060,1440 115.4349839,40.0199076,1440 115.4349835,40.0199121,1440 115.4349831,40.0199166,1440 115.4349817,40.0199250,1440 115.4349803,40.0199334,1440 115.4349802,40.0199420,1440 115.4349802,40.0199507,1440 115.4349819,40.0199583,1440 115.4349836,40.0199659,1440 115.4349833,40.0199748,1440 115.4349830,40.0199837,1440 115.4349814,40.0199929,1440 115.4349798,40.0200021,1440 115.4349782,40.0200106,1440 115.4349766,40.0200192,1440 115.4349755,40.0200255,1440 115.4349744,40.0200319,1440 115.4349725,40.0200374,1440 115.4349706,40.0200430,1440 115.4349677,40.0200458,1440 115.4349649,40.0200486,1440 115.4349621,40.0200516,1440 115.4349593,40.0200545,1440 115.4349510,40.0200584,1440 115.4349427,40.0200624,1440 115.4349335,40.0200631,1440 115.4349244,40.0200638,1440 115.4349152,40.0200614,1440 115.4349061,40.0200591,1440 115.4348973,40.0200568,1440 115.4348886,40.0200545,1440 115.4348833,40.0200537,1440 115.4348780,40.0200529,1440 115.4348719,40.0200510,1440 115.4348658,40.0200492,1440 115.4348598,40.0200474,1428 115.4348512,40.0200425,1428 115.4348426,40.0200379,1428 115.4348403,40.0200366,1428 115.4348380,40.0200353,1428 115.4348358,40.0200340,1428 115.4348335,40.0200328,1428 115.4348313,40.0200316,1428 115.4348254,40.0200282,1428 115.4348196,40.0200248,1428 115.4348092,40.0200228,1428 115.4347988,40.0200209,1428 115.4347720,40.0200168,1428 115.4347607,40.0200138,1428 115.4347494,40.0200108,1428 115.4347410,40.0200089,1428 115.4347326,40.0200070,1428 115.4347242,40.0200052,1428 115.4347182,40.0200041,1428 115.4347122,40.0200030,1428 115.4347019,40.0200008,1428 115.4346916,40.0199986,1428 115.4346818,40.0199963,1428 115.4346720,40.0199942,1428 115.4346629,40.0199918,1428 115.4346539,40.0199894,1428 115.4346448,40.0199874,1428 115.4346358,40.0199854,1428 115.4346279,40.0199820,1428 115.4346201,40.0199786,1428 115.4346158,40.0199744,1428 115.4346115,40.0199703,1428 115.4346072,40.0199662,1428 115.4346030,40.0199599,1428 115.4345988,40.0199537,1428 115.4345952,40.0199466,1428 115.4345916,40.0199396,1428 115.4345890,40.0199326,1428 115.4345864,40.0199256,1428 115.4345839,40.0199188,1428 115.4345814,40.0199120,1420 115.4345806,40.0199083,1420 115.4345799,40.0199047,1420 115.4345791,40.0199011,1420 115.4345784,40.0198975,1420 115.4345806,40.0198908,1420 115.4345828,40.0198841,1420 115.4345859,40.0198780,1428 115.4345891,40.0198719,1428 115.4345901,40.0198646,1428 115.4345912,40.0198574,1437 115.4345905,40.0198521,1437 115.4345898,40.0198468,1437 115.4345892,40.0198415,1437 115.4345890,40.0198348,1437 115.4345889,40.0198282,1437 115.4345883,40.0198238,1437 115.4345877,40.0198194,1437 115.4345872,40.0198151,1437 115.4345848,40.0198117,1437 115.4345824,40.0198084,1427 115.4345771,40.0198105,1427 115.4345718,40.0198126,1427 115.4345627,40.0198174,1427 115.4345536,40.0198223,1427 115.4345450,40.0198267,1427 115.4345364,40.0198311,1427 115.4345278,40.0198356,1427 115.4345175,40.0198443,1427 115.4345072,40.0198530,1427 115.4345011,40.0198629,1420 115.4344951,40.0198728,1420 115.4344909,40.0198825,1420 115.4344868,40.0198923,1420 115.4344847,40.0199004,1420 115.4344826,40.0199085,1420 115.4344784,40.0199169,1420 115.4344742,40.0199253,1420 115.4344668,40.0199361,1420 115.4344594,40.0199469,1420 115.4344572,40.0199499,1420 115.4344550,40.0199529,1420 115.4344528,40.0199559,1420 115.4344506,40.0199589,1420 115.4344484,40.0199619,1420 115.4344415,40.0199690,1420 115.4344346,40.0199761,1420 115.4344277,40.0199809,1420 115.4344208,40.0199858,1420 115.4344140,40.0199920,1420 115.4344072,40.0199982,1420 115.4344003,40.0200078,1420 115.4343935,40.0200175,1420 115.4343909,40.0200233,1420 115.4343883,40.0200292,1420 115.4343847,40.0200367,1420 115.4343812,40.0200442,1420 115.4343760,40.0200479,1420 115.4343709,40.0200517,1420 115.4343638,40.0200511,1420 115.4343567,40.0200506,1420 115.4343355,40.0200444,1420 115.4343238,40.0200427,1420 115.4343121,40.0200411,1420 115.4343005,40.0200395,1425 115.4342913,40.0200373,1425 115.4342821,40.0200352,1425 115.4342737,40.0200346,1425 115.4342653,40.0200342,1425 115.4342579,40.0200366,1425 115.4342506,40.0200391,1425 115.4342415,40.0200442,1425 115.4342325,40.0200492,1425 115.4342192,40.0200532,1425 115.4342059,40.0200571,1425 115.4341975,40.0200579,1425 115.4341891,40.0200586,1425 115.4341777,40.0200547,1425 115.4341664,40.0200508,1425 115.4341541,40.0200431,1425 115.4341419,40.0200355,1425 115.4341279,40.0200286,1425 115.4341139,40.0200217,1425 115.4341036,40.0200149,1425 115.4340934,40.0200081,1425 115.4340844,40.0200018,1425 115.4340755,40.0199957,1425 115.4340669,40.0199920,1425 115.4340583,40.0199882,1425 115.4340485,40.0199860,1425 115.4340387,40.0199841,1425 115.4340277,40.0199820,1426 115.4340168,40.0199799,1426 115.4340062,40.0199764,1426 115.4339956,40.0199730,1426 115.4339837,40.0199690,1426 115.4339718,40.0199650,1426 115.4339582,40.0199604,1426 115.4339447,40.0199559,1426 115.4339333,40.0199499,1426 115.4339220,40.0199440,1426 115.4339131,40.0199383,1426 115.4339043,40.0199327,1426 115.4338967,40.0199285,1426 115.4338891,40.0199244,1426 115.4338819,40.0199194,1426 115.4338748,40.0199144,1426 115.4338677,40.0199085,1426 115.4338607,40.0199026,1426 115.4338519,40.0198963,1426 115.4338432,40.0198899,1426 115.4338313,40.0198829,1426 115.4338195,40.0198758,1426 115.4338079,40.0198697,1426 115.4337964,40.0198637,1426 115.4337867,40.0198601,1423 115.4337771,40.0198568,1423 115.4337682,40.0198546,1423 115.4337594,40.0198525,1423 115.4337559,40.0198515,1423 115.4337525,40.0198504,1423 115.4337491,40.0198496,1423 115.4337412,40.0198474,1423 115.4337334,40.0198452,1423 115.4337243,40.0198442,1423 115.4337153,40.0198433,1423 115.4337064,40.0198431,1423 115.4336975,40.0198429,1423 115.4336871,40.0198431,1423 115.4336767,40.0198435,1423 115.4336628,40.0198434,1423 115.4336490,40.0198433,1423 115.4336336,40.0198419,1423 115.4336182,40.0198406,1423 115.4336030,40.0198393,1423 115.4335879,40.0198380,1423 115.4335722,40.0198368,1423 115.4335565,40.0198357,1423 115.4335407,40.0198343,1423 115.4335249,40.0198330,1423 115.4335102,40.0198324,1423 115.4334955,40.0198319,1423 115.4334820,40.0198306,1423 115.4334685,40.0198294,1420 115.4334539,40.0198263,1420 115.4334394,40.0198232,1420 115.4334229,40.0198194,1420 115.4334064,40.0198156,1420 115.4333876,40.0198121,1420 115.4333688,40.0198087,1420 115.4333492,40.0198037,1420 115.4333297,40.0197987,1420 115.4333105,40.0197914,1420 115.4332914,40.0197841,1420 115.4332736,40.0197767,1420 115.4332558,40.0197692,1420 115.4332418,40.0197652,1420 115.4332279,40.0197612,1420 115.4332158,40.0197601,1420 115.4332037,40.0197591,1420 115.4331916,40.0197582,1418 115.4331795,40.0197574,1418 115.4331690,40.0197559,1418 115.4331585,40.0197543,1418 115.4331481,40.0197530,1418 115.4331311,40.0197504,1418 115.4331141,40.0197479,1418 115.4330988,40.0197478,1418 115.4330835,40.0197478,1418 115.4330700,40.0197491,1418 115.4330565,40.0197504,1418 115.4330445,40.0197510,1418 115.4330325,40.0197516,1418 115.4330234,40.0197501,1418 115.4330144,40.0197487,1418 115.4330056,40.0197480,1418 115.4329969,40.0197474,1418 115.4329858,40.0197470,1418 115.4329747,40.0197468,1418 115.4329614,40.0197466,1418 115.4329482,40.0197464,1418 115.4329337,40.0197452,1418 115.4329193,40.0197440,1418 115.4329053,40.0197413,1414 115.4328913,40.0197387,1414 115.4328783,40.0197361,1414 115.4328654,40.0197337,1414 115.4328546,40.0197315,1414 115.4328439,40.0197293,1414 115.4328361,40.0197271,1414 115.4328284,40.0197249,1414 115.4328192,40.0197239,1414 115.4328101,40.0197230,1414 115.4328053,40.0197226,1414 115.4328006,40.0197221,1414 115.4327958,40.0197218,1414 115.4327911,40.0197214,1414 115.4327864,40.0197211,1414 115.4327742,40.0197180,1414 115.4327620,40.0197150,1414 115.4327476,40.0197111,1414 115.4327333,40.0197073,1414 115.4327188,40.0197040,1414 115.4327043,40.0197008,1414 115.4326901,40.0196992,1414 115.4326759,40.0196976,1414 115.4326621,40.0196956,1414 115.4326483,40.0196935,1414 115.4326339,40.0196896,1413 115.4326195,40.0196856,1413 115.4326041,40.0196808,1413 115.4325887,40.0196759,1413 115.4325736,40.0196708,1413 115.4325585,40.0196658,1413 115.4325450,40.0196631,1413 115.4325315,40.0196604,1413 115.4325181,40.0196578,1413 115.4325054,40.0196588,1413 115.4324927,40.0196599,1413 115.4324815,40.0196597,1413 115.4324704,40.0196596,1413 115.4324616,40.0196573,1413 115.4324529,40.0196550,1413 115.4324461,40.0196502,1413 115.4324393,40.0196455,1413 115.4324341,40.0196397,1413 115.4324290,40.0196339,1413 115.4324235,40.0196288,1413 115.4324180,40.0196238,1413 115.4324121,40.0196191,1413 115.4324062,40.0196145,1413 115.4324003,40.0196098,1413 115.4323945,40.0196051,1413 115.4323867,40.0196007,1413 115.4323790,40.0195963,1413 115.4323701,40.0195924,1413 115.4323612,40.0195886,1413 115.4323519,40.0195865,1406 115.4323426,40.0195844,1406 115.4323329,40.0195836,1406 115.4323233,40.0195828,1417 115.4323135,40.0195835,1406 115.4323037,40.0195843,1406 115.4322942,40.0195853,1406 115.4322847,40.0195863,1406 115.4322755,40.0195868,1406 115.4322663,40.0195873,1406 115.4322557,40.0195869,1406 115.4322452,40.0195865,1406 115.4322332,40.0195867,1406 115.4322212,40.0195869,1406 115.4322087,40.0195862,1406 115.4321963,40.0195856,1406 115.4321837,40.0195836,1406 115.4321712,40.0195817,1417 115.4321589,40.0195802,1417 115.4321467,40.0195788,1417 115.4321337,40.0195783,1417 115.4321208,40.0195778,1417 115.4321068,40.0195784,1417 115.4320928,40.0195791,1417 115.4320789,40.0195797,1401 115.4320650,40.0195804,1401 115.4320516,40.0195809,1401 115.4320382,40.0195815,1401 115.4320233,40.0195821,1401 115.4320084,40.0195827,1401 115.4319926,40.0195836,1397 115.4319769,40.0195845,1397 115.4319592,40.0195859,1397 115.4319416,40.0195876,1397 115.4319231,40.0195869,1397 115.4319046,40.0195863,1397 115.4318860,40.0195821,1401 115.4318674,40.0195780,1401 115.4318508,40.0195713,1401 115.4318343,40.0195646,1401 115.4318174,40.0195555,1401 115.4318005,40.0195466,1397 115.4317836,40.0195376,1397 115.4317661,40.0195307,1397 115.4317487,40.0195238,1397 115.4317314,40.0195182,1397 115.4317142,40.0195127,1397 115.4316968,40.0195098,1397 115.4316795,40.0195070,1397 115.4316611,40.0195059,1397 115.4316427,40.0195048,1397 115.4316258,40.0195034,1397 115.4316090,40.0195020,1397 115.4315943,40.0195001,1397 115.4315796,40.0194982,1397 115.4315667,40.0194940,1397 115.4315539,40.0194898,1397 115.4315413,40.0194838,1397 115.4315287,40.0194779,1397 115.4315128,40.0194719,1406 115.4314970,40.0194660,1406 115.4314791,40.0194612,1406 115.4314613,40.0194564,1406 115.4314434,40.0194530,1406 115.4314256,40.0194496,1406 115.4314066,40.0194449,1406 115.4313876,40.0194402,1406 115.4313683,40.0194338,1406 115.4313491,40.0194275,1406 115.4313317,40.0194224,1406 115.4313143,40.0194173,1406 115.4312969,40.0194126,1406 115.4312796,40.0194081,1406 115.4312629,40.0194033,1406 115.4312462,40.0193985,1405 115.4312288,40.0193940,1405 115.4312114,40.0193895,1405 115.4311934,40.0193857,1405 115.4311754,40.0193819,1405 115.4311583,40.0193788,1405 115.4311412,40.0193758,1405 115.4311262,40.0193741,1405 115.4311112,40.0193725,1405 115.4310988,40.0193722,1405 115.4310865,40.0193719,1405 115.4310739,40.0193713,1405 115.4310613,40.0193707,1405 115.4310472,40.0193706,1405 115.4310331,40.0193705,1405 115.4310173,40.0193704,1405 115.4310016,40.0193703,1405 115.4309860,40.0193698,1405 115.4309704,40.0193694,1410 115.4309561,40.0193690,1410 115.4309419,40.0193686,1410 115.4309281,40.0193673,1410 115.4309144,40.0193661,1410 115.4308994,40.0193641,1410 115.4308844,40.0193621,1410 115.4308690,40.0193597,1410 115.4308537,40.0193575,1410 115.4308397,40.0193560,1410 115.4308257,40.0193545,1410 115.4308137,40.0193547,1410 115.4308018,40.0193550,1410 115.4307911,40.0193567,1410 115.4307805,40.0193585,1410 115.4307700,40.0193606,1410 115.4307596,40.0193628,1410 115.4307500,40.0193664,1410 115.4307405,40.0193701,1410 115.4307308,40.0193757,1410 115.4307212,40.0193814,1410 115.4307110,40.0193867,1410 115.4307009,40.0193921,1410 115.4306902,40.0193967,1404 115.4306795,40.0194013,1404 115.4306672,40.0194038,1404 115.4306550,40.0194063,1404 115.4306424,40.0194059,1404 115.4306299,40.0194056,1404 115.4306184,40.0194020,1404 115.4306069,40.0193985,1404 115.4305974,40.0193930,1404 115.4305879,40.0193876,1404 115.4305804,40.0193822,1404 115.4305729,40.0193771,1404 115.4305656,40.0193723,1404 115.4305583,40.0193676,1404 115.4305497,40.0193620,1404 115.4305411,40.0193564,1404 115.4305356,40.0193512,1404 115.4305301,40.0193463,1404 115.4305247,40.0193413,1404 115.4305159,40.0193298,1404 115.4305071,40.0193183,1404 115.4304884,40.0192951,1406 115.4304817,40.0192912,1406 115.4304751,40.0192874,1406 115.4304683,40.0192840,1406 115.4304615,40.0192806,1406 115.4304546,40.0192772,1406 115.4304477,40.0192738,1406 115.4304425,40.0192714,1406 115.4304374,40.0192690,1406 115.4304323,40.0192666,1406 115.4304259,40.0192629,1406 115.4304196,40.0192592,1406 115.4304139,40.0192545,1403 115.4304082,40.0192500,1403 115.4304027,40.0192442,1403 115.4303973,40.0192385,1403 115.4303934,40.0192344,1403 115.4303896,40.0192302,1403 115.4303858,40.0192262,1403 115.4303793,40.0192198,1403 115.4303728,40.0192135,1403 115.4303683,40.0192086,1403 115.4303638,40.0192038,1403 115.4303593,40.0191990,1403 115.4303558,40.0191949,1403 115.4303524,40.0191907,1403 115.4303490,40.0191867,1403 115.4303430,40.0191820,1403 115.4303371,40.0191773,1403 115.4303289,40.0191732,1403 115.4303208,40.0191691,1403 115.4303147,40.0191655,1403 115.4303086,40.0191619,1403 115.4303026,40.0191583,1403 115.4302937,40.0191510,1403 115.4302848,40.0191437,1403 115.4302800,40.0191395,1403 115.4302752,40.0191353,1403 115.4302691,40.0191297,1403 115.4302631,40.0191242,1403 115.4302589,40.0191190,1403 115.4302547,40.0191139,1403 115.4302491,40.0191096,1403 115.4302435,40.0191053,1403 115.4302355,40.0191024,1403 115.4302276,40.0190995,1403 115.4302179,40.0190979,1403 115.4302083,40.0190962,1403 115.4302028,40.0190957,1403 115.4301974,40.0190952,1403 115.4301887,40.0190937,1403 115.4301801,40.0190921,1403 115.4301745,40.0190901,1403 115.4301689,40.0190881,1403 115.4301633,40.0190861,1403 115.4301560,40.0190828,1403 115.4301488,40.0190794,1403 115.4301415,40.0190753,1403 115.4301342,40.0190712,1398 115.4301274,40.0190657,1398 115.4301206,40.0190603,1398 115.4301131,40.0190545,1398 115.4301056,40.0190488,1398 115.4300978,40.0190442,1398 115.4300900,40.0190397,1398 115.4300797,40.0190364,1398 115.4300695,40.0190332,1398 115.4300569,40.0190307,1398 115.4300443,40.0190283,1398 115.4300301,40.0190259,1398 115.4300160,40.0190235,1398 115.4300011,40.0190198,1398 115.4299862,40.0190162,1398 115.4299714,40.0190125,1398 115.4299566,40.0190089,1398 115.4299431,40.0190074,1398 115.4299296,40.0190059,1398 115.4299156,40.0190040,1398 115.4299016,40.0190022,1398 115.4298881,40.0189995,1398 115.4298746,40.0189967,1398 115.4298620,40.0189947,1398 115.4298495,40.0189926,1393 115.4298379,40.0189900,1393 115.4298263,40.0189875,1393 115.4298150,40.0189836,1393 115.4298037,40.0189797,1393 115.4297919,40.0189759,1393 115.4297801,40.0189721,1393 115.4297685,40.0189701,1393 115.4297570,40.0189681,1393 115.4297453,40.0189681,1393 115.4297336,40.0189682,1393 115.4297210,40.0189670,1393 115.4297084,40.0189659,1393 115.4296960,40.0189628,1393 115.4296837,40.0189597,1393 115.4296710,40.0189560,1393 115.4296584,40.0189526,1393 115.4296459,40.0189522,1393 115.4296335,40.0189518,1393 115.4296210,40.0189539,1393 115.4296085,40.0189560,1393 115.4295954,40.0189572,1393 115.4295824,40.0189583,1389 115.4295696,40.0189580,1389 115.4295568,40.0189577,1389 115.4295451,40.0189580,1389 115.4295334,40.0189583,1389 115.4295221,40.0189598,1389 115.4295109,40.0189614,1389 115.4295006,40.0189637,1389 115.4294904,40.0189660,1389 115.4294807,40.0189691,1389 115.4294710,40.0189722,1389 115.4294606,40.0189762,1389 115.4294503,40.0189803,1389 115.4294394,40.0189846,1389 115.4294286,40.0189888,1389 115.4294184,40.0189920,1389 115.4294083,40.0189952,1389 115.4293998,40.0189978,1389 115.4293914,40.0190004,1389 115.4293841,40.0190037,1389 115.4293769,40.0190071,1389 115.4293700,40.0190109,1389 115.4293631,40.0190147,1389 115.4293565,40.0190192,1389 115.4293499,40.0190239,1389 115.4293442,40.0190294,1385 115.4293385,40.0190349,1385 115.4293330,40.0190405,1385 115.4293275,40.0190461,1385 115.4293238,40.0190517,1385 115.4293202,40.0190574,1385 115.4293176,40.0190640,1385 115.4293151,40.0190707,1385 115.4293125,40.0190776,1385 115.4293100,40.0190845,1385 115.4293066,40.0190904,1385 115.4293032,40.0190963,1382 115.4292963,40.0191016,1382 115.4292894,40.0191069,1382 115.4292802,40.0191127,1382 115.4292711,40.0191186,1382 115.4292605,40.0191255,1382 115.4292499,40.0191323,1382 115.4292383,40.0191388,1382 115.4292267,40.0191451,1382 115.4292144,40.0191496,1382 115.4292022,40.0191540,1382 115.4291908,40.0191572,1382 115.4291794,40.0191605,1382 115.4291682,40.0191640,1382 115.4291571,40.0191675,1382 115.4291461,40.0191706,1382 115.4291351,40.0191739,1382 115.4291248,40.0191765,1382 115.4291146,40.0191791,1382 115.4291042,40.0191806,1382 115.4290939,40.0191822,1382 115.4290847,40.0191849,1382 115.4290756,40.0191877,1382 115.4290673,40.0191912,1382 115.4290590,40.0191947,1382 115.4290499,40.0191982,1382 115.4290408,40.0192018,1382 115.4290314,40.0192059,1382 115.4290221,40.0192100,1378 115.4290123,40.0192140,1378 115.4290025,40.0192181,1378 115.4289916,40.0192217,1378 115.4289807,40.0192255,1378 115.4289692,40.0192284,1378 115.4289578,40.0192314,1378 115.4289460,40.0192342,1378 115.4289343,40.0192369,1378 115.4289229,40.0192398,1378 115.4289115,40.0192427,1378 115.4289002,40.0192442,1378 115.4288889,40.0192460,1378 115.4288766,40.0192470,1378 115.4288644,40.0192480,1378 115.4288507,40.0192480,1378 115.4288370,40.0192480,1378 115.4288228,40.0192504,1378 115.4288086,40.0192527,1378 115.4287933,40.0192573,1378 115.4287781,40.0192618,1378 115.4287654,40.0192661,1378 115.4287528,40.0192706,1378 115.4287422,40.0192738,1376 115.4287317,40.0192770,1376 115.4287194,40.0192808,1376 115.4287072,40.0192845,1376 115.4286952,40.0192894,1376 115.4286833,40.0192943,1376 115.4286722,40.0192995,1376 115.4286611,40.0193047,1376 115.4286509,40.0193098,1378 115.4286407,40.0193149,1378 115.4286315,40.0193191,1378 115.4286224,40.0193234,1378 115.4286161,40.0193252,1378 115.4286098,40.0193269,1378 115.4286036,40.0193289,1378 115.4285939,40.0193306,1378 115.4285843,40.0193323,1378 115.4285729,40.0193346,1378 115.4285616,40.0193369,1378 115.4285489,40.0193388,1378 115.4285363,40.0193407,1378 115.4285245,40.0193419,1378 115.4285127,40.0193432,1378 115.4285015,40.0193445,1378 115.4284904,40.0193458,1378 115.4284797,40.0193471,1378 115.4284690,40.0193485,1372 115.4284585,40.0193511,1372 115.4284481,40.0193537,1372 115.4284372,40.0193571,1372 115.4284264,40.0193605,1372 115.4284152,40.0193633,1372 115.4284041,40.0193661,1372 115.4283970,40.0193682,1372 115.4283899,40.0193706,1372 115.4283829,40.0193729,1372 115.4283731,40.0193762,1372 115.4283633,40.0193796,1372 115.4283523,40.0193816,1372 115.4283414,40.0193836,1372 115.4283305,40.0193857,1372 115.4283189,40.0193865,1372 115.4283074,40.0193873,1372 115.4282961,40.0193894,1372 115.4282848,40.0193915,1372 115.4282726,40.0193950,1372 115.4282605,40.0193985,1372 115.4282474,40.0194023,1372 115.4282344,40.0194062,1372 115.4282217,40.0194091,1372 115.4282090,40.0194120,1372 115.4281965,40.0194136,1372 115.4281840,40.0194153,1373 115.4281700,40.0194158,1373 115.4281561,40.0194163,1373 115.4281426,40.0194155,1373 115.4281291,40.0194147,1373 115.4281170,40.0194146,1373 115.4281049,40.0194146,1373 115.4280927,40.0194158,1373 115.4280805,40.0194171,1373 115.4280680,40.0194199,1373 115.4280555,40.0194227,1373 115.4280436,40.0194248,1373 115.4280317,40.0194269,1373 115.4280198,40.0194272,1373 115.4280079,40.0194277,1373 115.4279956,40.0194287,1373 115.4279834,40.0194297,1373 115.4279716,40.0194313,1373 115.4279598,40.0194330,1373 115.4279491,40.0194360,1373 115.4279384,40.0194390,1373 115.4279280,40.0194422,1373 115.4279176,40.0194454,1373 115.4279076,40.0194483,1372 115.4278977,40.0194513,1372 115.4278888,40.0194541,1372 115.4278799,40.0194569,1372 115.4278714,40.0194588,1372 115.4278629,40.0194609,1372 115.4278544,40.0194629,1372 115.4278459,40.0194649,1372 115.4278364,40.0194679,1372 115.4278270,40.0194708,1372 115.4278164,40.0194744,1372 115.4278058,40.0194780,1372 115.4277941,40.0194807,1372 115.4277825,40.0194835,1372 115.4277717,40.0194854,1372 115.4277609,40.0194874,1372 115.4277513,40.0194877,1372 115.4277418,40.0194880,1372 115.4277314,40.0194886,1372 115.4277210,40.0194892,1372 115.4277090,40.0194920,1372 115.4276971,40.0194947,1372 115.4276840,40.0194983,1372 115.4276710,40.0195020,1372 115.4276585,40.0195048,1372 115.4276461,40.0195076,1372 115.4276349,40.0195101,1366 115.4276238,40.0195126,1366 115.4276134,40.0195153,1366 115.4276030,40.0195180,1366 115.4275935,40.0195202,1366 115.4275841,40.0195224,1366 115.4275756,40.0195247,1366 115.4275672,40.0195271,1366 115.4275592,40.0195296,1366 115.4275513,40.0195321,1366 115.4275419,40.0195342,1366 115.4275325,40.0195364,1366 115.4275223,40.0195391,1366 115.4275121,40.0195421,1366 115.4275017,40.0195451,1366 115.4274914,40.0195482,1366 115.4274807,40.0195507,1366 115.4274700,40.0195532,1366 115.4274596,40.0195558,1366 115.4274493,40.0195584,1366 115.4274409,40.0195613,1366 115.4274326,40.0195643,1366 115.4274248,40.0195673,1366 115.4274171,40.0195703,1366 115.4274092,40.0195731,1366 115.4274013,40.0195760,1366 115.4273930,40.0195794,1366 115.4273848,40.0195829,1366 115.4273750,40.0195857,1369 115.4273653,40.0195886,1369 115.4273544,40.0195912,1354 115.4273435,40.0195938,1354 115.4273321,40.0195959,1354 115.4273207,40.0195980,1354 115.4273097,40.0196001,1354 115.4272988,40.0196023,1354 115.4272881,40.0196045,1354 115.4272774,40.0196067,1354 115.4272665,40.0196098,1354 115.4272556,40.0196130,1354 115.4272442,40.0196165,1354 115.4272328,40.0196201,1354 115.4272218,40.0196238,1354 115.4272108,40.0196276,1354 115.4271995,40.0196315,1354 115.4271882,40.0196355,1354 115.4271766,40.0196388,1354 115.4271651,40.0196421,1354 115.4271524,40.0196459,1354 115.4271397,40.0196498,1354 115.4271275,40.0196536,1354 115.4271154,40.0196574,1354 115.4271043,40.0196609,1354 115.4270933,40.0196645,1354 115.4270835,40.0196682,1354 115.4270737,40.0196719,1349 115.4270641,40.0196752,1349 115.4270546,40.0196785,1349 115.4270444,40.0196818,1349 115.4270342,40.0196852,1349 115.4270237,40.0196892,1349 115.4270132,40.0196933,1349 115.4270019,40.0196972,1349 115.4269906,40.0197011,1349 115.4269789,40.0197045,1349 115.4269673,40.0197080,1349 115.4269537,40.0197101,1349 115.4269401,40.0197122,1349 115.4269273,40.0197117,1349 115.4269146,40.0197112,1349 115.4269038,40.0197099,1349 115.4268930,40.0197087,1349 115.4268819,40.0197081,1349 115.4268709,40.0197075,1349 115.4268615,40.0197075,1349 115.4268521,40.0197078,1349 115.4268430,40.0197074,1349 115.4268340,40.0197071,1349 115.4268248,40.0197067,1349 115.4268156,40.0197063,1349 115.4268040,40.0197074,1349 115.4267924,40.0197085,1349 115.4267793,40.0197093,1349 115.4267662,40.0197102,1349 115.4267531,40.0197112,1349 115.4267401,40.0197123,1349 115.4267271,40.0197136,1349 115.4267141,40.0197148,1349 115.4267016,40.0197154,1349 115.4266892,40.0197159,1349 115.4266775,40.0197145,1349 115.4266658,40.0197132,1349 115.4266549,40.0197113,1349 115.4266440,40.0197094,1349 115.4266341,40.0197084,1349 115.4266243,40.0197074,1349 115.4266140,40.0197075,1349 115.4266037,40.0197079,1349 115.4265932,40.0197085,1349 115.4265827,40.0197091,1349 115.4265723,40.0197098,1349 115.4265618,40.0197098,1349 115.4265514,40.0197099,1349 115.4265392,40.0197102,1349 115.4265270,40.0197105,1348 115.4265227,40.0197104,1348 115.4265185,40.0197104,1348 115.4265143,40.0197103,1348 115.4265101,40.0197103,1348 115.4264976,40.0197093,1348 115.4264852,40.0197083,1348 115.4264729,40.0197068,1348 115.4264606,40.0197053,1348 115.4264488,40.0197051,1348 115.4264371,40.0197050,1348 115.4264259,40.0197078,1348 115.4264147,40.0197107,1348 115.4264061,40.0197139,1348 115.4263976,40.0197171,1348 115.4263891,40.0197203,1348 115.4263762,40.0197237,1348 115.4263633,40.0197271,1348 115.4263516,40.0197288,1348 115.4263399,40.0197308,1348 115.4263283,40.0197320,1348 115.4263167,40.0197333,1348 115.4263051,40.0197360,1348 115.4262935,40.0197387,1348 115.4262823,40.0197419,1348 115.4262711,40.0197452,1348 115.4262601,40.0197482,1348 115.4262492,40.0197513,1346 115.4262390,40.0197548,1346 115.4262288,40.0197584,1346 115.4262197,40.0197615,1346 115.4262107,40.0197647,1346 115.4262002,40.0197667,1346 115.4261897,40.0197688,1346 115.4261780,40.0197708,1346 115.4261663,40.0197728,1346 115.4261594,40.0197738,1346 115.4261526,40.0197748,1346 115.4261420,40.0197771,1346 115.4261315,40.0197794,1346 115.4261219,40.0197834,1346 115.4261123,40.0197875,1346 115.4261055,40.0197908,1346 115.4260987,40.0197941,1346 115.4260919,40.0197975,1346 115.4260830,40.0198027,1346 115.4260742,40.0198079,1346 115.4260657,40.0198145,1346 115.4260573,40.0198211,1346 115.4260477,40.0198279,1346 115.4260382,40.0198346,1346 115.4260288,40.0198404,1346 115.4260195,40.0198462,1346 115.4260120,40.0198514,1346 115.4260045,40.0198567,1346 115.4259974,40.0198620,1339 115.4259904,40.0198674,1339 115.4259838,40.0198728,1339 115.4259772,40.0198782,1339 115.4259714,40.0198838,1338 115.4259657,40.0198895,1338 115.4259600,40.0198951,1338 115.4259543,40.0199007,1338 115.4259485,40.0199065,1338 115.4259428,40.0199124,1338 115.4259362,40.0199189,1338 115.4259296,40.0199254,1338 115.4259212,40.0199313,1338 115.4259128,40.0199372,1338 115.4259023,40.0199422,1338 115.4258919,40.0199472,1338 115.4258813,40.0199520,1338 115.4258708,40.0199568,1338 115.4258611,40.0199624,1338 115.4258514,40.0199680,1338 115.4258429,40.0199738,1338 115.4258344,40.0199799,1338 115.4258267,40.0199845,1338 115.4258191,40.0199892,1338 115.4258114,40.0199934,1338 115.4258038,40.0199977,1338 115.4257946,40.0200012,1338 115.4257854,40.0200048,1338 115.4257770,40.0200084,1338 115.4257687,40.0200120,1338 115.4257616,40.0200158,1338 115.4257546,40.0200197,1338 115.4257476,40.0200236,1338 115.4257405,40.0200277,1338 115.4257334,40.0200319,1338 115.4257282,40.0200355,1338 115.4257230,40.0200392,1338 115.4257178,40.0200429,1338 115.4257099,40.0200472,1338 115.4257021,40.0200515,1338 115.4256956,40.0200555,1338 115.4256892,40.0200595,1330 115.4256832,40.0200650,1330 115.4256773,40.0200708,1330 115.4256700,40.0200777,1330 115.4256628,40.0200845,1330 115.4256544,40.0200919,1330 115.4256460,40.0200992,1330 115.4256381,40.0201071,1330 115.4256302,40.0201151,1330 115.4256233,40.0201239,1330 115.4256165,40.0201328,1330 115.4256098,40.0201408,1325 115.4256031,40.0201489,1325 115.4255943,40.0201547,1325 115.4255856,40.0201605,1325 115.4255751,40.0201652,1325 115.4255647,40.0201700,1325 115.4255551,40.0201742,1325 115.4255456,40.0201785,1325 115.4255370,40.0201839,1325 115.4255284,40.0201893,1325 115.4255197,40.0201952,1325 115.4255110,40.0202011,1325 115.4255019,40.0202071,1325 115.4254928,40.0202132,1325 115.4254828,40.0202198,1325 115.4254729,40.0202264,1325 115.4254623,40.0202326,1325 115.4254518,40.0202388,1325 115.4254409,40.0202452,1325 115.4254301,40.0202516,1325 115.4254201,40.0202581,1325 115.4254102,40.0202646,1318 115.4254003,40.0202701,1318 115.4253904,40.0202757,1318 115.4253794,40.0202798,1318 115.4253684,40.0202839,1318 115.4253570,40.0202882,1318 115.4253457,40.0202924,1318 115.4253346,40.0202975,1318 115.4253236,40.0203026,1318 115.4253138,40.0203090,1318 115.4253040,40.0203154,1318 115.4252949,40.0203233,1318 115.4252859,40.0203312,1318 115.4252771,40.0203380,1318 115.4252683,40.0203449,1318 115.4252595,40.0203501,1318 115.4252508,40.0203553,1318 115.4252415,40.0203593,1318 115.4252323,40.0203635,1318 115.4252236,40.0203684,1318 115.4252149,40.0203736,1318 115.4252059,40.0203790,1318 115.4251970,40.0203844,1318 115.4251888,40.0203896,1318 115.4251806,40.0203948,1318 115.4251738,40.0204002,1318 115.4251670,40.0204055,1318 115.4251615,40.0204124,1318 115.4251561,40.0204193,1328 115.4251502,40.0204274,1328 115.4251443,40.0204356,1328 115.4251390,40.0204431,1328 115.4251337,40.0204505,1315 115.4251285,40.0204576,1315 115.4251233,40.0204647,1315 115.4251172,40.0204711,1315 115.4251112,40.0204776,1315 115.4251036,40.0204831,1315 115.4250961,40.0204886,1315 115.4250876,40.0204936,1315 115.4250791,40.0204987,1315 115.4250703,40.0205034,1315 115.4250616,40.0205083,1315 115.4250531,40.0205130,1315 115.4250447,40.0205178,1315 115.4250363,40.0205236,1315 115.4250279,40.0205295,1315 115.4250173,40.0205360,1315 115.4250068,40.0205425,1315 115.4249948,40.0205490,1315 115.4249829,40.0205557,1315 115.4249720,40.0205630,1315 115.4249612,40.0205706,1315 115.4249512,40.0205776,1315 115.4249412,40.0205846,1315 115.4249312,40.0205897,1315 115.4249212,40.0205948,1315 115.4249117,40.0205985,1315 115.4249023,40.0206022,1315 115.4248924,40.0206066,1315 115.4248825,40.0206111,1315 115.4248736,40.0206155,1315 115.4248648,40.0206199,1315 115.4248571,40.0206240,1311 115.4248495,40.0206281,1311 115.4248420,40.0206331,1311 115.4248346,40.0206381,1311 115.4248278,40.0206451,1311 115.4248210,40.0206521,1311 115.4248149,40.0206602,1311 115.4248088,40.0206682,1311 115.4248033,40.0206764,1311 115.4247979,40.0206845,1311 115.4247919,40.0206919,1311 115.4247859,40.0206996,1309 115.4247795,40.0207063,1309 115.4247731,40.0207130,1309 115.4247663,40.0207197,1309 115.4247595,40.0207264,1309 115.4247518,40.0207323,1309 115.4247441,40.0207381,1309 115.4247342,40.0207426,1309 115.4247243,40.0207470,1309 115.4247132,40.0207501,1309 115.4247022,40.0207532,1309 115.4246910,40.0207561,1309 115.4246798,40.0207591,1309 115.4246685,40.0207618,1309 115.4246572,40.0207645,1309 115.4246462,40.0207681,1309 115.4246352,40.0207717,1309 115.4246266,40.0207763,1309 115.4246180,40.0207810,1309 115.4246095,40.0207857,1309 115.4246013,40.0207913,1309 115.4245932,40.0207970,1309 115.4245846,40.0208033,1309 115.4245760,40.0208096,1300 115.4245678,40.0208167,1300 115.4245597,40.0208239,1300 115.4245525,40.0208308,1300 115.4245453,40.0208378,1300 115.4245372,40.0208427,1300 115.4245292,40.0208478,1300 115.4245201,40.0208521,1300 115.4245111,40.0208564,1300 115.4245053,40.0208585,1300 115.4244995,40.0208609,1300 115.4244888,40.0208651,1300 115.4244782,40.0208694,1300 115.4244662,40.0208745,1300 115.4244543,40.0208797,1300 115.4244441,40.0208849,1300 115.4244340,40.0208901,1300 115.4244231,40.0208952,1300 115.4244123,40.0209002,1300 115.4244004,40.0209045,1300 115.4243885,40.0209088,1300 115.4243772,40.0209138,1300 115.4243659,40.0209189,1300 115.4243538,40.0209239,1300 115.4243418,40.0209290,1300 115.4243303,40.0209336,1300 115.4243189,40.0209382,1300 115.4243082,40.0209422,1300 115.4242976,40.0209463,1285 115.4242865,40.0209501,1285 115.4242755,40.0209540,1285 115.4242662,40.0209582,1285 115.4242569,40.0209625,1285 115.4242485,40.0209671,1285 115.4242402,40.0209716,1285 115.4242318,40.0209770,1299 115.4242235,40.0209824,1299 115.4242155,40.0209883,1299 115.4242076,40.0209943,1299 115.4242004,40.0210004,1299 115.4241932,40.0210066,1299 115.4241861,40.0210132,1299 115.4241791,40.0210198,1299 115.4241708,40.0210272,1299 115.4241625,40.0210346,1299 115.4241528,40.0210415,1299 115.4241431,40.0210486,1299 115.4241319,40.0210544,1299 115.4241207,40.0210602,1299 115.4241083,40.0210634,1299 115.4240960,40.0210668,1299 115.4240833,40.0210691,1299 115.4240707,40.0210713,1299 115.4240592,40.0210746,1299 115.4240477,40.0210778,1299 115.4240364,40.0210808,1299 115.4240252,40.0210839,1286 115.4240148,40.0210862,1286 115.4240044,40.0210886,1286 115.4239936,40.0210907,1286 115.4239829,40.0210928,1286 115.4239705,40.0210944,1286 115.4239582,40.0210961,1286 115.4239459,40.0210978,1286 115.4239336,40.0211003,1286 115.4239213,40.0211029,1286 115.4239097,40.0211064,1286 115.4238982,40.0211100,1286 115.4238868,40.0211140,1286 115.4238754,40.0211180,1286 115.4238644,40.0211223,1286 115.4238535,40.0211266,1286 115.4238421,40.0211315,1286 115.4238308,40.0211364,1286 115.4238178,40.0211409,1286 115.4238048,40.0211455,1286 115.4237906,40.0211497,1286 115.4237764,40.0211540,1286 115.4237611,40.0211583,1286 115.4237459,40.0211625,1278 115.4237311,40.0211673,1278 115.4237164,40.0211721,1278 115.4237016,40.0211761,1278 115.4236868,40.0211802,1278 115.4236723,40.0211846,1278 115.4236578,40.0211890,1278 115.4236450,40.0211949,1278 115.4236322,40.0212008,1278 115.4236207,40.0212062,1278 115.4236092,40.0212115,1278 115.4235980,40.0212148,1278 115.4235868,40.0212184,1278 115.4235759,40.0212218,1278 115.4235650,40.0212252,1278 115.4235548,40.0212293,1278 115.4235447,40.0212334,1278 115.4235348,40.0212375,1278 115.4235250,40.0212416,1278 115.4235142,40.0212464,1278 115.4235035,40.0212513,1290 115.4234936,40.0212566,1290 115.4234837,40.0212619,1290 115.4234738,40.0212681,1290 115.4234640,40.0212743,1279 115.4234546,40.0212813,1279 115.4234453,40.0212884,1279 115.4234355,40.0212945,1279 115.4234258,40.0213005,1279 115.4234154,40.0213056,1279 115.4234050,40.0213106,1279 115.4233946,40.0213158,1279 115.4233843,40.0213210,1279 115.4233742,40.0213287,1279 115.4233642,40.0213364,1279 115.4233549,40.0213443,1279 115.4233457,40.0213525,1279 115.4233356,40.0213592,1279 115.4233256,40.0213659,1279 115.4233145,40.0213707,1279 115.4233034,40.0213756,1279 115.4232942,40.0213793,1279 115.4232851,40.0213831,1279 115.4232787,40.0213884,1279 115.4232724,40.0213938,1279 115.4232697,40.0213993,1279 115.4232670,40.0214049,1279 115.4232643,40.0214105,1279 115.4232610,40.0214185,1279 115.4232577,40.0214264,1279 115.4232539,40.0214342,1279 115.4232502,40.0214419,1279 115.4232454,40.0214494,1279 115.4232407,40.0214568,1279 115.4232345,40.0214634,1279 115.4232283,40.0214699,1279 115.4232204,40.0214757,1279 115.4232125,40.0214816,1279 115.4232028,40.0214866,1279 115.4231932,40.0214918,1272 115.4231839,40.0214957,1272 115.4231747,40.0214999,1272 115.4231656,40.0215050,1272 115.4231565,40.0215101,1272 115.4231470,40.0215155,1272 115.4231376,40.0215210,1272 115.4231280,40.0215257,1272 115.4231184,40.0215305,1280 115.4231104,40.0215349,1280 115.4231024,40.0215393,1280 115.4230949,40.0215446,1280 115.4230874,40.0215498,1280 115.4230790,40.0215556,1280 115.4230706,40.0215613,1280 115.4230633,40.0215663,1280 115.4230561,40.0215714,1280 115.4230499,40.0215768,1280 115.4230437,40.0215823,1280 115.4230361,40.0215881,1280 115.4230286,40.0215939,1280 115.4230191,40.0215991,1280 115.4230096,40.0216044,1280 115.4229982,40.0216093,1280 115.4229868,40.0216142,1280 115.4229748,40.0216196,1280 115.4229629,40.0216250,1280 115.4229507,40.0216310,1280 115.4229385,40.0216370,1280 115.4229256,40.0216424,1280 115.4229128,40.0216479,1278 115.4228998,40.0216521,1278 115.4228868,40.0216562,1278 115.4228744,40.0216599,1278 115.4228620,40.0216635,1278 115.4228496,40.0216667,1278 115.4228373,40.0216699,1278 115.4228266,40.0216735,1278 115.4228159,40.0216772,1278 115.4228047,40.0216813,1278 115.4227935,40.0216854,1278 115.4227821,40.0216892,1278 115.4227708,40.0216930,1278 115.4227587,40.0216957,1278 115.4227466,40.0216985,1278 115.4227328,40.0217004,1278 115.4227191,40.0217024,1278 115.4227049,40.0217036,1278 115.4226908,40.0217049,1278 115.4226759,40.0217063,1278 115.4226611,40.0217077,1278 115.4226464,40.0217097,1278 115.4226317,40.0217120,1271 115.4226174,40.0217148,1271 115.4226031,40.0217176,1271 115.4225892,40.0217211,1271 115.4225754,40.0217246,1271 115.4225623,40.0217287,1271 115.4225493,40.0217329,1271 115.4225368,40.0217376,1271 115.4225243,40.0217423,1271 115.4225115,40.0217474,1271 115.4224987,40.0217527,1271 115.4224852,40.0217581,1271 115.4224717,40.0217636,1271 115.4224573,40.0217678,1271 115.4224430,40.0217721,1271 115.4224288,40.0217744,1271 115.4224147,40.0217766,1271 115.4224009,40.0217775,1271 115.4223872,40.0217784,1271 115.4223724,40.0217803,1271 115.4223576,40.0217821,1262 115.4223417,40.0217839,1262 115.4223259,40.0217857,1262 115.4223104,40.0217868,1262 115.4222950,40.0217879,1262 115.4222802,40.0217875,1262 115.4222655,40.0217872,1262 115.4222513,40.0217850,1262 115.4222371,40.0217829,1262 115.4222233,40.0217809,1262 115.4222096,40.0217789,1262 115.4221961,40.0217785,1262 115.4221826,40.0217781,1262 115.4221690,40.0217791,1262 115.4221554,40.0217801,1262 115.4221419,40.0217820,1262 115.4221284,40.0217839,1262 115.4221157,40.0217874,1262 115.4221031,40.0217908,1262 115.4220898,40.0217954,1262 115.4220766,40.0218001,1255 115.4220641,40.0218049,1255 115.4220516,40.0218097,1260 115.4220399,40.0218146,1260 115.4220282,40.0218196,1260 115.4220174,40.0218237,1260 115.4220066,40.0218279,1260 115.4219978,40.0218316,1260 115.4219891,40.0218353,1260 115.4219811,40.0218400,1260 115.4219732,40.0218447,1260 115.4219649,40.0218505,1260 115.4219567,40.0218564,1260 115.4219475,40.0218628,1260 115.4219383,40.0218692,1260 115.4219283,40.0218757,1260 115.4219184,40.0218824,1260 115.4219082,40.0218899,1260 115.4218981,40.0218975,1260 115.4218885,40.0219060,1260 115.4218790,40.0219145,1260 115.4218699,40.0219227,1260 115.4218609,40.0219309,1260 115.4218508,40.0219386,1260 115.4218407,40.0219463,1260 115.4218287,40.0219525,1260 115.4218168,40.0219587,1260 115.4218035,40.0219632,1258 115.4217902,40.0219678,1258 115.4217780,40.0219718,1258 115.4217658,40.0219759,1258 115.4217545,40.0219796,1258 115.4217432,40.0219833,1258 115.4217324,40.0219863,1258 115.4217216,40.0219894,1258 115.4217103,40.0219929,1258 115.4216990,40.0219964,1258 115.4216877,40.0220008,1258 115.4216764,40.0220052,1258 115.4216655,40.0220095,1258 115.4216546,40.0220138,1258 115.4216433,40.0220177,1258 115.4216320,40.0220216,1258 115.4216200,40.0220246,1258 115.4216080,40.0220277,1258 115.4215952,40.0220299,1258 115.4215824,40.0220320,1258 115.4215676,40.0220335,1258 115.4215528,40.0220350,1258 115.4215379,40.0220361,1258 115.4215230,40.0220373,1257 115.4215090,40.0220376,1257 115.4214950,40.0220379,1257 115.4214820,40.0220373,1257 115.4214690,40.0220368,1257 115.4214565,40.0220370,1257 115.4214441,40.0220373,1257 115.4214328,40.0220396,1257 115.4214215,40.0220419,1257 115.4214098,40.0220451,1257 115.4213982,40.0220483,1257 115.4213857,40.0220512,1257 115.4213732,40.0220542,1257 115.4213596,40.0220561,1257 115.4213461,40.0220580,1257 115.4213336,40.0220594,1257 115.4213211,40.0220609,1257 115.4213089,40.0220621,1257 115.4212968,40.0220633,1257 115.4212847,40.0220641,1257 115.4212727,40.0220648,1257 115.4212602,40.0220654,1257 115.4212478,40.0220661,1257 115.4212348,40.0220682,1257 115.4212219,40.0220703,1257 115.4212087,40.0220725,1257 115.4211956,40.0220747,1257 115.4211825,40.0220753,1257 115.4211695,40.0220759,1257 115.4211560,40.0220770,1257 115.4211425,40.0220781,1257 115.4211296,40.0220799,1257 115.4211168,40.0220817,1257 115.4211050,40.0220836,1249 115.4210932,40.0220855,1249 115.4210811,40.0220873,1249 115.4210691,40.0220893,1249 115.4210562,40.0220905,1249 115.4210433,40.0220917,1249 115.4210303,40.0220921,1249 115.4210173,40.0220926,1249 115.4210037,40.0220930,1249 115.4209901,40.0220934,1249 115.4209752,40.0220936,1249 115.4209604,40.0220938,1247 115.4209449,40.0220934,1247 115.4209295,40.0220930,1247 115.4209150,40.0220927,1247 115.4209005,40.0220924,1247 115.4208872,40.0220924,1247 115.4208740,40.0220925,1247 115.4208627,40.0220921,1247 115.4208515,40.0220918,1247 115.4208418,40.0220916,1247 115.4208321,40.0220914,1247 115.4208220,40.0220912,1247 115.4208119,40.0220910,1247 115.4208000,40.0220912,1247 115.4207882,40.0220915,1247 115.4207756,40.0220916,1247 115.4207631,40.0220917,1247 115.4207508,40.0220910,1247 115.4207386,40.0220904,1247 115.4207279,40.0220879,1247 115.4207172,40.0220854,1247 115.4207075,40.0220815,1255 115.4206978,40.0220776,1255 115.4206885,40.0220747,1254 115.4206792,40.0220717,1254 115.4206690,40.0220709,1254 115.4206589,40.0220701,1254 115.4206481,40.0220688,1254 115.4206373,40.0220675,1254 115.4206269,40.0220647,1254 115.4206165,40.0220620,1254 115.4206067,40.0220595,1254 115.4205970,40.0220571,1254 115.4205869,40.0220572,1254 115.4205768,40.0220573,1254 115.4205670,40.0220588,1254 115.4205573,40.0220604,1254 115.4205485,40.0220614,1254 115.4205398,40.0220624,1254 115.4205311,40.0220622,1254 115.4205224,40.0220621,1254 115.4205131,40.0220606,1254 115.4205039,40.0220592,1254 115.4204951,40.0220562,1254 115.4204863,40.0220532,1254 115.4204779,40.0220498,1254 115.4204695,40.0220465,1254 115.4204614,40.0220441,1254 115.4204533,40.0220417,1254 115.4204459,40.0220413,1254 115.4204386,40.0220409,1254 115.4204322,40.0220417,1254 115.4204259,40.0220428,1254 115.4204183,40.0220445,1254 115.4204108,40.0220463,1252 115.4204019,40.0220475,1252 115.4203930,40.0220488,1252 115.4203836,40.0220482,1252 115.4203743,40.0220477,1252 115.4203642,40.0220465,1252 115.4203541,40.0220454,1252 115.4203429,40.0220452,1252 115.4203317,40.0220450,1252 115.4203190,40.0220452,1252 115.4203063,40.0220454,1252 115.4202934,40.0220447,1252 115.4202805,40.0220441,1252 115.4202673,40.0220429,1252 115.4202542,40.0220419,1252 115.4202417,40.0220404,1252 115.4202293,40.0220389,1252 115.4202172,40.0220375,1252 115.4202051,40.0220361,1252 115.4201940,40.0220353,1252 115.4201830,40.0220344,1252 115.4201724,40.0220316,1252 115.4201618,40.0220287,1252 115.4201526,40.0220231,1252 115.4201435,40.0220176,1252 115.4201352,40.0220113,1249 115.4201270,40.0220052,1249 115.4201192,40.0219995,1249 115.4201114,40.0219937,1249 115.4201033,40.0219879,1249 115.4200952,40.0219821,1249 115.4200863,40.0219770,1249 115.4200775,40.0219718,1249 115.4200681,40.0219691,1249 115.4200587,40.0219663,1249 115.4200482,40.0219662,1249 115.4200377,40.0219661,1249 115.4200267,40.0219671,1249 115.4200158,40.0219682,1249 115.4200055,40.0219683,1249 115.4199953,40.0219684,1249 115.4199848,40.0219661,1249 115.4199744,40.0219639,1249 115.4199645,40.0219602,1249 115.4199546,40.0219565,1249 115.4199453,40.0219538,1249 115.4199361,40.0219511,1249 115.4199254,40.0219507,1249 115.4199147,40.0219503,1249 115.4199029,40.0219504,1249 115.4198912,40.0219505,1249 115.4198792,40.0219504,1249 115.4198673,40.0219502,1249 115.4198572,40.0219489,1244 115.4198472,40.0219476,1244 115.4198366,40.0219441,1244 115.4198260,40.0219407,1244 115.4198145,40.0219361,1244 115.4198031,40.0219315,1244 115.4197908,40.0219260,1244 115.4197785,40.0219206,1244 115.4197666,40.0219150,1244 115.4197547,40.0219095,1244 115.4197434,40.0219046,1244 115.4197321,40.0218997,1244 115.4197191,40.0218964,1244 115.4197061,40.0218932,1244 115.4196913,40.0218906,1244 115.4196766,40.0218880,1244 115.4196609,40.0218863,1244 115.4196452,40.0218847,1244 115.4196288,40.0218832,1244 115.4196124,40.0218818,1244 115.4195957,40.0218804,1244 115.4195790,40.0218791,1241 115.4195629,40.0218769,1241 115.4195468,40.0218747,1241 115.4195316,40.0218718,1241 115.4195164,40.0218689,1241 115.4195033,40.0218659,1241 115.4194902,40.0218629,1241 115.4194781,40.0218611,1241 115.4194661,40.0218593,1241 115.4194543,40.0218584,1241 115.4194425,40.0218575,1241 115.4194299,40.0218561,1241 115.4194174,40.0218548,1241 115.4194033,40.0218518,1241 115.4193893,40.0218489,1241 115.4193751,40.0218455,1241 115.4193609,40.0218421,1241 115.4193468,40.0218387,1241 115.4193328,40.0218354,1241 115.4193193,40.0218338,1241 115.4193059,40.0218322,1241 115.4192917,40.0218307,1239 115.4192775,40.0218292,1239 115.4192624,40.0218273,1239 115.4192474,40.0218254,1239 115.4192314,40.0218242,1239 115.4192155,40.0218230,1239 115.4191992,40.0218213,1239 115.4191830,40.0218197,1239 115.4191670,40.0218179,1239 115.4191511,40.0218162,1239 115.4191350,40.0218145,1239 115.4191190,40.0218128,1239 115.4191019,40.0218111,1239 115.4190849,40.0218094,1239 115.4190666,40.0218070,1239 115.4190484,40.0218048,1247 115.4190302,40.0218009,1247 115.4190120,40.0217970,1246 115.4189947,40.0217920,1246 115.4189774,40.0217870,1246 115.4189616,40.0217805,1246 115.4189459,40.0217741,1246 115.4189325,40.0217654,1246 115.4189191,40.0217567,1246 115.4189075,40.0217470,1246 115.4188960,40.0217373,1246 115.4188847,40.0217281,1246 115.4188735,40.0217190,1246 115.4188611,40.0217103,1246 115.4188488,40.0217017,1246 115.4188349,40.0216933,1246 115.4188211,40.0216852,1246 115.4188068,40.0216778,1246 115.4187926,40.0216704,1246 115.4187799,40.0216638,1246 115.4187673,40.0216573,1246 115.4187568,40.0216506,1246 115.4187464,40.0216439,1240 115.4187382,40.0216359,1240 115.4187301,40.0216279,1240 115.4187227,40.0216203,1240 115.4187153,40.0216127,1240 115.4187059,40.0216075,1240 115.4186966,40.0216023,1240 115.4186866,40.0215973,1240 115.4186766,40.0215923,1240 115.4186684,40.0215855,1240 115.4186602,40.0215788,1240 115.4186519,40.0215714,1240 115.4186437,40.0215640,1240 115.4186340,40.0215567,1240 115.4186243,40.0215495,1240 115.4186142,40.0215428,1240 115.4186041,40.0215362,1240 115.4185937,40.0215302,1240 115.4185833,40.0215243,1244 115.4185719,40.0215191,1244 115.4185606,40.0215139,1244 115.4185490,40.0215101,1244 115.4185375,40.0215064,1244 115.4185254,40.0215036,1244 115.4185134,40.0215010,1244 115.4185010,40.0214978,1244 115.4184887,40.0214945,1244 115.4184755,40.0214910,1244 115.4184623,40.0214875,1241 115.4184497,40.0214834,1241 115.4184371,40.0214793,1241 115.4184253,40.0214755,1241 115.4184136,40.0214718,1241 115.4184014,40.0214687,1241 115.4183892,40.0214657,1241 115.4183759,40.0214636,1241 115.4183627,40.0214615,1241 115.4183489,40.0214604,1241 115.4183351,40.0214594,1241 115.4183219,40.0214586,1241 115.4183088,40.0214580,1241 115.4182953,40.0214568,1241 115.4182819,40.0214556,1241 115.4182687,40.0214545,1241 115.4182556,40.0214535,1241 115.4182420,40.0214519,1241 115.4182285,40.0214504,1241 115.4182158,40.0214472,1241 115.4182032,40.0214440,1241 115.4181914,40.0214387,1236 115.4181797,40.0214334,1236 115.4181691,40.0214263,1236 115.4181586,40.0214193,1236 115.4181477,40.0214124,1236 115.4181369,40.0214057,1236 115.4181237,40.0214004,1236 115.4181105,40.0213951,1236 115.4180962,40.0213908,1236 115.4180819,40.0213866,1236 115.4180683,40.0213826,1236 115.4180547,40.0213786,1236 115.4180404,40.0213743,1236 115.4180261,40.0213701,1236 115.4180125,40.0213654,1236 115.4179990,40.0213607,1236 115.4179855,40.0213556,1236 115.4179721,40.0213504,1236 115.4179592,40.0213448,1236 115.4179464,40.0213392,1236 115.4179339,40.0213339,1236 115.4179214,40.0213287,1236 115.4179086,40.0213235,1229 115.4178959,40.0213183,1229 115.4178827,40.0213132,1229 115.4178696,40.0213082,1229 115.4178572,40.0213026,1229 115.4178449,40.0212971,1229 115.4178338,40.0212912,1229 115.4178227,40.0212853,1229 115.4178120,40.0212793,1229 115.4178013,40.0212732,1229 115.4177899,40.0212671,1229 115.4177786,40.0212613,1229 115.4177676,40.0212560,1229 115.4177567,40.0212507,1229 115.4177472,40.0212454,1228 115.4177377,40.0212402,1228 115.4177284,40.0212343,1228 115.4177191,40.0212284,1228 115.4177100,40.0212224,1228 115.4177010,40.0212165,1228 115.4176911,40.0212104,1228 115.4176812,40.0212043,1228 115.4176693,40.0211987,1228 115.4176575,40.0211931,1228 115.4176444,40.0211874,1228 115.4176314,40.0211817,1221 115.4176176,40.0211764,1221 115.4176038,40.0211710,1221 115.4175902,40.0211657,1221 115.4175766,40.0211603,1221 115.4175639,40.0211549,1221 115.4175512,40.0211495,1221 115.4175393,40.0211438,1221 115.4175274,40.0211382,1221 115.4175154,40.0211321,1221 115.4175035,40.0211262,1221 115.4174914,40.0211202,1221 115.4174793,40.0211142,1221 115.4174664,40.0211096,1221 115.4174536,40.0211051,1221 115.4174402,40.0211016,1221 115.4174269,40.0210982,1221 115.4174129,40.0210955,1221 115.4173990,40.0210928,1221 115.4173851,40.0210898,1221 115.4173712,40.0210869,1221 115.4173569,40.0210833,1220 115.4173427,40.0210797,1220 115.4173281,40.0210772,1220 115.4173136,40.0210747,1220 115.4172992,40.0210742,1220 115.4172849,40.0210738,1220 115.4172708,40.0210741,1220 115.4172567,40.0210745,1220 115.4172426,40.0210748,1220 115.4172286,40.0210752,1220 115.4172139,40.0210742,1220 115.4171992,40.0210733,1220 115.4171842,40.0210715,1220 115.4171692,40.0210698,1220 115.4171552,40.0210681,1220 115.4171412,40.0210665,1220 115.4171270,40.0210640,1220 115.4171129,40.0210615,1220 115.4170986,40.0210595,1220 115.4170844,40.0210576,1220 115.4170701,40.0210571,1212 115.4170559,40.0210566,1212 115.4170416,40.0210570,1212 115.4170274,40.0210575,1212 115.4170130,40.0210572,1212 115.4169986,40.0210569,1212 115.4169842,40.0210557,1212 115.4169698,40.0210545,1212 115.4169563,40.0210532,1212 115.4169429,40.0210519,1212 115.4169303,40.0210510,1212 115.4169177,40.0210502,1212 115.4169054,40.0210494,1212 115.4168931,40.0210488,1212 115.4168801,40.0210487,1212 115.4168672,40.0210486,1212 115.4168550,40.0210492,1212 115.4168429,40.0210498,1212 115.4168307,40.0210500,1212 115.4168186,40.0210502,1212 115.4168064,40.0210502,1212 115.4167943,40.0210502,1210 115.4167826,40.0210479,1210 115.4167709,40.0210457,1210 115.4167604,40.0210421,1210 115.4167499,40.0210388,1210 115.4167397,40.0210358,1210 115.4167295,40.0210329,1210 115.4167185,40.0210296,1210 115.4167075,40.0210263,1210 115.4166965,40.0210238,1210 115.4166855,40.0210212,1210 115.4166751,40.0210190,1210 115.4166647,40.0210171,1210 115.4166545,40.0210153,1210 115.4166443,40.0210135,1210 115.4166337,40.0210105,1210 115.4166231,40.0210078,1210 115.4166135,40.0210043,1210 115.4166040,40.0210009,1210 115.4165945,40.0209984,1210 115.4165850,40.0209959,1210 115.4165759,40.0209938,1210 115.4165669,40.0209917,1210 115.4165582,40.0209885,1210 115.4165496,40.0209853,1210 115.4165407,40.0209819,1210 115.4165319,40.0209785,1210 115.4165225,40.0209765,1210 115.4165132,40.0209746,1210 115.4165022,40.0209722,1210 115.4164913,40.0209701,1214 115.4164794,40.0209671,1214 115.4164676,40.0209641,1214 115.4164550,40.0209601,1214 115.4164425,40.0209562,1214 115.4164297,40.0209518,1214 115.4164170,40.0209475,1214 115.4164037,40.0209434,1214 115.4163905,40.0209393,1214 115.4163766,40.0209357,1214 115.4163627,40.0209324,1214 115.4163494,40.0209290,1214 115.4163362,40.0209258,1214 115.4163236,40.0209225,1214 115.4163110,40.0209193,1214 115.4163003,40.0209161,1214 115.4162896,40.0209129,1214 115.4162802,40.0209090,1214 115.4162708,40.0209051,1214 115.4162620,40.0209001,1214 115.4162532,40.0208952,1214 115.4162445,40.0208907,1210 115.4162358,40.0208862,1210 115.4162269,40.0208825,1210 115.4162181,40.0208788,1210 115.4162093,40.0208749,1210 115.4162005,40.0208713,1210 115.4161917,40.0208672,1210 115.4161829,40.0208632,1210 115.4161736,40.0208579,1210 115.4161643,40.0208529,1210 115.4161542,40.0208459,1210 115.4161442,40.0208390,1210 115.4161342,40.0208320,1210 115.4161243,40.0208251,1210 115.4161145,40.0208198,1210 115.4161048,40.0208145,1210 115.4160944,40.0208105,1210 115.4160841,40.0208065,1210 115.4160731,40.0208032,1210 115.4160621,40.0207999,1210 115.4160499,40.0207982,1210 115.4160377,40.0207966,1210 115.4160249,40.0207944,1210 115.4160121,40.0207922,1210 115.4160007,40.0207879,1210 115.4159894,40.0207836,1210 115.4159781,40.0207788,1210 115.4159668,40.0207740,1207 115.4159545,40.0207689,1207 115.4159422,40.0207639,1207 115.4159299,40.0207583,1207 115.4159176,40.0207527,1207 115.4159059,40.0207468,1207 115.4158943,40.0207409,1207 115.4158826,40.0207349,1207 115.4158710,40.0207289,1207 115.4158588,40.0207241,1207 115.4158467,40.0207193,1207 115.4158351,40.0207148,1207 115.4158235,40.0207104,1207 115.4158137,40.0207053,1207 115.4158039,40.0207002,1207 115.4157957,40.0206942,1208 115.4157875,40.0206882,1208 115.4157802,40.0206818,1208 115.4157730,40.0206755,1208 115.4157660,40.0206700,1208 115.4157590,40.0206647,1208 115.4157497,40.0206599,1208 115.4157405,40.0206552,1208 115.4157300,40.0206510,1208 115.4157196,40.0206468,1208 115.4157096,40.0206426,1208 115.4156996,40.0206384,1208 115.4156909,40.0206337,1205 115.4156823,40.0206290,1205 115.4156746,40.0206226,1205 115.4156670,40.0206165,1205 115.4156587,40.0206102,1205 115.4156504,40.0206039,1205 115.4156426,40.0205970,1205 115.4156348,40.0205902,1205 115.4156282,40.0205834,1205 115.4156216,40.0205766,1205 115.4156143,40.0205697,1205 115.4156070,40.0205629,1205 115.4155990,40.0205559,1205 115.4155910,40.0205489,1205 115.4155817,40.0205429,1205 115.4155724,40.0205370,1205 115.4155630,40.0205309,1205 115.4155536,40.0205247,1205 115.4155449,40.0205183,1205 115.4155363,40.0205118,1205 115.4155272,40.0205054,1205 115.4155181,40.0204991,1205 115.4155087,40.0204927,1205 115.4154994,40.0204864,1205 115.4154895,40.0204800,1205 115.4154797,40.0204736,1205 115.4154699,40.0204680,1205 115.4154601,40.0204625,1205 115.4154516,40.0204596,1205 115.4154431,40.0204568,1205 115.4154355,40.0204566,1205 115.4154279,40.0204565,1205 115.4154209,40.0204586,1205 115.4154139,40.0204607,1200 115.4154066,40.0204643,1200 115.4153993,40.0204679,1200 115.4153920,40.0204717,1200 115.4153847,40.0204756,1200 115.4153772,40.0204797,1200 115.4153697,40.0204839,1200 115.4153638,40.0204876,1200 115.4153579,40.0204914,1200 115.4153521,40.0204952,1200 115.4153443,40.0205018,1200 115.4153365,40.0205084,1200 115.4153309,40.0205154,1200 115.4153254,40.0205225,1200 115.4153218,40.0205307,1200 115.4153183,40.0205389,1200 115.4153163,40.0205483,1200 115.4153143,40.0205577,1200 115.4153137,40.0205673,1200 115.4153132,40.0205770,1200 115.4153151,40.0205865,1200 115.4153171,40.0205960,1200 115.4153212,40.0206058,1200 115.4153254,40.0206156,1200 115.4153286,40.0206261,1200 115.4153319,40.0206367,1200 115.4153343,40.0206475,1200 115.4153368,40.0206583,1200 115.4153391,40.0206680,1200 115.4153415,40.0206778,1200 115.4153440,40.0206871,1200 115.4153465,40.0206965,1197 115.4153489,40.0207054,1197 115.4153514,40.0207144,1197 115.4153538,40.0207226,1197 115.4153563,40.0207308,1197 115.4153587,40.0207387,1197 115.4153612,40.0207466,1197 115.4153632,40.0207556,1197 115.4153652,40.0207646,1197 115.4153686,40.0207750,1197 115.4153721,40.0207854,1197 115.4153786,40.0207963,1197 115.4153852,40.0208073,1197 115.4153924,40.0208184,1197 115.4153997,40.0208296,1197 115.4154051,40.0208397,1197 115.4154105,40.0208499,1197 115.4154135,40.0208593,1197 115.4154165,40.0208688,1197 115.4154157,40.0208773,1197 115.4154150,40.0208858,1197 115.4154108,40.0208932,1197 115.4154066,40.0209007,1197 115.4153978,40.0209067,1197 115.4153890,40.0209126,1197 115.4153785,40.0209166,1197 115.4153680,40.0209205,1197 115.4153552,40.0209221,1197 115.4153425,40.0209236,1197 115.4153291,40.0209224,1197 115.4153157,40.0209211,1197 115.4153028,40.0209168,1197 115.4152899,40.0209124,1197 115.4152781,40.0209057,1197 115.4152664,40.0208990,1197 115.4152552,40.0208924,1197 115.4152440,40.0208858,1197 115.4152329,40.0208810,1197 115.4152218,40.0208761,1197 115.4152112,40.0208716,1197 115.4152006,40.0208670,1197 115.4151895,40.0208628,1197 115.4151785,40.0208585,1197 115.4151660,40.0208551,1197 115.4151535,40.0208517,1197 115.4151401,40.0208502,1197 115.4151268,40.0208488,1194 115.4151132,40.0208476,1194 115.4150996,40.0208464,1194 115.4150858,40.0208442,1194 115.4150721,40.0208421,1194 115.4150581,40.0208392,1194 115.4150441,40.0208363,1194 115.4150303,40.0208308,1194 115.4150165,40.0208253,1194 115.4150031,40.0208183,1194 115.4149897,40.0208113,1194 115.4149771,40.0208048,1194 115.4149646,40.0207983,1194 115.4149516,40.0207921,1194 115.4149387,40.0207858,1194 115.4149265,40.0207794,1194 115.4149144,40.0207730,1194 115.4149046,40.0207666,1194 115.4148948,40.0207603,1194 115.4148856,40.0207550,1194 115.4148764,40.0207497,1194 115.4148659,40.0207475,1194 115.4148555,40.0207453,1188 115.4148444,40.0207451,1188 115.4148334,40.0207450,1188 115.4148213,40.0207436,1188 115.4148093,40.0207423,1188 115.4147967,40.0207403,1188 115.4147842,40.0207383,1188 115.4147720,40.0207345,1188 115.4147598,40.0207308,1188 115.4147483,40.0207266,1188 115.4147368,40.0207223,1188 115.4147258,40.0207187,1188 115.4147148,40.0207150,1188 115.4147035,40.0207129,1188 115.4146922,40.0207108,1188 115.4146809,40.0207098,1188 115.4146696,40.0207088,1188 115.4146581,40.0207071,1188 115.4146467,40.0207054,1188 115.4146350,40.0207018,1188 115.4146233,40.0206983,1188 115.4146103,40.0206942,1189 115.4145973,40.0206902,1189 115.4145831,40.0206868,1182 115.4145689,40.0206834,1182 115.4145541,40.0206794,1182 115.4145394,40.0206754,1182 115.4145250,40.0206708,1182 115.4145107,40.0206662,1182 115.4144975,40.0206609,1182 115.4144844,40.0206559,1182 115.4144720,40.0206514,1182 115.4144596,40.0206469,1182 115.4144481,40.0206438,1182 115.4144367,40.0206406,1182 115.4144262,40.0206376,1182 115.4144157,40.0206346,1182 115.4144049,40.0206313,1182 115.4143941,40.0206281,1182 115.4143825,40.0206244,1182 115.4143710,40.0206210,1182 115.4143593,40.0206167,1182 115.4143476,40.0206124,1182 115.4143351,40.0206083,1182 115.4143226,40.0206043,1182 115.4143095,40.0205993,1182 115.4142965,40.0205944,1180 115.4142838,40.0205889,1180 115.4142711,40.0205834,1180 115.4142591,40.0205775,1180 115.4142471,40.0205715,1180 115.4142346,40.0205663,1180 115.4142221,40.0205610,1180 115.4142090,40.0205568,1180 115.4141960,40.0205527,1180 115.4141830,40.0205487,1180 115.4141701,40.0205448,1180 115.4141569,40.0205405,1180 115.4141437,40.0205365,1180 115.4141310,40.0205314,1180 115.4141184,40.0205264,1180 115.4141065,40.0205207,1180 115.4140947,40.0205150,1180 115.4140828,40.0205085,1180 115.4140709,40.0205021,1180 115.4140589,40.0204945,1180 115.4140470,40.0204870,1180 115.4140354,40.0204785,1180 115.4140239,40.0204702,1176 115.4140132,40.0204612,1176 115.4140026,40.0204523,1176 115.4139917,40.0204444,1176 115.4139808,40.0204365,1176 115.4139706,40.0204296,1176 115.4139604,40.0204228,1176 115.4139505,40.0204156,1178 115.4139406,40.0204085,1178 115.4139305,40.0204010,1178 115.4139204,40.0203935,1178 115.4139095,40.0203862,1178 115.4138986,40.0203789,1178 115.4138890,40.0203726,1178 115.4138794,40.0203663,1178 115.4138703,40.0203603,1178 115.4138612,40.0203544,1178 115.4138512,40.0203471,1178 115.4138413,40.0203399,1178 115.4138304,40.0203322,1178 115.4138195,40.0203246,1178 115.4138085,40.0203167,1178 115.4137975,40.0203089,1178 115.4137875,40.0203001,1178 115.4137776,40.0202912,1178 115.4137691,40.0202817,1178 115.4137606,40.0202721,1178 115.4137536,40.0202620,1178 115.4137466,40.0202521,1180 115.4137401,40.0202428,1180 115.4137336,40.0202335,1180 115.4137258,40.0202262,1180 115.4137181,40.0202190,1180 115.4137070,40.0202140,1180 115.4136959,40.0202091,1180 115.4136823,40.0202057,1180 115.4136687,40.0202022,1180 115.4136554,40.0201987,1180 115.4136421,40.0201952,1180 115.4136306,40.0201912,1180 115.4136191,40.0201872,1180 115.4136091,40.0201829,1180 115.4135992,40.0201787,1180 115.4135887,40.0201743,1180 115.4135783,40.0201700,1180 115.4135649,40.0201656,1180 115.4135516,40.0201613,1180 115.4135369,40.0201570,1180 115.4135222,40.0201528,1180 115.4135077,40.0201486,1180 115.4134933,40.0201445,1180 115.4134803,40.0201388,1173 115.4134674,40.0201331,1169 115.4134549,40.0201250,1169 115.4134424,40.0201167,1169 115.4134312,40.0201087,1169 115.4134201,40.0201006,1169 115.4134091,40.0200932,1169 115.4133982,40.0200859,1169 115.4133858,40.0200788,1169 115.4133735,40.0200717,1169 115.4133596,40.0200650,1169 115.4133458,40.0200582,1169 115.4133314,40.0200514,1169 115.4133170,40.0200447,1169 115.4133037,40.0200375,1169 115.4132904,40.0200304,1169 115.4132769,40.0200239,1169 115.4132635,40.0200174,1169 115.4132511,40.0200121,1169 115.4132388,40.0200069,1169 115.4132278,40.0200010,1169 115.4132169,40.0199951,1169 115.4132069,40.0199876,1169 115.4131970,40.0199802,1169 115.4131890,40.0199713,1169 115.4131811,40.0199625,1169 115.4131744,40.0199522,1169 115.4131678,40.0199420,1169 115.4131622,40.0199308,1169 115.4131566,40.0199196,1169 115.4131515,40.0199084,1169 115.4131464,40.0198972,1169 115.4131399,40.0198868,1169 115.4131334,40.0198764,1169 115.4131244,40.0198668,1169 115.4131155,40.0198575,1162 115.4131041,40.0198498,1162 115.4130928,40.0198421,1162 115.4130800,40.0198372,1162 115.4130672,40.0198323,1162 115.4130546,40.0198314,1162 115.4130421,40.0198306,1162 115.4130313,40.0198356,1162 115.4130206,40.0198407,1162 115.4130113,40.0198496,1162 115.4130021,40.0198586,1162 115.4129943,40.0198685,1169 115.4129866,40.0198784,1169 115.4129793,40.0198884,1169 115.4129720,40.0198984,1169 115.4129649,40.0199087,1169 115.4129579,40.0199189,1169 115.4129510,40.0199288,1169 115.4129441,40.0199388,1169 115.4129354,40.0199481,1169 115.4129268,40.0199574,1169 115.4129174,40.0199659,1169 115.4129081,40.0199744,1167 115.4128987,40.0199823,1167 115.4128893,40.0199902,1167 115.4128787,40.0199976,1167 115.4128681,40.0200051,1167 115.4128556,40.0200124,1167 115.4128431,40.0200197,1167 115.4128307,40.0200260,1167 115.4128184,40.0200322,1167 115.4128080,40.0200401,1167 115.4127977,40.0200479,1167 115.4127895,40.0200571,1167 115.4127814,40.0200666,1167 115.4127733,40.0200769,1167 115.4127652,40.0200872,1167 115.4127565,40.0200970,1167 115.4127479,40.0201068,1167 115.4127370,40.0201164,1167 115.4127262,40.0201260,1167 115.4127157,40.0201359,1167 115.4127052,40.0201458,1174 115.4126971,40.0201565,1174 115.4126890,40.0201673,1174 115.4126832,40.0201791,1174 115.4126775,40.0201909,1174 115.4126728,40.0202022,1174 115.4126682,40.0202134,1174 115.4126615,40.0202234,1174 115.4126549,40.0202333,1174 115.4126421,40.0202399,1174 115.4126293,40.0202465,1179 115.4126166,40.0202532,1179 115.4126001,40.0202547,1179 115.4125836,40.0202563,1179 115.4125677,40.0202541,1179 115.4125518,40.0202522,1179 115.4125344,40.0202479,1179 115.4125171,40.0202436,1179 115.4124997,40.0202392,1179 115.4124823,40.0202348,1179 115.4124650,40.0202304,1179 115.4124492,40.0202256,1179 115.4124334,40.0202208,1179 115.4124221,40.0202158,1179 115.4124108,40.0202109,1179 115.4124021,40.0202042,1179 115.4123935,40.0201976,1179 115.4123856,40.0201893,1179 115.4123777,40.0201810,1179 115.4123696,40.0201719,1179 115.4123616,40.0201629,1179 115.4123514,40.0201526,1186 115.4123412,40.0201424,1186 115.4123295,40.0201301,1175 115.4123179,40.0201179,1175 115.4123046,40.0201069,1175 115.4122913,40.0200958,1175 115.4122768,40.0200891,1175 115.4122623,40.0200824,1175 115.4122464,40.0200784,1175 115.4122305,40.0200745,1175 115.4122132,40.0200709,1175 115.4121959,40.0200673,1175 115.4121804,40.0200631,1175 115.4121649,40.0200589,1175 115.4121505,40.0200547,1175 115.4121362,40.0200505,1175 115.4121242,40.0200460,1175 115.4121123,40.0200415,1175 115.4121011,40.0200364,1175 115.4120900,40.0200313,1175 115.4120799,40.0200263,1179 115.4120698,40.0200214,1179 115.4120603,40.0200162,1179 115.4120509,40.0200111,1179 115.4120411,40.0200056,1179 115.4120313,40.0200001,1179 115.4120208,40.0199941,1179 115.4120103,40.0199881,1179 115.4119999,40.0199817,1179 115.4119896,40.0199755,1179 115.4119788,40.0199688,1179 115.4119680,40.0199622,1179 115.4119561,40.0199552,1179 115.4119442,40.0199482,1179 115.4119323,40.0199409,1179 115.4119205,40.0199337,1179 115.4119097,40.0199268,1179 115.4118989,40.0199199,1179 115.4118891,40.0199123,1179 115.4118793,40.0199048,1179 115.4118694,40.0198974,1179 115.4118596,40.0198901,1179 115.4118507,40.0198838,1179 115.4118418,40.0198775,1179 115.4118320,40.0198711,1179 115.4118222,40.0198648,1179 115.4118109,40.0198587,1169 115.4117997,40.0198527,1170 115.4117878,40.0198475,1170 115.4117760,40.0198424,1170 115.4117633,40.0198370,1170 115.4117506,40.0198319,1170 115.4117387,40.0198267,1170 115.4117269,40.0198215,1170 115.4117157,40.0198159,1170 115.4117045,40.0198104,1170 115.4116922,40.0198054,1170 115.4116799,40.0198005,1170 115.4116674,40.0197964,1170 115.4116549,40.0197924,1170 115.4116423,40.0197890,1170 115.4116298,40.0197858,1170 115.4116176,40.0197838,1170 115.4116054,40.0197819,1170 115.4115933,40.0197802,1170 115.4115813,40.0197786,1170 115.4115694,40.0197764,1170 115.4115575,40.0197742,1170 115.4115459,40.0197716,1170 115.4115343,40.0197691,1170 115.4115223,40.0197657,1172 115.4115104,40.0197624,1172 115.4114987,40.0197582,1172 115.4114870,40.0197541,1172 115.4114752,40.0197493,1172 115.4114635,40.0197446,1172 115.4114573,40.0197418,1172 115.4114512,40.0197390,1172 115.4114411,40.0197332,1172 115.4114310,40.0197275,1172 115.4114207,40.0197207,1172 115.4114104,40.0197140,1172 115.4114002,40.0197069,1172 115.4113901,40.0197001,1172 115.4113789,40.0196935,1172 115.4113678,40.0196869,1172 115.4113564,40.0196813,1172 115.4113451,40.0196757,1172 115.4113334,40.0196708,1172 115.4113218,40.0196659,1172 115.4113100,40.0196621,1172 115.4112983,40.0196583,1172 115.4112861,40.0196548,1172 115.4112740,40.0196514,1172 115.4112617,40.0196485,1172 115.4112494,40.0196455,1172 115.4112376,40.0196426,1172 115.4112259,40.0196396,1172 115.4112134,40.0196370,1172 115.4112010,40.0196344,1172 115.4111881,40.0196307,1172 115.4111752,40.0196270,1172 115.4111620,40.0196220,1172 115.4111489,40.0196171,1172 115.4111357,40.0196109,1172 115.4111226,40.0196047,1172 115.4111106,40.0195986,1172 115.4110987,40.0195925,1172 115.4110879,40.0195870,1172 115.4110771,40.0195816,1161 115.4110652,40.0195765,1161 115.4110534,40.0195713,1161 115.4110423,40.0195670,1161 115.4110312,40.0195626,1161 115.4110199,40.0195576,1161 115.4110087,40.0195526,1161 115.4109956,40.0195474,1161 115.4109825,40.0195421,1161 115.4109696,40.0195380,1164 115.4109568,40.0195338,1164 115.4109444,40.0195295,1164 115.4109320,40.0195251,1164 115.4109203,40.0195206,1164 115.4109087,40.0195160,1164 115.4108970,40.0195107,1164 115.4108853,40.0195054,1164 115.4108738,40.0195000,1164 115.4108624,40.0194947,1164 115.4108517,40.0194898,1164 115.4108410,40.0194850,1164 115.4108291,40.0194803,1164 115.4108172,40.0194756,1164 115.4108040,40.0194718,1164 115.4107909,40.0194681,1164 115.4107777,40.0194647,1164 115.4107646,40.0194614,1164 115.4107498,40.0194576,1164 115.4107351,40.0194540,1164 115.4107193,40.0194489,1164 115.4107035,40.0194439,1164 115.4106868,40.0194388,1170 115.4106702,40.0194338,1170 115.4106538,40.0194294,1170 115.4106375,40.0194251,1170 115.4106224,40.0194203,1170 115.4106074,40.0194156,1170 115.4105930,40.0194108,1170 115.4105787,40.0194061,1170 115.4105642,40.0194019,1170 115.4105497,40.0193977,1170 115.4105351,40.0193937,1170 115.4105205,40.0193898,1170 115.4105042,40.0193868,1170 115.4104879,40.0193839,1170 115.4104715,40.0193812,1170 115.4104552,40.0193786,1170 115.4104390,40.0193754,1170 115.4104228,40.0193722,1170 115.4104066,40.0193687,1172 115.4103904,40.0193652,1172 115.4103751,40.0193617,1172 115.4103598,40.0193582,1172 115.4103443,40.0193558,1172 115.4103288,40.0193534,1172 115.4103119,40.0193528,1172 115.4102951,40.0193522,1172 115.4102762,40.0193514,1172 115.4102573,40.0193506,1172 115.4102367,40.0193504,1172 115.4102162,40.0193500,1172 115.4101955,40.0193502,1172 115.4101748,40.0193503,1172 115.4101562,40.0193492,1172 115.4101377,40.0193482,1174 115.4101221,40.0193443,1174 115.4101065,40.0193405,1174 115.4100929,40.0193352,1174 115.4100793,40.0193299,1174 115.4100659,40.0193250,1174 115.4100526,40.0193201,1174 115.4100390,40.0193152,1174 115.4100254,40.0193103,1174 115.4100128,40.0193046,1156 115.4100003,40.0192989,1156 115.4099880,40.0192938,1156 115.4099757,40.0192886,1156 115.4099628,40.0192846,1156 115.4099500,40.0192807,1156 115.4099359,40.0192768,1156 115.4099219,40.0192730,1156 115.4099075,40.0192671,1156 115.4098931,40.0192612,1156 115.4098797,40.0192533,1156 115.4098664,40.0192456,1156 115.4098549,40.0192391,1159 115.4098434,40.0192327,1159 115.4098302,40.0192265,1159 115.4098170,40.0192204,1159 115.4098040,40.0192132,1159 115.4097911,40.0192061,1159 115.4097795,40.0191988,1159 115.4097680,40.0191916,1159 115.4097552,40.0191844,1159 115.4097425,40.0191772,1159 115.4097276,40.0191699,1159 115.4097127,40.0191627,1159 115.4096972,40.0191554,1159 115.4096817,40.0191481,1159 115.4096672,40.0191405,1159 115.4096527,40.0191329,1159 115.4096383,40.0191256,1159 115.4096240,40.0191183,1159 115.4096092,40.0191119,1159 115.4095944,40.0191055,1159 115.4095806,40.0190998,1173 115.4095669,40.0190942,1173 115.4095553,40.0190880,1173 115.4095438,40.0190818,1173 115.4095357,40.0190746,1173 115.4095277,40.0190674,1173 115.4095204,40.0190593,1173 115.4095131,40.0190513,1173 115.4095042,40.0190446,1173 115.4094953,40.0190379,1173 115.4094838,40.0190323,1173 115.4094724,40.0190268,1156 115.4094597,40.0190222,1156 115.4094471,40.0190177,1156 115.4094333,40.0190129,1156 115.4094195,40.0190081,1156 115.4094059,40.0190028,1156 115.4093924,40.0189977,1156 115.4093807,40.0189928,1156 115.4093690,40.0189879,1156 115.4093596,40.0189829,1156 115.4093502,40.0189780,1156 115.4093409,40.0189732,1156 115.4093316,40.0189685,1156 115.4093213,40.0189648,1156 115.4093110,40.0189612,1156 115.4093002,40.0189576,1163 115.4092895,40.0189540,1163 115.4092787,40.0189497,1163 115.4092679,40.0189455,1163 115.4092566,40.0189397,1163 115.4092454,40.0189339,1163 115.4092327,40.0189274,1163 115.4092200,40.0189209,1163 115.4092052,40.0189138,1163 115.4091904,40.0189068,1163 115.4091742,40.0188999,1163 115.4091581,40.0188931,1163 115.4091402,40.0188861,1163 115.4091223,40.0188791,1163 115.4091037,40.0188726,1163 115.4090852,40.0188660,1163 115.4090685,40.0188609,1163 115.4090518,40.0188558,1163 115.4090370,40.0188517,1163 115.4090223,40.0188476,1165 115.4090082,40.0188435,1165 115.4089942,40.0188397,1165 115.4089809,40.0188350,1165 115.4089677,40.0188304,1165 115.4089556,40.0188245,1165 115.4089435,40.0188187,1165 115.4089337,40.0188122,1165 115.4089240,40.0188058,1165 115.4089130,40.0187988,1165 115.4089020,40.0187918,1165 115.4088898,40.0187845,1165 115.4088777,40.0187772,1165 115.4088652,40.0187687,1165 115.4088528,40.0187602,1165 115.4088406,40.0187517,1165 115.4088285,40.0187433,1150 115.4088176,40.0187355,1150 115.4088068,40.0187277,1150 115.4087956,40.0187198,1150 115.4087844,40.0187119,1150 115.4087716,40.0187034,1150 115.4087589,40.0186949,1150 115.4087453,40.0186866,1151 115.4087318,40.0186783,1151 115.4087179,40.0186716,1151 115.4087040,40.0186650,1151 115.4086913,40.0186604,1151 115.4086787,40.0186558,1151 115.4086679,40.0186512,1151 115.4086572,40.0186467,1151 115.4086476,40.0186403,1151 115.4086380,40.0186339,1151 115.4086287,40.0186264,1151 115.4086195,40.0186189,1151 115.4086092,40.0186122,1151 115.4085990,40.0186055,1151 115.4085874,40.0185997,1151 115.4085758,40.0185942,1151 115.4085628,40.0185880,1151 115.4085499,40.0185819,1151 115.4085362,40.0185756,1151 115.4085225,40.0185693,1151 115.4085094,40.0185628,1151 115.4084964,40.0185563,1151 115.4084829,40.0185490,1151 115.4084695,40.0185417,1149 115.4084545,40.0185359,1149 115.4084395,40.0185301,1149 115.4084246,40.0185261,1149 115.4084098,40.0185221,1149 115.4083959,40.0185190,1149 115.4083820,40.0185160,1149 115.4083696,40.0185125,1149 115.4083573,40.0185090,1149 115.4083473,40.0185048,1149 115.4083373,40.0185006,1149 115.4083296,40.0184967,1149 115.4083219,40.0184929,1149 115.4083155,40.0184878,1149 115.4083091,40.0184830,1149 115.4083025,40.0184761,1149 115.4082959,40.0184693,1141 115.4082886,40.0184605,1141 115.4082813,40.0184517,1141 115.4082725,40.0184414,1141 115.4082638,40.0184312,1141 115.4082520,40.0184212,1141 115.4082402,40.0184112,1141 115.4082253,40.0184031,1141 115.4082104,40.0183951,1141 115.4081954,40.0183881,1141 115.4081804,40.0183811,1145 115.4081671,40.0183738,1145 115.4081538,40.0183666,1145 115.4081419,40.0183579,1145 115.4081300,40.0183492,1145 115.4081175,40.0183411,1145 115.4081050,40.0183330,1145 115.4080922,40.0183255,1145 115.4080795,40.0183180,1145 115.4080663,40.0183104,1145 115.4080532,40.0183029,1145 115.4080386,40.0182963,1145 115.4080241,40.0182896,1145 115.4080084,40.0182837,1145 115.4079928,40.0182777,1145 115.4079769,40.0182715,1145 115.4079610,40.0182654,1145 115.4079444,40.0182594,1145 115.4079278,40.0182535,1145 115.4079111,40.0182497,1146 115.4078945,40.0182460,1146 115.4078779,40.0182443,1146 115.4078614,40.0182426,1146 115.4078468,40.0182408,1146 115.4078322,40.0182390,1146 115.4078191,40.0182373,1146 115.4078060,40.0182359,1146 115.4077947,40.0182359,1146 115.4077834,40.0182359,1146 115.4077762,40.0182370,1146 115.4077690,40.0182382,1146 115.4077618,40.0182394,1146 115.4077522,40.0182425,1146 115.4077426,40.0182457,1146 115.4077323,40.0182489,1146 115.4077221,40.0182522,1146 115.4077111,40.0182550,1146 115.4077001,40.0182579,1146 115.4076881,40.0182607,1146 115.4076762,40.0182635,1146 115.4076640,40.0182663,1146 115.4076518,40.0182691,1146 115.4076400,40.0182712,1146 115.4076282,40.0182733,1144 115.4076160,40.0182741,1144 115.4076039,40.0182750,1144 115.4075921,40.0182750,1144 115.4075803,40.0182753,1144 115.4075691,40.0182761,1144 115.4075580,40.0182770,1144 115.4075464,40.0182772,1144 115.4075349,40.0182775,1144 115.4075227,40.0182784,1144 115.4075105,40.0182794,1144 115.4074983,40.0182805,1144 115.4074861,40.0182817,1144 115.4074747,40.0182826,1144 115.4074633,40.0182835,1144 115.4074529,40.0182848,1144 115.4074425,40.0182862,1144 115.4074319,40.0182875,1144 115.4074213,40.0182888,1144 115.4074135,40.0182896,1144 115.4074058,40.0182904,1144 115.4073981,40.0182912,1144 115.4073878,40.0182925,1144 115.4073775,40.0182938,1144 115.4073685,40.0182952,1144 115.4073595,40.0182967,1138 115.4073520,40.0182958,1138 115.4073445,40.0182950,1138 115.4073370,40.0182925,1138 115.4073296,40.0182900,1138 115.4073220,40.0182882,1138 115.4073144,40.0182865,1138 115.4073061,40.0182854,1138 115.4072978,40.0182844,1138 115.4072887,40.0182829,1138 115.4072796,40.0182816,1138 115.4072699,40.0182806,1138 115.4072603,40.0182797,1138 115.4072509,40.0182797,1138 115.4072416,40.0182798,1138 115.4072316,40.0182805,1138 115.4072217,40.0182811,1138 115.4072108,40.0182821,1138 115.4072000,40.0182831,1138 115.4071894,40.0182840,1138 115.4071789,40.0182850,1138 115.4071686,40.0182866,1138 115.4071584,40.0182882,1138 115.4071476,40.0182898,1138 115.4071368,40.0182914,1138 115.4071257,40.0182914,1138 115.4071146,40.0182916,1138 115.4071050,40.0182899,1138 115.4070954,40.0182883,1138 115.4070869,40.0182860,1138 115.4070785,40.0182837,1128 115.4070715,40.0182825,1128 115.4070645,40.0182814,1128 115.4070577,40.0182826,1128 115.4070510,40.0182838,1128 115.4070445,40.0182868,1128 115.4070380,40.0182899,1128 115.4070309,40.0182929,1128 115.4070238,40.0182959,1128 115.4070151,40.0182983,1128 115.4070064,40.0183008,1128 115.4069965,40.0183042,1128 115.4069866,40.0183076,1128 115.4069807,40.0183100,1128 115.4069748,40.0183124,1128 115.4069650,40.0183153,1128 115.4069552,40.0183183,1128 115.4069445,40.0183192,1128 115.4069339,40.0183202,1128 115.4069267,40.0183205,1128 115.4069195,40.0183208,1128 115.4069124,40.0183211,1128 115.4069024,40.0183220,1128 115.4068924,40.0183229,1128 115.4068826,40.0183261,1128 115.4068729,40.0183294,1128 115.4068681,40.0183320,1128 115.4068633,40.0183346,1128 115.4068569,40.0183397,1128 115.4068505,40.0183447,1128 115.4068436,40.0183488,1128 115.4068368,40.0183530,1128 115.4068309,40.0183548,1128 115.4068250,40.0183567,1128 115.4068191,40.0183586,1128 115.4068104,40.0183605,1128 115.4068017,40.0183624,1121 115.4067957,40.0183647,1121 115.4067898,40.0183671,1121 115.4067839,40.0183695,1121 115.4067793,40.0183719,1121 115.4067747,40.0183743,1121 115.4067671,40.0183783,1121 115.4067596,40.0183823,1121 115.4067504,40.0183860,1121 115.4067413,40.0183897,1121 115.4067356,40.0183913,1121 115.4067299,40.0183929,1121 115.4067198,40.0183941,1121 115.4067097,40.0183954,1121 115.4067036,40.0183957,1121 115.4066976,40.0183960,1121 115.4066865,40.0183970,1121 115.4066755,40.0183978,1121 115.4066603,40.0183982,1121 115.4066451,40.0183985,1121 115.4066146,40.0183982,1121 115.4066057,40.0183978,1121 115.4065969,40.0183975,1121 115.4065872,40.0183968,1121 115.4065776,40.0183962,1121 115.4065676,40.0183948,1121 115.4065576,40.0183934,1121 115.4065470,40.0183912,1121 115.4065364,40.0183890,1121 115.4065265,40.0183865,1116 115.4065166,40.0183840,1116 115.4065071,40.0183811,1116 115.4064976,40.0183782,1116 115.4064880,40.0183759,1116 115.4064785,40.0183737,1116 115.4064696,40.0183729,1116 115.4064607,40.0183723,1116 115.4064526,40.0183715,1116 115.4064446,40.0183708,1116 115.4064364,40.0183711,1116 115.4064283,40.0183715,1116 115.4064231,40.0183723,1116 115.4064180,40.0183734,1116 115.4064122,40.0183741,1116 115.4064064,40.0183750,1116 115.4064006,40.0183759,1116 115.4063909,40.0183755,1116 115.4063813,40.0183751,1116 115.4063669,40.0183741,1116 115.4063554,40.0183740,1116 115.4063440,40.0183738,1116 115.4063330,40.0183734,1116 115.4063221,40.0183729,1116 115.4063122,40.0183733,1116 115.4063024,40.0183735,1116 115.4062980,40.0183758,1116 115.4062936,40.0183781,1116 115.4062959,40.0183829,1116 115.4062983,40.0183877,1116 115.4063092,40.0184000,1116 115.4063066,40.0184051,1116 115.4063040,40.0184105,1116 115.4062942,40.0184145,1116 115.4062845,40.0184185,1116 115.4062721,40.0184211,1116 115.4062598,40.0184237,1116 115.4062469,40.0184258,1111 115.4062340,40.0184279,1111 115.4062210,40.0184285,1111 115.4062081,40.0184292,1111 115.4061963,40.0184284,1111 115.4061845,40.0184276,1111 115.4061724,40.0184260,1111 115.4061603,40.0184245,1111 115.4061480,40.0184213,1111 115.4061358,40.0184181,1111 115.4061244,40.0184151,1111 115.4061130,40.0184122,1111 115.4061027,40.0184108,1111 115.4060924,40.0184095,1111 115.4060826,40.0184090,1111 115.4060729,40.0184085,1111 115.4060634,40.0184076,1111 115.4060539,40.0184067,1111 115.4060439,40.0184049,1111 115.4060339,40.0184032,1111 115.4060236,40.0184011,1111 115.4060133,40.0183991,1111 115.4060019,40.0183962,1111 115.4059906,40.0183933,1111 115.4059782,40.0183887,1111 115.4059659,40.0183844,1107 115.4059539,40.0183793,1107 115.4059420,40.0183741,1107 115.4059314,40.0183701,1107 115.4059209,40.0183661,1107 115.4059116,40.0183617,1107 115.4059023,40.0183573,1107 115.4058948,40.0183516,1107 115.4058874,40.0183459,1107 115.4058808,40.0183393,1107 115.4058742,40.0183328,1107 115.4058672,40.0183265,1107 115.4058603,40.0183203,1107 115.4058523,40.0183126,1107 115.4058444,40.0183050,1107 115.4058360,40.0182974,1107 115.4058276,40.0182898,1107 115.4058192,40.0182837,1107 115.4058109,40.0182777,1107 115.4058025,40.0182732,1107 115.4057941,40.0182687,1107 115.4057851,40.0182652,1107 115.4057762,40.0182616,1107 115.4057667,40.0182589,1107 115.4057572,40.0182562,1107 115.4057463,40.0182545,1107 115.4057355,40.0182529,1107 115.4057240,40.0182524,1107 115.4057125,40.0182519,1107 115.4057020,40.0182518,1107 115.4056916,40.0182517,1101 115.4056808,40.0182505,1101 115.4056701,40.0182493,1101 115.4056591,40.0182463,1101 115.4056482,40.0182433,1101 115.4056370,40.0182389,1101 115.4056258,40.0182346,1101 115.4056142,40.0182312,1101 115.4056026,40.0182279,1101 115.4055907,40.0182253,1101 115.4055789,40.0182227,1101 115.4055669,40.0182206,1101 115.4055549,40.0182185,1101 115.4055440,40.0182157,1101 115.4055331,40.0182129,1101 115.4055227,40.0182078,1101 115.4055123,40.0182027,1101 115.4055026,40.0181951,1101 115.4054929,40.0181876,1105 115.4054826,40.0181792,1105 115.4054723,40.0181708,1105 115.4054632,40.0181628,1105 115.4054541,40.0181549,1105 115.4054462,40.0181461,1105 115.4054384,40.0181373,1105 115.4054319,40.0181281,1105 115.4054254,40.0181190,1105 115.4054197,40.0181099,1105 115.4054140,40.0181008,1098 115.4054076,40.0180929,1098 115.4054012,40.0180850,1098 115.4053939,40.0180786,1098 115.4053866,40.0180722,1098 115.4053779,40.0180663,1098 115.4053692,40.0180605,1098 115.4053608,40.0180533,1098 115.4053525,40.0180462,1098 115.4053454,40.0180380,1098 115.4053384,40.0180299,1098 115.4053333,40.0180205,1098 115.4053282,40.0180111,1098 115.4053236,40.0180024,1098 115.4053190,40.0179935,1098 115.4053136,40.0179868,1098 115.4053083,40.0179801,1098 115.4053024,40.0179750,1098 115.4052965,40.0179699,1098 115.4052901,40.0179647,1098 115.4052837,40.0179595,1098 115.4052773,40.0179536,1098 115.4052710,40.0179478,1098 115.4052644,40.0179412,1098 115.4052578,40.0179347,1098 115.4052510,40.0179277,1098 115.4052443,40.0179207,1098 115.4052377,40.0179134,1098 115.4052312,40.0179062,1098 115.4052244,40.0178989,1098 115.4052176,40.0178917,1098 115.4052109,40.0178851,1098 115.4052043,40.0178785,1098 115.4051973,40.0178719,1098 115.4051903,40.0178656,1098 115.4051834,40.0178593,1098 115.4051765,40.0178530,1098 115.4051703,40.0178456,1098 115.4051642,40.0178382,1098 115.4051590,40.0178311,1098 115.4051538,40.0178240,1098 115.4051477,40.0178181,1098 115.4051416,40.0178122,1098 115.4051344,40.0178076,1089 115.4051273,40.0178031,1089 115.4051195,40.0177989,1089 115.4051117,40.0177950,1089 115.4051029,40.0177923,1089 115.4050942,40.0177896,1089 115.4050851,40.0177875,1089 115.4050761,40.0177854,1089 115.4050661,40.0177839,1089 115.4050561,40.0177824,1089 115.4050451,40.0177797,1089 115.4050341,40.0177771,1089 115.4050242,40.0177733,1089 115.4050143,40.0177695,1089 115.4050068,40.0177652,1089 115.4049994,40.0177609,1089 115.4049937,40.0177551,1089 115.4049881,40.0177493,1089 115.4049836,40.0177421,1089 115.4049792,40.0177349,1089 115.4049740,40.0177264,1089 115.4049688,40.0177179,1089 115.4049620,40.0177094,1089 115.4049552,40.0177010,1089 115.4049485,40.0176925,1089 115.4049418,40.0176843,1089 115.4049351,40.0176773,1089 115.4049285,40.0176703,1089 115.4049224,40.0176642,1089 115.4049164,40.0176581,1089 115.4049109,40.0176528,1089 115.4049055,40.0176475,1089 115.4048987,40.0176442,1089 115.4048919,40.0176410,1089 115.4048838,40.0176386,1088 115.4048757,40.0176363,1088 115.4048671,40.0176332,1088 115.4048586,40.0176301,1086 115.4048510,40.0176247,1086 115.4048434,40.0176193,1086 115.4048373,40.0176131,1086 115.4048312,40.0176070,1086 115.4048249,40.0176023,1086 115.4048186,40.0175976,1086 115.4048120,40.0175976,1086 115.4048054,40.0175977,1086 115.4047994,40.0176034,1086 115.4047935,40.0176092,1086 115.4047880,40.0176190,1086 115.4047825,40.0176288,1086 115.4047758,40.0176392,1086 115.4047691,40.0176497,1086 115.4047621,40.0176590,1086 115.4047551,40.0176682,1086 115.4047485,40.0176761,1086 115.4047420,40.0176842,1086 115.4047338,40.0176913,1086 115.4047257,40.0176986,1086 115.4047164,40.0177059,1086 115.4047072,40.0177132,1086 115.4046980,40.0177211,1086 115.4046888,40.0177290,1086 115.4046802,40.0177374,1086 115.4046717,40.0177459,1086 115.4046632,40.0177544,1086 115.4046547,40.0177630,1086 115.4046468,40.0177704,1086 115.4046389,40.0177779,1086 115.4046301,40.0177835,1086 115.4046214,40.0177892,1086 115.4046101,40.0177926,1086 115.4045988,40.0177961,1086 115.4045866,40.0177967,1086 115.4045745,40.0177973,1084 115.4045627,40.0177953,1084 115.4045509,40.0177933,1084 115.4045391,40.0177895,1084 115.4045274,40.0177858,1084 115.4045150,40.0177812,1084 115.4045026,40.0177766,1084 115.4044895,40.0177726,1084 115.4044765,40.0177685,1084 115.4044611,40.0177652,1084 115.4044458,40.0177618,1084 115.4044274,40.0177599,1084 115.4044091,40.0177580,1084 115.4043895,40.0177566,1084 115.4043700,40.0177553,1084 115.4043529,40.0177530,1084 115.4043358,40.0177508,1084 115.4043224,40.0177472,1084 115.4043090,40.0177436,1084 115.4042959,40.0177396,1083 115.4042829,40.0177356,1083 115.4042707,40.0177310,1083 115.4042585,40.0177265,1083 115.4042461,40.0177227,1083 115.4042338,40.0177190,1083 115.4042214,40.0177155,1083 115.4042091,40.0177121,1083 115.4041955,40.0177098,1083 115.4041820,40.0177076,1083 115.4041689,40.0177055,1083 115.4041559,40.0177035,1083 115.4041449,40.0177010,1083 115.4041339,40.0176986,1083 115.4041246,40.0176984,1083 115.4041154,40.0176980,1083 115.4041075,40.0176991,1083 115.4040997,40.0177001,1083 115.4040949,40.0177032,1083 115.4040902,40.0177064,1083 115.4040886,40.0177105,1083 115.4040870,40.0177146,1083 115.4040855,40.0177187,1083 115.4040839,40.0177228,1083 115.4040824,40.0177270,1083 115.4040768,40.0177397,1083 115.4040713,40.0177525,1083 115.4040648,40.0177659,1083 115.4040583,40.0177793,1083 115.4040518,40.0177908,1083 115.4040453,40.0178024,1083 115.4040385,40.0178123,1083 115.4040317,40.0178225,1083 115.4040252,40.0178333,1085 115.4040188,40.0178442,1085 115.4040142,40.0178546,1085 115.4040097,40.0178651,1085 115.4040058,40.0178755,1085 115.4040020,40.0178859,1085 115.4039975,40.0178948,1085 115.4039930,40.0179038,1085 115.4039886,40.0179126,1085 115.4039842,40.0179217,1092 115.4039802,40.0179324,1092 115.4039763,40.0179432,1092 115.4039712,40.0179544,1092 115.4039662,40.0179655,1092 115.4039591,40.0179766,1092 115.4039520,40.0179877,1092 115.4039451,40.0179991,1092 115.4039383,40.0180105,1092 115.4039323,40.0180239,1092 115.4039264,40.0180372,1092 115.4039196,40.0180504,1092 115.4039129,40.0180637,1092 115.4039057,40.0180750,1092 115.4038986,40.0180864,1092 115.4038916,40.0180959,1092 115.4038847,40.0181054,1092 115.4038785,40.0181145,1092 115.4038724,40.0181236,1092 115.4038651,40.0181330,1092 115.4038579,40.0181425,1092 115.4038504,40.0181534,1092 115.4038429,40.0181646,1092 115.4038351,40.0181776,1092 115.4038273,40.0181907,1092 115.4038198,40.0182051,1094 115.4038123,40.0182195,1094 115.4038052,40.0182337,1094 115.4037982,40.0182480,1094 115.4037928,40.0182618,1094 115.4037874,40.0182756,1094 115.4037829,40.0182874,1094 115.4037785,40.0182992,1094 115.4037745,40.0183104,1094 115.4037706,40.0183217,1094 115.4037664,40.0183326,1094 115.4037622,40.0183436,1094 115.4037577,40.0183535,1094 115.4037533,40.0183635,1094 115.4037487,40.0183717,1086 115.4037441,40.0183800,1086 115.4037397,40.0183875,1086 115.4037353,40.0183950,1086 115.4037307,40.0184027,1086 115.4037261,40.0184106,1086 115.4037208,40.0184216,1086 115.4037155,40.0184325,1086 115.4037098,40.0184453,1086 115.4037041,40.0184582,1086 115.4036983,40.0184708,1086 115.4036925,40.0184837,1089 115.4036867,40.0184965,1089 115.4036810,40.0185093,1089 115.4036754,40.0185222,1089 115.4036698,40.0185352,1089 115.4036639,40.0185473,1089 115.4036580,40.0185595,1089 115.4036524,40.0185708,1089 115.4036469,40.0185822,1089 115.4036414,40.0185936,1089 115.4036360,40.0186051,1089 115.4036302,40.0186166,1089 115.4036245,40.0186281,1089 115.4036202,40.0186404,1089 115.4036159,40.0186528,1089 115.4036119,40.0186666,1089 115.4036080,40.0186804,1089 115.4036040,40.0186954,1089 115.4036001,40.0187104,1089 115.4035972,40.0187250,1089 115.4035943,40.0187397,1089 115.4035917,40.0187535,1086 115.4035892,40.0187675,1086 115.4035853,40.0187809,1086 115.4035814,40.0187944,1086 115.4035768,40.0188061,1086 115.4035722,40.0188179,1086 115.4035670,40.0188282,1086 115.4035619,40.0188385,1086 115.4035580,40.0188481,1086 115.4035542,40.0188578,1086 115.4035522,40.0188682,1086 115.4035502,40.0188787,1086 115.4035490,40.0188905,1086 115.4035478,40.0189023,1086 115.4035476,40.0189145,1086 115.4035475,40.0189268,1086 115.4035468,40.0189396,1086 115.4035461,40.0189524,1086 115.4035440,40.0189657,1086 115.4035420,40.0189790,1086 115.4035401,40.0189907,1086 115.4035383,40.0190024,1086 115.4035346,40.0190131,1086 115.4035309,40.0190238,1086 115.4035236,40.0190320,1086 115.4035163,40.0190404,1086 115.4035080,40.0190463,1086 115.4034997,40.0190523,1086 115.4034948,40.0190586,1086 115.4034899,40.0190650,1086 115.4034895,40.0190753,1086 115.4034891,40.0190855,1086 115.4034902,40.0190977,1086 115.4034913,40.0191098,1086 115.4034922,40.0191226,1086 115.4034932,40.0191356,1086 115.4034951,40.0191491,1086 115.4034970,40.0191626,1086 115.4034998,40.0191763,1086 115.4035027,40.0191901,1086 115.4035048,40.0192033,1086 115.4035069,40.0192165,1086 115.4035070,40.0192288,1086 115.4035072,40.0192411,1086 115.4035086,40.0192521,1086 115.4035101,40.0192633,1086 115.4035137,40.0192746,1086 115.4035173,40.0192859,1086 115.4035188,40.0192980,1086 115.4035204,40.0193101,1089 115.4035191,40.0193224,1089 115.4035178,40.0193347,1089 115.4035159,40.0193464,1089 115.4035140,40.0193582,1089 115.4035118,40.0193735,1089 115.4035097,40.0193888,1089 115.4035084,40.0194157,1089 115.4035138,40.0194158,1089 115.4035193,40.0194160,1089 115.4035410,40.0194147,1089 115.4035505,40.0194171,1089 115.4035601,40.0194196,1089 115.4035682,40.0194237,1089 115.4035763,40.0194278,1089 115.4035819,40.0194302,1089 115.4035876,40.0194327,1089 115.4035864,40.0194347,1089 115.4035853,40.0194367,1089 115.4035730,40.0194390,1089 115.4035520,40.0194384,1089 115.4035311,40.0194379,1089 115.4035115,40.0194363,1089 115.4034920,40.0194349,1089 115.4034764,40.0194320,1089 115.4034608,40.0194292,1090 115.4034453,40.0194229,1090 115.4034298,40.0194166,1090 115.4033964,40.0193992,1090 115.4033853,40.0193933,1090 115.4033743,40.0193875,1090 115.4033649,40.0193845,1090 115.4033555,40.0193816,1090 115.4033479,40.0193809,1090 115.4033403,40.0193802,1090 115.4033327,40.0193795,1090 115.4033290,40.0193787,1090 115.4033253,40.0193780,1090 115.4033216,40.0193773,1090 115.4033268,40.0193749,1090 115.4033321,40.0193728,1090 115.4033475,40.0193688,1090 115.4033591,40.0193694,1090 115.4033708,40.0193700,1090 115.4033810,40.0193730,1090 115.4033913,40.0193760,1090 115.4033992,40.0193814,1090 115.4034071,40.0193868,1090 115.4034092,40.0193891,1090 115.4034114,40.0193915,1090 115.4034136,40.0193939,1090 115.4034177,40.0193978,1090 115.4034219,40.0194018,1090 115.4034281,40.0194041,1090 115.4034344,40.0194067,1090 115.4034510,40.0194095,1090 115.4034690,40.0194053,1090 115.4034870,40.0194011,1089 115.4035268,40.0193874,1089 115.4035275,40.0193872,1089 115.4035283,40.0193871,1089 115.4035326,40.0193958,1089 115.4035376,40.0194012,1089 115.4035426,40.0194066,1089 115.4035577,40.0194252,1089 115.4035621,40.0194389,1089 115.4035666,40.0194526,1089 115.4035714,40.0194683,1089 115.4035763,40.0194841,1089 115.4035812,40.0195026,1089 115.4035862,40.0195212,1089 115.4035906,40.0195434,1089 115.4035950,40.0195656,1089 115.4036006,40.0195903,1093 115.4036063,40.0196151,1093 115.4036131,40.0196405,1093 115.4036200,40.0196659,1093 115.4036271,40.0196908,1093 115.4036342,40.0197157,1093 115.4036417,40.0197407,1093 115.4036492,40.0197657,1093 115.4036549,40.0197910,1093 115.4036606,40.0198163,1093 115.4036655,40.0198413,1093 115.4036704,40.0198662,1094 115.4036757,40.0198914,1094 115.4036811,40.0199166,1094 115.4036868,40.0199419,1094 115.4036925,40.0199673,1094 115.4036985,40.0199916,1094 115.4037045,40.0200160,1094 115.4037108,40.0200403,1094 115.4037171,40.0200647,1094 115.4037213,40.0200887,1094 115.4037255,40.0201127,1094 115.4037296,40.0201372,1094 115.4037338,40.0201617,1105 115.4037372,40.0201869,1105 115.4037407,40.0202120,1105 115.4037442,40.0202375,1105 115.4037477,40.0202630,1105 115.4037525,40.0202878,1095 115.4037574,40.0203127,1095 115.4037638,40.0203368,1095 115.4037702,40.0203609,1095 115.4037752,40.0203853,1095 115.4037803,40.0204098,1095 115.4037842,40.0204346,1099 115.4037881,40.0204594,1099 115.4037923,40.0204839,1099 115.4037966,40.0205084,1099 115.4038008,40.0205326,1099 115.4038051,40.0205571,1099 115.4038094,40.0205818,1099 115.4038137,40.0206066,1099 115.4038174,40.0206317,1099 115.4038212,40.0206569,1099 115.4038256,40.0206820,1099 115.4038301,40.0207071,1099 115.4038352,40.0207320,1099 115.4038403,40.0207568,1099 115.4038463,40.0207817,1099 115.4038524,40.0208067,1099 115.4038570,40.0208332,1099 115.4038617,40.0208597,1099 115.4038644,40.0208866,1099 115.4038672,40.0209134,1099 115.4038673,40.0209395,1099 115.4038674,40.0209657,1099 115.4038631,40.0209916,1100 115.4038589,40.0210176,1100 115.4038523,40.0210437,1100 115.4038458,40.0210699,1100 115.4038371,40.0210956,1100 115.4038284,40.0211214,1100 115.4038169,40.0211458,1100 115.4038054,40.0211703,1100 115.4037896,40.0211937,1100 115.4037739,40.0212172,1100 115.4037556,40.0212404,1100 115.4037374,40.0212636,1104 115.4037195,40.0212869,1104 115.4037016,40.0213102,1104 115.4036838,40.0213326,1104 115.4036661,40.0213551,1104 115.4036482,40.0213767,1104 115.4036304,40.0213984,1104 115.4036118,40.0214197,1104 115.4035932,40.0214410,1104 115.4035730,40.0214624,1104 115.4035529,40.0214838,1104 115.4035320,40.0215042,1104 115.4035111,40.0215249,1104 115.4034908,40.0215458,1104 115.4034706,40.0215667,1108 115.4034518,40.0215873,1108 115.4034330,40.0216079,1108 115.4034146,40.0216292,1108 115.4033962,40.0216506,1108 115.4033778,40.0216721,1108 115.4033595,40.0216936,1108 115.4033409,40.0217143,1108 115.4033224,40.0217350,1108 115.4033049,40.0217551,1108 115.4032875,40.0217752,1108 115.4032717,40.0217933,1108 115.4032560,40.0218114,1108 115.4032422,40.0218263,1108 115.4032285,40.0218413,1108 115.4032167,40.0218542,1108 115.4032050,40.0218671,1108 115.4031938,40.0218794,1107 115.4031826,40.0218918,1107 115.4031720,40.0219045,1107 115.4031614,40.0219172,1107 115.4031517,40.0219308,1107 115.4031420,40.0219444,1107 115.4031322,40.0219581,1107 115.4031224,40.0219717,1107 115.4031125,40.0219852,1107 115.4031027,40.0219987,1107 115.4030931,40.0220122,1107 115.4030836,40.0220258,1107 115.4030739,40.0220399,1107 115.4030642,40.0220540,1107 115.4030552,40.0220678,1107 115.4030463,40.0220817,1107 115.4030390,40.0220946,1112 115.4030318,40.0221076,1112 115.4030237,40.0221192,1112 115.4030156,40.0221309,1112 115.4030063,40.0221439,1112 115.4029970,40.0221569,1112 115.4029883,40.0221714,1112 115.4029796,40.0221858,1112 115.4029730,40.0222002,1112 115.4029664,40.0222144,1112 115.4029569,40.0222271,1112 115.4029475,40.0222397,1112 115.4029334,40.0222519,1112 115.4029194,40.0222641,1112 115.4029059,40.0222775,1111 115.4028925,40.0222910,1111 115.4028818,40.0223043,1111 115.4028711,40.0223176,1111 115.4028613,40.0223292,1111 115.4028515,40.0223409,1111 115.4028415,40.0223524,1111 115.4028316,40.0223642,1112 115.4028235,40.0223768,1112 115.4028155,40.0223895,1112 115.4028105,40.0224013,1112 115.4028055,40.0224131,1112 115.4028021,40.0224247,1112 115.4027988,40.0224363,1112 115.4027942,40.0224475,1112 115.4027896,40.0224586,1112 115.4027850,40.0224701,1112 115.4027804,40.0224817,1112 115.4027764,40.0224947,1112 115.4027725,40.0225079,1112 115.4027695,40.0225229,1112 115.4027665,40.0225380,1112 115.4027624,40.0225546,1112 115.4027583,40.0225713,1112 115.4027521,40.0225898,1112 115.4027460,40.0226084,1112 115.4027365,40.0226290,1112 115.4027270,40.0226496,1113 115.4027145,40.0226710,1113 115.4027021,40.0226925,1113 115.4026892,40.0227139,1113 115.4026764,40.0227353,1113 115.4026641,40.0227572,1113 115.4026518,40.0227792,1113 115.4026390,40.0228019,1113 115.4026262,40.0228246,1120 115.4026131,40.0228478,1120 115.4026001,40.0228711,1120 115.4025880,40.0228945,1120 115.4025760,40.0229179,1117 115.4025649,40.0229409,1117 115.4025539,40.0229640,1117 115.4025427,40.0229862,1117 115.4025315,40.0230084,1117 115.4025201,40.0230298,1117 115.4025088,40.0230513,1117 115.4024961,40.0230721,1117 115.4024834,40.0230930,1117 115.4024704,40.0231147,1117 115.4024574,40.0231365,1117 115.4024440,40.0231601,1117 115.4024307,40.0231837,1117 115.4024180,40.0232073,1113 115.4024053,40.0232310,1113 115.4023919,40.0232541,1113 115.4023786,40.0232775,1113 115.4023658,40.0233008,1113 115.4023531,40.0233241,1119 115.4023404,40.0233471,1119 115.4023277,40.0233702,1119 115.4023142,40.0233920,1119 115.4023008,40.0234139,1119 115.4022863,40.0234355,1119 115.4022719,40.0234572,1119 115.4022573,40.0234787,1115 115.4022427,40.0235003,1115 115.4022267,40.0235215,1115 115.4022108,40.0235427,1115 115.4021931,40.0235645,1115 115.4021755,40.0235864,1115 115.4021579,40.0236092,1115 115.4021404,40.0236321,1115 115.4021249,40.0236551,1115 115.4021095,40.0236782,1115 115.4020951,40.0237008,1115 115.4020808,40.0237234,1122 115.4020648,40.0237454,1122 115.4020488,40.0237677,1124 115.4020331,40.0237894,1124 115.4020175,40.0238111,1124 115.4020025,40.0238326,1124 115.4019875,40.0238541,1124 115.4019723,40.0238761,1124 115.4019572,40.0238980,1124 115.4019422,40.0239193,1124 115.4019273,40.0239406,1124 115.4019118,40.0239617,1124 115.4018963,40.0239829,1124 115.4018816,40.0240053,1124 115.4018670,40.0240277,1124 115.4018532,40.0240506,1118 115.4018395,40.0240736,1118 115.4018248,40.0240970,1118 115.4018102,40.0241205,1118 115.4017921,40.0241452,1127 115.4017740,40.0241698,1127 115.4017571,40.0241933,1127 115.4017402,40.0242166,1127 115.4017270,40.0242379,1127 115.4017138,40.0242594,1127 115.4017022,40.0242789,1127 115.4016906,40.0242984,1127 115.4016809,40.0243184,1124 115.4016712,40.0243385,1124 115.4016636,40.0243601,1124 115.4016560,40.0243819,1124 115.4016483,40.0244041,1124 115.4016407,40.0244263,1124 115.4016340,40.0244474,1124 115.4016273,40.0244685,1124 115.4016202,40.0244906,1124 115.4016132,40.0245127,1124 115.4016039,40.0245356,1124 115.4015946,40.0245585,1124 115.4015836,40.0245811,1124 115.4015727,40.0246037,1125 115.4015617,40.0246270,1125 115.4015508,40.0246503,1125 115.4015391,40.0246740,1125 115.4015275,40.0246978,1132 115.4015150,40.0247212,1132 115.4015025,40.0247446,1132 115.4014913,40.0247673,1132 115.4014801,40.0247900,1132 115.4014712,40.0248113,1132 115.4014623,40.0248326,1132 115.4014531,40.0248520,1132 115.4014439,40.0248717,1127 115.4014339,40.0248889,1127 115.4014239,40.0249061,1127 115.4014147,40.0249209,1127 115.4014056,40.0249358,1127 115.4013989,40.0249497,1127 115.4013923,40.0249636,1127 115.4013871,40.0249774,1127 115.4013819,40.0249912,1127 115.4013793,40.0250055,1127 115.4013767,40.0250198,1127 115.4013758,40.0250338,1127 115.4013749,40.0250478,1127 115.4013714,40.0250614,1127 115.4013680,40.0250750,1127 115.4013621,40.0250882,1127 115.4013563,40.0251013,1127 115.4013507,40.0251135,1127 115.4013452,40.0251256,1127 115.4013420,40.0251382,1127 115.4013389,40.0251508,1130 115.4013364,40.0251642,1130 115.4013339,40.0251777,1130 115.4013313,40.0251916,1130 115.4013287,40.0252055,1130 115.4013248,40.0252202,1130 115.4013209,40.0252349,1130 115.4013166,40.0252502,1130 115.4013124,40.0252655,1130 115.4013092,40.0252801,1130 115.4013060,40.0252948,1130 115.4013017,40.0253090,1130 115.4012975,40.0253232,1130 115.4012932,40.0253377,1130 115.4012890,40.0253521,1130 115.4012839,40.0253658,1130 115.4012788,40.0253795,1130 115.4012743,40.0253927,1130 115.4012698,40.0254059,1130 115.4012663,40.0254199,1127 115.4012628,40.0254339,1127 115.4012577,40.0254487,1127 115.4012527,40.0254636,1127 115.4012447,40.0254793,1135 115.4012368,40.0254951,1135 115.4012283,40.0255115,1135 115.4012198,40.0255280,1135 115.4012114,40.0255441,1135 115.4012031,40.0255602,1135 115.4011966,40.0255752,1135 115.4011901,40.0255903,1135 115.4011822,40.0256052,1135 115.4011743,40.0256202,1135 115.4011655,40.0256358,1135 115.4011567,40.0256515,1135 115.4011518,40.0256684,1135 115.4011470,40.0256854,1135 115.4011444,40.0257024,1141 115.4011419,40.0257195,1141 115.4011383,40.0257365,1141 115.4011347,40.0257536,1141 115.4011304,40.0257701,1141 115.4011261,40.0257867,1141 115.4011225,40.0258019,1141 115.4011190,40.0258172,1141 115.4011152,40.0258318,1141 115.4011114,40.0258465,1141 115.4011058,40.0258604,1141 115.4011002,40.0258743,1141 115.4010934,40.0258876,1141 115.4010866,40.0259009,1141 115.4010801,40.0259145,1141 115.4010737,40.0259282,1141 115.4010678,40.0259418,1141 115.4010619,40.0259555,1141 115.4010557,40.0259685,1141 115.4010496,40.0259815,1133 115.4010414,40.0259935,1133 115.4010333,40.0260056,1133 115.4010237,40.0260181,1133 115.4010141,40.0260306,1133 115.4010042,40.0260439,1133 115.4009944,40.0260573,1133 115.4009841,40.0260698,1133 115.4009738,40.0260823,1133 115.4009625,40.0260944,1142 115.4009513,40.0261066,1142 115.4009400,40.0261188,1142 115.4009288,40.0261310,1142 115.4009169,40.0261432,1142 115.4009050,40.0261555,1142 115.4008927,40.0261680,1142 115.4008805,40.0261805,1142 115.4008661,40.0261944,1142 115.4008517,40.0262084,1142 115.4008334,40.0262241,1142 115.4008152,40.0262399,1142 115.4007950,40.0262567,1132 115.4007748,40.0262736,1132 115.4007549,40.0262905,1132 115.4007351,40.0263074,1132 115.4007148,40.0263252,1132 115.4006945,40.0263430,1132 115.4006717,40.0263611,1142 115.4006490,40.0263793,1142 115.4006263,40.0263976,1142 115.4006037,40.0264159,1142 115.4005816,40.0264355,1142 115.4005595,40.0264551,1142 115.4005378,40.0264739,1142 115.4005161,40.0264927,1142 115.4004949,40.0265105,1142 115.4004737,40.0265283,1129 115.4004515,40.0265457,1129 115.4004293,40.0265630,1129 115.4004072,40.0265803,1140 115.4003831,40.0265975,1140 115.4003590,40.0266147,1140 115.4003354,40.0266316,1140 115.4003119,40.0266485,1140 115.4002897,40.0266663,1140 115.4002676,40.0266841,1140 115.4002462,40.0267019,1140 115.4002249,40.0267197,1140 115.4002041,40.0267373,1140 115.4001833,40.0267549,1140 115.4001626,40.0267732,1140 115.4001419,40.0267915,1140 115.4001219,40.0268105,1140 115.4001020,40.0268295,1140 115.4000825,40.0268481,1140 115.4000630,40.0268667,1140 115.4000443,40.0268856,1140 115.4000257,40.0269045,1140 115.4000070,40.0269233,1140 115.3999883,40.0269422,1140 115.3999696,40.0269617,1140 115.3999509,40.0269812,1140 115.3999331,40.0270009,1140 115.3999154,40.0270207,1140 115.3999000,40.0270412,1140 115.3998846,40.0270618,1140 115.3998711,40.0270829,1140 115.3998576,40.0271040,1139 115.3998446,40.0271253,1139 115.3998317,40.0271466,1139 115.3998186,40.0271687,1139 115.3998056,40.0271909,1139 115.3997895,40.0272139,1139 115.3997734,40.0272369,1139 115.3997537,40.0272607,1139 115.3997341,40.0272845,1139 115.3997159,40.0273090,1139 115.3996978,40.0273335,1139 115.3996796,40.0273581,1139 115.3996615,40.0273826,1136 115.3996451,40.0274051,1136 115.3996287,40.0274276,1136 115.3996117,40.0274510,1136 115.3995947,40.0274744,1136 115.3995808,40.0274979,1140 115.3995670,40.0275215,1140 115.3995527,40.0275433,1140 115.3995384,40.0275650,1140 115.3995237,40.0275858,1140 115.3995091,40.0276065,1140 115.3994948,40.0276282,1140 115.3994806,40.0276499,1139 115.3994663,40.0276728,1139 115.3994520,40.0276957,1139 115.3994372,40.0277182,1139 115.3994225,40.0277410,1139 115.3994063,40.0277640,1139 115.3993902,40.0277871,1139 115.3993730,40.0278110,1139 115.3993559,40.0278349,1139 115.3993391,40.0278590,1139 115.3993224,40.0278832,1139 115.3993057,40.0279071,1139 115.3992890,40.0279311,1140 115.3992705,40.0279545,1140 115.3992520,40.0279779,1140 115.3992306,40.0280000,1140 115.3992092,40.0280221,1140 115.3991858,40.0280429,1140 115.3991625,40.0280640,1140 115.3991388,40.0280838,1140 115.3991152,40.0281037,1140 115.3990923,40.0281236,1140 115.3990694,40.0281436,1140 115.3990446,40.0281636,1140 115.3990198,40.0281837,1143 115.3989937,40.0282022,1144 115.3989677,40.0282207,1144 115.3989415,40.0282376,1144 115.3989154,40.0282545,1144 115.3988894,40.0282699,1144 115.3988634,40.0282853,1144 115.3988368,40.0282989,1144 115.3988103,40.0283128,1144 115.3987837,40.0283260,1144 115.3987572,40.0283393,1144 115.3987315,40.0283526,1145 115.3987058,40.0283659,1145 115.3986799,40.0283779,1145 115.3986540,40.0283899,1145 115.3986274,40.0284007,1145 115.3986008,40.0284115,1145 115.3985728,40.0284223,1145 115.3985449,40.0284332,1145 115.3985162,40.0284451,1145 115.3984875,40.0284571,1145 115.3984584,40.0284690,1147 115.3984293,40.0284810,1150 115.3984004,40.0284927,1150 115.3983716,40.0285044,1150 115.3983426,40.0285155,1150 115.3983137,40.0285267,1150 115.3982851,40.0285372,1150 115.3982566,40.0285478,1150 115.3982287,40.0285572,1150 115.3982008,40.0285667,1150 115.3981728,40.0285752,1151 115.3981448,40.0285838,1151 115.3981158,40.0285919,1151 115.3980868,40.0286001,1151 115.3980575,40.0286075,1151 115.3980283,40.0286150,1151 115.3979991,40.0286215,1151 115.3979699,40.0286281,1151 115.3979411,40.0286342,1151 115.3979123,40.0286403,1153 115.3978854,40.0286465,1153 115.3978585,40.0286527,1153 115.3978340,40.0286581,1153 115.3978096,40.0286635,1153 115.3977862,40.0286673,1153 115.3977629,40.0286712,1153 115.3977417,40.0286746,1153 115.3977205,40.0286780,1153 115.3977006,40.0286819,1153 115.3976808,40.0286858,1153 115.3976624,40.0286897,1153 115.3976441,40.0286937,1153 115.3976260,40.0286965,1155 115.3976080,40.0286993,1155 115.3975901,40.0287016,1155 115.3975722,40.0287038,1155 115.3975545,40.0287056,1155 115.3975368,40.0287073,1155 115.3975194,40.0287085,1155 115.3975021,40.0287097,1155 115.3974865,40.0287110,1155 115.3974709,40.0287123,1155 115.3974552,40.0287141,1155 115.3974395,40.0287159,1155 115.3974230,40.0287189,1155 115.3974065,40.0287219,1155 115.3973887,40.0287239,1155 115.3973709,40.0287261,1155 115.3973517,40.0287267,1157 115.3973325,40.0287274,1157 115.3973135,40.0287284,1157 115.3972945,40.0287295,1157 115.3972752,40.0287315,1157 115.3972559,40.0287335,1157 115.3972358,40.0287351,1157 115.3972157,40.0287368,1157 115.3971973,40.0287394,1157 115.3971790,40.0287421,1157 115.3971627,40.0287488,1157 115.3971465,40.0287555,1153 115.3971324,40.0287673,1153 115.3971183,40.0287790,1153 115.3971042,40.0287906,1153 115.3970901,40.0288023,1153 115.3970742,40.0288089,1156 115.3970583,40.0288155,1156 115.3970417,40.0288187,1156 115.3970252,40.0288218,1156 115.3970104,40.0288236,1156 115.3969957,40.0288253,1156 115.3969783,40.0288260,1156 115.3969610,40.0288267,1156 115.3969367,40.0288274,1156 115.3969125,40.0288281,1156 115.3968821,40.0288299,1156 115.3968517,40.0288318,1156 115.3968208,40.0288353,1156 115.3967900,40.0288388,1156 115.3967606,40.0288442,1156 115.3967312,40.0288497,1156 115.3967016,40.0288538,1156 115.3966721,40.0288579,1156 115.3966405,40.0288603,1156 115.3966090,40.0288628,1156 115.3965760,40.0288644,1156 115.3965431,40.0288660,1156 115.3965107,40.0288671,1157 115.3964783,40.0288682,1157 115.3964476,40.0288690,1157 115.3964169,40.0288698,1157 115.3963865,40.0288702,1157 115.3963561,40.0288707,1157 115.3963270,40.0288704,1157 115.3962979,40.0288702,1157 115.3962693,40.0288704,1157 115.3962407,40.0288709,1161 115.3962100,40.0288729,1161 115.3961794,40.0288749,1161 115.3961477,40.0288779,1161 115.3961160,40.0288809,1161 115.3960855,40.0288840,1161 115.3960551,40.0288871,1161 115.3960248,40.0288915,1161 115.3959946,40.0288960,1161 115.3959656,40.0289038,1165 115.3959366,40.0289116,1165 115.3959084,40.0289213,1165 115.3958802,40.0289310,1165 115.3958528,40.0289413,1165 115.3958254,40.0289517,1165 115.3957982,40.0289623,1165 115.3957710,40.0289729,1165 115.3957441,40.0289846,1165 115.3957172,40.0289963,1165 115.3956895,40.0290090,1172 115.3956619,40.0290218,1172 115.3956341,40.0290358,1163 115.3956063,40.0290498,1163 115.3955796,40.0290640,1163 115.3955529,40.0290781,1163 115.3955275,40.0290914,1163 115.3955022,40.0291047,1163 115.3954782,40.0291189,1163 115.3954543,40.0291331,1163 115.3954302,40.0291479,1163 115.3954061,40.0291627,1168 115.3953801,40.0291784,1168 115.3953542,40.0291942,1168 115.3953279,40.0292103,1168 115.3953017,40.0292267,1168 115.3952757,40.0292424,1168 115.3952498,40.0292581,1168 115.3952227,40.0292726,1168 115.3951957,40.0292872,1168 115.3951698,40.0293014,1168 115.3951439,40.0293157,1159 115.3951166,40.0293286,1163 115.3950893,40.0293416,1163 115.3950601,40.0293544,1163 115.3950309,40.0293672,1163 115.3950013,40.0293792,1163 115.3949717,40.0293912,1163 115.3949434,40.0294033,1163 115.3949152,40.0294154,1163 115.3948886,40.0294269,1163 115.3948621,40.0294385,1163 115.3948342,40.0294499,1167 115.3948064,40.0294613,1167 115.3947767,40.0294741,1167 115.3947471,40.0294870,1167 115.3947163,40.0294991,1167 115.3946855,40.0295115,1167 115.3946550,40.0295228,1167 115.3946245,40.0295341,1167 115.3945948,40.0295454,1167 115.3945652,40.0295567,1173 115.3945363,40.0295687,1173 115.3945074,40.0295806,1173 115.3944799,40.0295932,1164 115.3944524,40.0296057,1164 115.3944250,40.0296191,1164 115.3943977,40.0296325,1164 115.3943722,40.0296458,1164 115.3943467,40.0296591,1164 115.3943233,40.0296727,1164 115.3943000,40.0296864,1168 115.3942795,40.0297013,1168 115.3942591,40.0297162,1168 115.3942401,40.0297331,1168 115.3942211,40.0297499,1168 115.3942008,40.0297708,1168 115.3941806,40.0297918,1168 115.3941617,40.0298147,1168 115.3941429,40.0298378,1168 115.3941250,40.0298599,1168 115.3941071,40.0298819,1160 115.3940892,40.0299039,1160 115.3940726,40.0299249,1160 115.3940561,40.0299460,1160 115.3940419,40.0299663,1160 115.3940278,40.0299867,1160 115.3940159,40.0300080,1162 115.3940041,40.0300293,1162 115.3939906,40.0300514,1162 115.3939772,40.0300735,1162 115.3939602,40.0300962,1162 115.3939433,40.0301189,1162 115.3939229,40.0301403,1164 115.3939025,40.0301618,1164 115.3938794,40.0301823,1164 115.3938564,40.0302028,1164 115.3938314,40.0302212,1164 115.3938065,40.0302397,1164 115.3937817,40.0302567,1164 115.3937569,40.0302740,1164 115.3937309,40.0302892,1170 115.3937049,40.0303045,1170 115.3936762,40.0303165,1170 115.3936476,40.0303285,1170 115.3936177,40.0303380,1170 115.3935879,40.0303476,1170 115.3935580,40.0303550,1170 115.3935282,40.0303625,1170 115.3934983,40.0303678,1170 115.3934684,40.0303731,1171 115.3934379,40.0303761,1171 115.3934074,40.0303792,1171 115.3933759,40.0303805,1171 115.3933445,40.0303818,1171 115.3933136,40.0303820,1171 115.3932827,40.0303823,1171 115.3932517,40.0303821,1171 115.3932208,40.0303819,1171 115.3931897,40.0303809,1174 115.3931586,40.0303799,1174 115.3931272,40.0303777,1174 115.3930959,40.0303757,1174 115.3930635,40.0303740,1174 115.3930312,40.0303724,1174 115.3930001,40.0303731,1174 115.3929691,40.0303738,1174 115.3929368,40.0303761,1174 115.3929046,40.0303783,1176 115.3928745,40.0303823,1176 115.3928444,40.0303863,1176 115.3928153,40.0303905,1176 115.3927862,40.0303950,1176 115.3927591,40.0303981,1176 115.3927320,40.0304013,1176 115.3927077,40.0304031,1176 115.3926835,40.0304050,1176 115.3926592,40.0304068,1176 115.3926350,40.0304087,1175 115.3926083,40.0304115,1175 115.3925816,40.0304144,1175 115.3925491,40.0304183,1173 115.3925166,40.0304223,1173 115.3924818,40.0304278,1173 115.3924471,40.0304333,1173 115.3924136,40.0304419,1173 115.3923801,40.0304505,1173 115.3923500,40.0304614,1174 115.3923199,40.0304724,1174 115.3922915,40.0304808,1174 115.3922632,40.0304892,1174 115.3922352,40.0304962,1174 115.3922073,40.0305032,1174 115.3921792,40.0305112,1174 115.3921512,40.0305193,1174 115.3921216,40.0305285,1174 115.3920920,40.0305379,1174 115.3920631,40.0305469,1176 115.3920343,40.0305559,1176 115.3920039,40.0305653,1176 115.3919735,40.0305747,1176 115.3919406,40.0305845,1176 115.3919078,40.0305944,1176 115.3918722,40.0306025,1176 115.3918367,40.0306106,1176 115.3918044,40.0306175,1180 115.3917721,40.0306244,1180 115.3917471,40.0306284,1180 115.3917222,40.0306324,1180 115.3917028,40.0306286,1180 115.3915033,40.0307369,1184 115.3909735,40.0319641,1194 115.3909735,40.0319641,1194 115.3905108,40.0332230,1190 115.3905108,40.0332230,1190 115.3903994,40.0343186,1217 115.3903994,40.0343186,1217 115.3904449,40.0348720,1206 115.3904449,40.0348720,1206 115.3902464,40.0357622,1234 115.3902464,40.0357622,1234 115.3905037,40.0367560,1251 115.3905037,40.0367560,1251 115.3904553,40.0374809,1239 115.3904553,40.0374809,1239 115.3903386,40.0381083,1231 115.3903386,40.0381083,1231 115.3906039,40.0389624,1234 115.3906039,40.0389624,1234 115.3908116,40.0398669,1247 115.3908116,40.0398669,1247 115.3907016,40.0404141,1251 115.3907016,40.0404141,1251 115.3905674,40.0410455,1260 115.3905674,40.0410455,1260 115.3901545,40.0411021,1265 115.3901545,40.0411021,1265 115.3900835,40.0403003,1260 115.3900835,40.0403003,1260 115.3897820,40.0396382,1277 115.3897820,40.0396382,1277 115.3893638,40.0390798,1260 115.3893638,40.0390798,1260 115.3883086,40.0395534,1266 115.3883086,40.0395534,1266 115.3872441,40.0404870,1287 115.3872441,40.0404870,1287 115.3863138,40.0405880,1284 115.3863138,40.0405880,1284 115.3852120,40.0411151,1300 115.3852120,40.0411151,1300 115.3846958,40.0425321,1303 115.3846958,40.0425321,1303 115.3843927,40.0441831,1326 115.3843927,40.0441831,1326 115.3839489,40.0451884,1335 115.3839489,40.0451884,1335 115.3827626,40.0468243,1359 115.3827626,40.0468243,1359 115.3815913,40.0470827,1360 115.3815913,40.0470827,1360 115.3808744,40.0471755,1376 115.3797917,40.0469535,1394 115.3792677,40.0472823,1397 115.3788388,40.0482250,1375 115.3788690,40.0482247,1375 115.3788617,40.0482338,1375 115.3788544,40.0482430,1375 115.3788491,40.0482521,1375 115.3788439,40.0482612,1375 115.3788376,40.0482751,1375 115.3788314,40.0482889,1375 115.3788231,40.0483079,1375 115.3788149,40.0483269,1375 115.3788065,40.0483481,1375 115.3787981,40.0483693,1375 115.3787899,40.0483909,1375 115.3787817,40.0484125,1375 115.3787726,40.0484344,1375 115.3787636,40.0484564,1375 115.3787529,40.0484790,1372 115.3787423,40.0485017,1374 115.3787287,40.0485244,1374 115.3787151,40.0485472,1374 115.3786968,40.0485682,1374 115.3786785,40.0485893,1374 115.3786561,40.0486064,1374 115.3786337,40.0486235,1374 115.3786082,40.0486359,1374 115.3785828,40.0486483,1374 115.3785539,40.0486570,1374 115.3785250,40.0486657,1374 115.3784953,40.0486734,1374 115.3784657,40.0486811,1376 115.3784384,40.0486930,1376 115.3784112,40.0487050,1376 115.3783852,40.0487218,1376 115.3783592,40.0487388,1376 115.3783339,40.0487546,1377 115.3783087,40.0487704,1377 115.3782843,40.0487765,1377 115.3782600,40.0487826,1377 115.3782356,40.0487784,1377 115.3782113,40.0487743,1377 115.3781874,40.0487664,1375 115.3781636,40.0487586,1375 115.3781381,40.0487483,1377 115.3781126,40.0487381,1377 115.3780841,40.0487252,1377 115.3780556,40.0487124,1377 115.3780294,40.0486979,1377 115.3780032,40.0486835,1377 115.3779836,40.0486713,1377 115.3779641,40.0486591,1377 115.3779467,40.0486503,1377 115.3779294,40.0486415,1377 115.3779065,40.0486352,1374 115.3778837,40.0486290,1374 115.3778544,40.0486204,1374 115.3778251,40.0486118,1374 115.3777942,40.0485981,1374 115.3777633,40.0485844,1374 115.3777340,40.0485681,1374 115.3777047,40.0485518,1374 115.3776773,40.0485349,1374 115.3776499,40.0485181,1374 115.3776233,40.0485011,1372 115.3775968,40.0484842,1372 115.3775706,40.0484652,1378 115.3775445,40.0484464,1378 115.3775190,40.0484213,1378 115.3774936,40.0483963,1378 115.3774689,40.0483673,1378 115.3774443,40.0483384,1378 115.3774225,40.0483108,1378 115.3774008,40.0482833,1378 115.3773824,40.0482575,1378 115.3773640,40.0482317,1378 115.3773474,40.0482072,1375 115.3773308,40.0481827,1382 115.3773166,40.0481581,1382 115.3773024,40.0481335,1382 115.3772911,40.0481095,1382 115.3772799,40.0480858,1382 115.3772656,40.0480654,1382 115.3772513,40.0480450,1382 115.3772290,40.0480283,1382 115.3772068,40.0480116,1382 115.3771791,40.0479964,1382 115.3771514,40.0479812,1382 115.3771239,40.0479663,1382 115.3770964,40.0479514,1382 115.3770684,40.0479378,1380 115.3770404,40.0479242,1380 115.3770092,40.0479115,1392 115.3769781,40.0478988,1392 115.3769479,40.0478858,1392 115.3769178,40.0478728,1392 115.3768914,40.0478580,1392 115.3768651,40.0478432,1392 115.3768414,40.0478253,1392 115.3768177,40.0478073,1392 115.3767951,40.0477868,1393 115.3767725,40.0477664,1393 115.3767492,40.0477440,1393 115.3767260,40.0477216,1393 115.3767033,40.0476988,1393 115.3766806,40.0476759,1393 115.3766550,40.0476560,1393 115.3766295,40.0476361,1404 115.3765973,40.0476217,1404 115.3765651,40.0476073,1404 115.3765302,40.0476008,1404 115.3764954,40.0475944,1406 115.3764617,40.0476000,1406 115.3764280,40.0476056,1406 115.3764003,40.0476245,1406 115.3763727,40.0476434,1395 115.3763502,40.0476703,1395 115.3763278,40.0476972,1395 115.3763064,40.0477266,1395 115.3762851,40.0477561,1395 115.3762595,40.0477844,1395 115.3762339,40.0478127,1401 115.3762014,40.0478351,1401 115.3761690,40.0478575,1401 115.3761282,40.0478683,1401 115.3760874,40.0478791,1401 115.3760452,40.0478794,1401 115.3760030,40.0478797,1401 115.3759667,40.0478733,1409 115.3759305,40.0478669,1409 115.3759010,40.0478571,1409 115.3758716,40.0478473,1409 115.3758430,40.0478370,1409 115.3758144,40.0478267,1409 115.3757822,40.0478195,1409 115.3757501,40.0478126,1409 115.3757196,40.0478134,1409 115.3756891,40.0478144,1413 115.3756630,40.0478259,1413 115.3756369,40.0478375,1413 115.3756153,40.0478569,1413 115.3755937,40.0478764,1413 115.3755749,40.0478969,1413 115.3755562,40.0479174,1407 115.3755394,40.0479360,1407 115.3755227,40.0479546,1407 115.3755088,40.0479720,1407 115.3754950,40.0479895,1407 115.3754857,40.0480085,1407 115.3754765,40.0480276,1407 115.3754715,40.0480495,1407 115.3754665,40.0480715,1407 115.3754642,40.0480966,1407 115.3754620,40.0481217,1407 115.3754606,40.0481489,1407 115.3754593,40.0481761,1407 115.3754554,40.0482056,1401 115.3754515,40.0482354,1401 115.3754479,40.0482688,1401 115.3754443,40.0483022,1401 115.3754431,40.0483369,1401 115.3754420,40.0483719,1401 115.3754442,40.0484052,1401 115.3754464,40.0484385,1401 115.3754538,40.0484691,1401 115.3754613,40.0484998,1401 115.3754712,40.0485302,1401 115.3754812,40.0485606,1401 115.3754904,40.0485916,1401 115.3754997,40.0486226,1401 115.3755044,40.0486528,1401 115.3755091,40.0486829,1401 115.3755055,40.0487107,1401 115.3755020,40.0487384,1401 115.3754925,40.0487624,1397 115.3754830,40.0487865,1397 115.3754736,40.0488073,1397 115.3754642,40.0488281,1397 115.3754580,40.0488466,1397 115.3754518,40.0488651,1397 115.3754464,40.0488832,1397 115.3754410,40.0489013,1397 115.3754371,40.0489194,1397 115.3754333,40.0489378,1397 115.3754311,40.0489552,1397 115.3754289,40.0489727,1397 115.3754280,40.0489890,1397 115.3754271,40.0490054,1397 115.3754257,40.0490219,1397 115.3754244,40.0490385,1398 115.3754230,40.0490556,1398 115.3754216,40.0490728,1398 115.3754238,40.0490941,1398 115.3754260,40.0491154,1398 115.3754297,40.0491404,1398 115.3754334,40.0491655,1398 115.3754350,40.0491904,1398 115.3754367,40.0492154,1398 115.3754347,40.0492386,1398 115.3754327,40.0492619,1398 115.3754285,40.0492822,1398 115.3754243,40.0493026,1398 115.3754203,40.0493195,1396 115.3754164,40.0493367,1396 115.3754141,40.0493514,1396 115.3754119,40.0493662,1396 115.3754117,40.0493812,1396 115.3754115,40.0493961,1396 115.3754154,40.0494125,1396 115.3754194,40.0494288,1396 115.3754271,40.0494464,1396 115.3754349,40.0494640,1396 115.3754413,40.0494805,1396 115.3754478,40.0494970,1396 115.3754513,40.0495116,1396 115.3754548,40.0495264,1396 115.3754589,40.0495390,1396 115.3754630,40.0495519,1396 115.3754709,40.0495627,1396 115.3754788,40.0495735,1396 115.3754892,40.0495831,1396 115.3754996,40.0495927,1397 115.3755066,40.0496028,1397 115.3755137,40.0496131,1397 115.3755167,40.0496243,1397 115.3755198,40.0496355,1397 115.3755200,40.0496472,1397 115.3755203,40.0496592,1397 115.3755118,40.0496696,1397 115.3755034,40.0496801,1397 115.3754834,40.0496858,1397 115.3754635,40.0496916,1397 115.3754421,40.0496884,1397 115.3754208,40.0496853,1397 115.3754054,40.0496755,1393 115.3753901,40.0496657,1393 115.3753805,40.0496533,1393 115.3753710,40.0496410,1393 115.3753656,40.0496281,1393 115.3753602,40.0496153,1393 115.3753589,40.0496031,1393 115.3753576,40.0495910,1393 115.3753567,40.0495802,1396 115.3753559,40.0495694,1396 115.3753533,40.0495590,1396 115.3753508,40.0495486,1396 115.3753482,40.0495366,1396 115.3753456,40.0495247,1396 115.3753441,40.0495101,1396 115.3753426,40.0494955,1396 115.3753399,40.0494761,1396 115.3753373,40.0494567,1396 115.3753322,40.0494331,1396 115.3753271,40.0494096,1396 115.3753238,40.0493844,1396 115.3753205,40.0493592,1396 115.3753190,40.0493376,1396 115.3753175,40.0493161,1396 115.3753147,40.0492994,1401 115.3753120,40.0492828,1401 115.3753085,40.0492641,1401 115.3753050,40.0492453,1401 115.3753028,40.0492181,1401 115.3753007,40.0491909,1401 115.3753000,40.0491591,1401 115.3752993,40.0491273,1401 115.3752979,40.0490957,1401 115.3752966,40.0490641,1401 115.3752952,40.0490341,1401 115.3752939,40.0490042,1400 115.3752930,40.0489759,1400 115.3752922,40.0489477,1400 115.3752918,40.0489206,1400 115.3752915,40.0488938,1400 115.3752904,40.0488677,1400 115.3752894,40.0488416,1400 115.3752881,40.0488174,1400 115.3752868,40.0487932,1400 115.3752850,40.0487695,1400 115.3752832,40.0487458,1403 115.3752787,40.0487224,1403 115.3752743,40.0486992,1403 115.3752677,40.0486772,1403 115.3752612,40.0486552,1403 115.3752544,40.0486346,1403 115.3752477,40.0486140,1403 115.3752417,40.0485932,1403 115.3752358,40.0485724,1403 115.3752285,40.0485499,1403 115.3752212,40.0485275,1403 115.3752123,40.0485048,1403 115.3752034,40.0484822,1403 115.3751957,40.0484592,1405 115.3751880,40.0484363,1405 115.3751795,40.0484135,1405 115.3751710,40.0483908,1405 115.3751607,40.0483706,1405 115.3751504,40.0483503,1405 115.3751385,40.0483347,1407 115.3751266,40.0483191,1407 115.3751153,40.0483063,1407 115.3751040,40.0482936,1407 115.3751012,40.0482767,1407 115.3750984,40.0482597,1407 115.3751027,40.0482363,1407 115.3751070,40.0482129,1407 115.3751086,40.0481871,1418 115.3751103,40.0481612,1418 115.3751085,40.0481364,1418 115.3751067,40.0481116,1418 115.3751037,40.0480891,1418 115.3751008,40.0480667,1418 115.3750976,40.0480487,1418 115.3750945,40.0480309,1418 115.3750892,40.0480173,1418 115.3750840,40.0480037,1418 115.3750782,40.0479919,1418 115.3750724,40.0479800,1418 115.3750703,40.0479698,1418 115.3750683,40.0479596,1418 115.3750677,40.0479499,1418 115.3750672,40.0479402,1418 115.3750666,40.0479295,1418 115.3750661,40.0479188,1418 115.3750625,40.0479068,1421 115.3750590,40.0478948,1421 115.3750478,40.0478831,1421 115.3750367,40.0478715,1421 115.3750177,40.0478596,1421 115.3749987,40.0478478,1421 115.3749768,40.0478324,1421 115.3749549,40.0478170,1421 115.3749315,40.0477978,1421 115.3749082,40.0477786,1421 115.3748852,40.0477559,1421 115.3748623,40.0477333,1421 115.3748401,40.0477094,1423 115.3748179,40.0476856,1423 115.3747955,40.0476625,1423 115.3747732,40.0476395,1423 115.3747533,40.0476179,1427 115.3747335,40.0475964,1427 115.3747186,40.0475781,1427 115.3747038,40.0475600,1427 115.3746938,40.0475451,1427 115.3746839,40.0475302,1427 115.3746766,40.0475161,1427 115.3746694,40.0475023,1427 115.3746633,40.0474880,1427 115.3746572,40.0474737,1427 115.3746519,40.0474592,1427 115.3746467,40.0474448,1427 115.3746415,40.0474310,1427 115.3746364,40.0474173,1427 115.3746303,40.0474047,1427 115.3746243,40.0473921,1427 115.3746156,40.0473817,1427 115.3746070,40.0473714,1427 115.3745937,40.0473636,1427 115.3745805,40.0473558,1426 115.3745657,40.0473488,1426 115.3745509,40.0473418,1426 115.3745373,40.0473332,1426 115.3745238,40.0473246,1426 115.3745098,40.0473162,1426 115.3744958,40.0473079,1426 115.3744803,40.0473019,1426 115.3744649,40.0472959,1426 115.3744496,40.0472896,1426 115.3744343,40.0472832,1426 115.3744213,40.0472774,1426 115.3744083,40.0472716,1426 115.3743993,40.0472677,1426 115.3743903,40.0472638,1426 115.3743874,40.0472620,1426 115.3743846,40.0472603,1426 115.3743818,40.0472586,1426 115.3743715,40.0472522,1426 115.3743613,40.0472459,1426 115.3743468,40.0472382,1426 115.3743324,40.0472306,1426 115.3743144,40.0472218,1426 115.3742964,40.0472132,1424 115.3742773,40.0472048,1424 115.3742583,40.0471965,1424 115.3742406,40.0471890,1424 115.3742230,40.0471816,1424 115.3742072,40.0471742,1424 115.3741914,40.0471669,1424 115.3741792,40.0471579,1424 115.3741671,40.0471490,1424 115.3741583,40.0471385,1424 115.3741496,40.0471281,1424 115.3741400,40.0471180,1424 115.3741304,40.0471080,1424 115.3741192,40.0470986,1424 115.3741080,40.0470892,1424 115.3740965,40.0470789,1422 115.3740851,40.0470689,1422 115.3740718,40.0470558,1422 115.3740585,40.0470430,1422 115.3740403,40.0470258,1422 115.3740222,40.0470086,1419 115.3739963,40.0469891,1419 115.3739704,40.0469696,1419 115.3739432,40.0469479,1419 115.3739161,40.0469262,1419 115.3738891,40.0469023,1419 115.3738621,40.0468784,1419 115.3738341,40.0468545,1419 115.3738061,40.0468307,1419 115.3737827,40.0468078,1419 115.3737593,40.0467850,1420 115.3737417,40.0467651,1419 115.3737241,40.0467451,1419 115.3737108,40.0467281,1419 115.3736976,40.0467111,1419 115.3736862,40.0466942,1419 115.3736749,40.0466774,1419 115.3736642,40.0466582,1419 115.3736535,40.0466391,1419 115.3736442,40.0466181,1419 115.3736350,40.0465971,1419 115.3736276,40.0465764,1419 115.3736202,40.0465557,1419 115.3736154,40.0465353,1419 115.3736107,40.0465150,1423 115.3736105,40.0464958,1423 115.3736103,40.0464766,1423 115.3736118,40.0464604,1423 115.3736133,40.0464443,1423 115.3736166,40.0464323,1423 115.3736199,40.0464203,1423 115.3736236,40.0464082,1423 115.3736273,40.0463961,1423 115.3736360,40.0463820,1423 115.3736448,40.0463679,1423 115.3736532,40.0463530,1423 115.3736617,40.0463382,1423 115.3736615,40.0463242,1423 115.3736614,40.0463103,1423 115.3736563,40.0462984,1423 115.3736512,40.0462866,1423 115.3736444,40.0462761,1423 115.3736376,40.0462656,1423 115.3736292,40.0462562,1423 115.3736209,40.0462468,1428 115.3736117,40.0462368,1428 115.3736025,40.0462268,1428 115.3735943,40.0462160,1428 115.3735862,40.0462052,1428 115.3735781,40.0461937,1428 115.3735700,40.0461821,1428 115.3735605,40.0461705,1428 115.3735510,40.0461589,1428 115.3735398,40.0461476,1428 115.3735286,40.0461364,1428 115.3735184,40.0461257,1428 115.3735083,40.0461151,1428 115.3735024,40.0461041,1428 115.3734966,40.0460931,1428 115.3734947,40.0460818,1428 115.3734928,40.0460705,1428 115.3734891,40.0460598,1428 115.3734854,40.0460492,1428 115.3734771,40.0460389,1428 115.3734689,40.0460287,1429 115.3734586,40.0460198,1429 115.3734484,40.0460110,1429 115.3734372,40.0460035,1429 115.3734260,40.0459961,1429 115.3734174,40.0459883,1429 115.3734088,40.0459805,1429 115.3734037,40.0459716,1433 115.3733987,40.0459626,1433 115.3733960,40.0459528,1433 115.3733934,40.0459430,1433 115.3733910,40.0459328,1433 115.3733887,40.0459228,1433 115.3733844,40.0459131,1433 115.3733802,40.0459035,1433 115.3733749,40.0458942,1433 115.3733697,40.0458849,1433 115.3733642,40.0458750,1433 115.3733587,40.0458652,1433 115.3733506,40.0458556,1433 115.3733426,40.0458460,1433 115.3733307,40.0458363,1433 115.3733188,40.0458266,1433 115.3733028,40.0458171,1433 115.3732869,40.0458076,1433 115.3732673,40.0458005,1433 115.3732477,40.0457935,1433 115.3732234,40.0457928,1433 115.3731992,40.0457921,1433 115.3731715,40.0457914,1438 115.3731438,40.0457908,1438 115.3731145,40.0457844,1438 115.3730852,40.0457780,1438 115.3730570,40.0457691,1438 115.3730289,40.0457601,1438 115.3730055,40.0457470,1438 115.3729821,40.0457339,1438 115.3729655,40.0457174,1438 115.3729490,40.0457009,1438 115.3729387,40.0456851,1437 115.3729284,40.0456694,1437 115.3729205,40.0456581,1437 115.3729126,40.0456469,1446 115.3729004,40.0456389,1446 115.3728882,40.0456310,1446 115.3728711,40.0456249,1446 115.3728540,40.0456189,1446 115.3728393,40.0456112,1446 115.3728247,40.0456035,1446 115.3728117,40.0455946,1446 115.3727988,40.0455856,1446 115.3727828,40.0455767,1446 115.3727668,40.0455677,1446 115.3727491,40.0455565,1446 115.3727314,40.0455453,1446 115.3727157,40.0455333,1446 115.3727001,40.0455216,1446 115.3726876,40.0455096,1446 115.3726751,40.0454976,1446 115.3726630,40.0454868,1446 115.3726510,40.0454761,1446 115.3726412,40.0454674,1446 115.3726314,40.0454587,1449 115.3726214,40.0454511,1449 115.3726114,40.0454436,1449 115.3725975,40.0454391,1449 115.3725837,40.0454346,1449 115.3725680,40.0454354,1449 115.3725523,40.0454362,1449 115.3725383,40.0454414,1449 115.3725243,40.0454467,1449 115.3725151,40.0454551,1449 115.3725059,40.0454636,1449 115.3724972,40.0454693,1449 115.3724886,40.0454750,1449 115.3724750,40.0454701,1449 115.3724614,40.0454655,1449 115.3724478,40.0454529,1449 115.3724342,40.0454403,1449 115.3724196,40.0454277,1449 115.3724050,40.0454152,1454 115.3723858,40.0454043,1454 115.3723667,40.0453935,1454 115.3723460,40.0453850,1456 115.3723253,40.0453766,1456 115.3723063,40.0453690,1456 115.3722873,40.0453615,1456 115.3722697,40.0453545,1456 115.3722521,40.0453476,1456 115.3722355,40.0453412,1456 115.3722189,40.0453348,1456 115.3722023,40.0453294,1456 115.3721857,40.0453241,1456 115.3721709,40.0453202,1456 115.3721562,40.0453163,1456 115.3721435,40.0453122,1456 115.3721308,40.0453082,1456 115.3721221,40.0453031,1456 115.3721134,40.0452980,1456 115.3721071,40.0452925,1456 115.3721008,40.0452870,1456 115.3720940,40.0452799,1456 115.3720872,40.0452729,1456 115.3720783,40.0452668,1456 115.3720695,40.0452608,1456 115.3720587,40.0452577,1456 115.3720480,40.0452547,1456 115.3720373,40.0452537,1456 115.3720266,40.0452528,1456 115.3720184,40.0452511,1456 115.3720102,40.0452494,1456 115.3720053,40.0452433,1456 115.3720004,40.0452372,1456 115.3719989,40.0452332,1456 115.3719974,40.0452292,1456 115.3719960,40.0452252,1456 115.3719926,40.0452143,1456 115.3719893,40.0452035,1456 115.3719851,40.0451924,1456 115.3719809,40.0451813,1456 115.3719754,40.0451722,1456 115.3719699,40.0451632,1456 115.3719657,40.0451591,1456 115.3719616,40.0451550,1456 115.3719536,40.0451510,1456 115.3719456,40.0451471,1456 115.3719383,40.0451469,1456 115.3719311,40.0451468,1456 115.3719244,40.0451487,1456 115.3719178,40.0451506,1456 115.3719103,40.0451533,1456 115.3719029,40.0451561,1456 115.3718945,40.0451590,1456 115.3718862,40.0451620,1456 115.3718779,40.0451649,1456 115.3718697,40.0451679,1456 115.3718618,40.0451715,1456 115.3718540,40.0451751,1456 115.3718467,40.0451800,1456 115.3718395,40.0451849,1456 115.3718331,40.0451904,1456 115.3718268,40.0451959,1456 115.3718218,40.0452019,1456 115.3718168,40.0452080,1456 115.3718120,40.0452146,1456 115.3718073,40.0452212,1456 115.3718011,40.0452267,1454 115.3717950,40.0452322,1454 115.3717880,40.0452366,1454 115.3717811,40.0452411,1454 115.3717771,40.0452448,1454 115.3717731,40.0452485,1454 115.3717691,40.0452522,1454 115.3717651,40.0452581,1454 115.3717611,40.0452641,1454 115.3717570,40.0452696,1454 115.3717529,40.0452752,1454 115.3717464,40.0452791,1454 115.3717400,40.0452831,1454 115.3717327,40.0452858,1454 115.3717255,40.0452885,1454 115.3717177,40.0452917,1454 115.3717100,40.0452949,1454 115.3717009,40.0452988,1454 115.3716919,40.0453027,1454 115.3716822,40.0453065,1454 115.3716726,40.0453104,1454 115.3716629,40.0453145,1454 115.3716532,40.0453187,1454 115.3716434,40.0453230,1454 115.3716336,40.0453272,1454 115.3716249,40.0453318,1454 115.3716162,40.0453363,1454 115.3716089,40.0453416,1454 115.3716017,40.0453469,1454 115.3715986,40.0453507,1454 115.3715955,40.0453546,1454 115.3715919,40.0453631,1454 115.3715883,40.0453716,1454 115.3715862,40.0453785,1454 115.3715841,40.0453855,1454 115.3715821,40.0453925,1454 115.3715772,40.0454029,1454 115.3715724,40.0454134,1454 115.3715658,40.0454236,1457 115.3715593,40.0454339,1457 115.3715507,40.0454450,1457 115.3715422,40.0454561,1457 115.3715304,40.0454701,1457 115.3715186,40.0454843,1460 115.3715010,40.0455011,1460 115.3714835,40.0455179,1460 115.3714640,40.0455345,1460 115.3714445,40.0455511,1460 115.3714285,40.0455630,1460 115.3714125,40.0455749,1460 115.3713975,40.0455828,1460 115.3713826,40.0455907,1460 115.3713622,40.0455977,1460 115.3713418,40.0456048,1460 115.3713147,40.0456106,1460 115.3712877,40.0456164,1460 115.3712588,40.0456192,1460 115.3712300,40.0456220,1462 115.3712011,40.0456219,1462 115.3711722,40.0456219,1462 115.3711444,40.0456204,1462 115.3711167,40.0456189,1462 115.3710896,40.0456157,1462 115.3710626,40.0456125,1462 115.3710347,40.0456073,1462 115.3710068,40.0456021,1462 115.3709767,40.0455969,1462 115.3709467,40.0455917,1464 115.3709160,40.0455875,1464 115.3708854,40.0455832,1464 115.3708572,40.0455789,1464 115.3708291,40.0455748,1464 115.3708042,40.0455690,1464 115.3707793,40.0455633,1464 115.3707559,40.0455563,1464 115.3707325,40.0455494,1464 115.3707084,40.0455426,1464 115.3706844,40.0455359,1462 115.3706602,40.0455256,1462 115.3706360,40.0455154,1462 115.3706125,40.0455007,1462 115.3705891,40.0454861,1462 115.3705651,40.0454718,1462 115.3705411,40.0454575,1462 115.3705150,40.0454476,1462 115.3704889,40.0454378,1462 115.3704627,40.0454324,1462 115.3704365,40.0454269,1462 115.3704128,40.0454233,1456 115.3703892,40.0454196,1456 115.3703708,40.0454181,1456 115.3703524,40.0454166,1462 115.3703388,40.0454181,1456 115.3703252,40.0454196,1456 115.3703134,40.0454245,1456 115.3703017,40.0454295,1456 115.3702916,40.0454368,1456 115.3702816,40.0454442,1456 115.3702726,40.0454518,1456 115.3702636,40.0454595,1456 115.3702544,40.0454661,1456 115.3702453,40.0454727,1456 115.3702359,40.0454789,1456 115.3702265,40.0454851,1456 115.3702176,40.0454914,1456 115.3702088,40.0454978,1456 115.3702018,40.0455045,1456 115.3701949,40.0455112,1456 115.3701891,40.0455171,1456 115.3701833,40.0455230,1456 115.3701779,40.0455262,1456 115.3701726,40.0455294,1456 115.3701663,40.0455303,1456 115.3701601,40.0455315,1456 115.3701417,40.0455313,1456 115.3701320,40.0455321,1454 115.3701223,40.0455332,1454 115.3701123,40.0455351,1454 115.3701024,40.0455370,1454 115.3700924,40.0455394,1454 115.3700824,40.0455420,1454 115.3700732,40.0455453,1454 115.3700641,40.0455485,1454 115.3700555,40.0455521,1454 115.3700470,40.0455556,1454 115.3700380,40.0455589,1454 115.3700291,40.0455623,1454 115.3700195,40.0455646,1454 115.3700099,40.0455670,1454 115.3699998,40.0455671,1454 115.3699897,40.0455672,1454 115.3699795,40.0455653,1454 115.3699693,40.0455635,1454 115.3699590,40.0455619,1454 115.3699488,40.0455603,1454 115.3699392,40.0455585,1454 115.3699297,40.0455568,1454 115.3699217,40.0455540,1454 115.3699137,40.0455512,1454 115.3699063,40.0455477,1454 115.3698990,40.0455443,1454 115.3698919,40.0455406,1454 115.3698848,40.0455369,1454 115.3698769,40.0455331,1454 115.3698690,40.0455293,1454 115.3698606,40.0455270,1447 115.3698522,40.0455248,1447 115.3698430,40.0455246,1447 115.3698338,40.0455245,1447 115.3698248,40.0455251,1447 115.3698159,40.0455257,1447 115.3698069,40.0455253,1447 115.3697979,40.0455248,1447 115.3697878,40.0455235,1447 115.3697778,40.0455221,1447 115.3697656,40.0455225,1447 115.3697535,40.0455229,1447 115.3697403,40.0455236,1447 115.3697271,40.0455245,1447 115.3697138,40.0455234,1447 115.3697006,40.0455223,1447 115.3696866,40.0455204,1447 115.3696727,40.0455185,1447 115.3696573,40.0455171,1447 115.3696419,40.0455157,1447 115.3696261,40.0455140,1447 115.3696103,40.0455123,1447 115.3695958,40.0455104,1447 115.3695813,40.0455084,1441 115.3695671,40.0455084,1441 115.3695529,40.0455084,1441 115.3695382,40.0455104,1441 115.3695235,40.0455124,1441 115.3695078,40.0455135,1441 115.3694921,40.0455146,1441 115.3694759,40.0455131,1441 115.3694598,40.0455116,1441 115.3694422,40.0455104,1441 115.3694246,40.0455093,1441 115.3694027,40.0455095,1441 115.3693809,40.0455098,1441 115.3693529,40.0455100,1441 115.3693249,40.0455102,1441 115.3692924,40.0455084,1443 115.3692600,40.0455067,1443 115.3692315,40.0455025,1443 115.3692031,40.0454983,1443 115.3691817,40.0454948,1443 115.3691603,40.0454914,1443 115.3691428,40.0454915,1443 115.3691253,40.0454917,1443 115.3691068,40.0454926,1443 115.3690883,40.0454938,1443 115.3690706,40.0454924,1443 115.3690529,40.0454910,1443 115.3690345,40.0454871,1443 115.3690161,40.0454832,1451 115.3689997,40.0454761,1451 115.3689834,40.0454690,1451 115.3689692,40.0454627,1451 115.3689550,40.0454565,1451 115.3689389,40.0454500,1451 115.3689229,40.0454436,1451 115.3689079,40.0454369,1451 115.3688929,40.0454302,1451 115.3688792,40.0454234,1451 115.3688656,40.0454166,1444 115.3688470,40.0454115,1444 115.3688284,40.0454064,1444 115.3688082,40.0454019,1444 115.3687881,40.0453975,1444 115.3687707,40.0453940,1444 115.3687533,40.0453905,1444 115.3687370,40.0453895,1447 115.3687208,40.0453886,1447 115.3687058,40.0453886,1447 115.3686909,40.0453889,1447 115.3686765,40.0453897,1447 115.3686621,40.0453906,1447 115.3686468,40.0453936,1447 115.3686315,40.0453967,1447 115.3686157,40.0453990,1447 115.3686000,40.0454013,1447 115.3685844,40.0454014,1447 115.3685688,40.0454014,1447 115.3685536,40.0454012,1447 115.3685385,40.0454009,1447 115.3685250,40.0454038,1447 115.3685115,40.0454067,1447 115.3685013,40.0454135,1447 115.3684912,40.0454203,1456 115.3684830,40.0454279,1456 115.3684748,40.0454356,1456 115.3684680,40.0454420,1456 115.3684613,40.0454484,1456 115.3684551,40.0454548,1456 115.3684490,40.0454613,1456 115.3684441,40.0454686,1456 115.3684392,40.0454760,1456 115.3684349,40.0454832,1456 115.3684307,40.0454905,1456 115.3684266,40.0454973,1456 115.3684226,40.0455042,1456 115.3684171,40.0455112,1456 115.3684116,40.0455181,1456 115.3684044,40.0455271,1456 115.3683973,40.0455360,1456 115.3683876,40.0455459,1456 115.3683780,40.0455558,1456 115.3683656,40.0455673,1456 115.3683533,40.0455788,1456 115.3683356,40.0455931,1456 115.3683179,40.0456074,1456 115.3682921,40.0456187,1456 115.3682664,40.0456300,1456 115.3682389,40.0456337,1456 115.3682114,40.0456373,1456 115.3681867,40.0456364,1458 115.3681620,40.0456354,1458 115.3681429,40.0456343,1458 115.3681238,40.0456333,1458 115.3681102,40.0456331,1458 115.3680966,40.0456329,1458 115.3680862,40.0456334,1458 115.3680759,40.0456340,1458 115.3680680,40.0456359,1458 115.3680601,40.0456379,1458 115.3680530,40.0456412,1458 115.3680459,40.0456445,1458 115.3680402,40.0456495,1458 115.3680346,40.0456545,1458 115.3680326,40.0456612,1458 115.3680306,40.0456679,1458 115.3680300,40.0456761,1458 115.3680295,40.0456844,1458 115.3680276,40.0456929,1458 115.3680258,40.0457015,1463 115.3680194,40.0457077,1463 115.3680131,40.0457139,1463 115.3680030,40.0457157,1463 115.3679929,40.0457175,1463 115.3679807,40.0457141,1463 115.3679686,40.0457108,1463 115.3679564,40.0457068,1463 115.3679443,40.0457028,1463 115.3679317,40.0457024,1463 115.3679192,40.0457020,1463 115.3679093,40.0457058,1467 115.3678994,40.0457097,1467 115.3678925,40.0457167,1467 115.3678857,40.0457237,1467 115.3678785,40.0457313,1467 115.3678713,40.0457390,1467 115.3678639,40.0457470,1467 115.3678565,40.0457550,1467 115.3678472,40.0457619,1467 115.3678379,40.0457689,1467 115.3678292,40.0457757,1467 115.3678206,40.0457825,1467 115.3678109,40.0457898,1467 115.3678013,40.0457971,1467 115.3677879,40.0458005,1467 115.3677745,40.0458039,1467 115.3677604,40.0458055,1467 115.3677464,40.0458070,1467 115.3677321,40.0458087,1467 115.3677179,40.0458105,1467 115.3677055,40.0458148,1467 115.3676931,40.0458191,1467 115.3676851,40.0458270,1467 115.3676772,40.0458351,1467 115.3676704,40.0458452,1467 115.3676637,40.0458554,1467 115.3676505,40.0458629,1467 115.3676373,40.0458705,1468 115.3676187,40.0458752,1468 115.3676001,40.0458799,1468 115.3675808,40.0458831,1468 115.3675616,40.0458863,1468 115.3675458,40.0458882,1468 115.3675300,40.0458901,1468 115.3675154,40.0458914,1468 115.3675008,40.0458927,1468 115.3674858,40.0458932,1468 115.3674708,40.0458937,1468 115.3674561,40.0458953,1468 115.3674415,40.0458969,1468 115.3674284,40.0459018,1468 115.3674154,40.0459069,1468 115.3674043,40.0459159,1468 115.3673932,40.0459249,1468 115.3673811,40.0459363,1468 115.3673691,40.0459477,1468 115.3673572,40.0459596,1478 115.3673454,40.0459716,1478 115.3673326,40.0459806,1478 115.3673199,40.0459896,1478 115.3673051,40.0459972,1478 115.3672903,40.0460048,1478 115.3672740,40.0460114,1478 115.3672578,40.0460179,1478 115.3672421,40.0460243,1478 115.3672264,40.0460306,1478 115.3672130,40.0460408,1478 115.3671996,40.0460510,1478 115.3671867,40.0460668,1478 115.3671738,40.0460826,1478 115.3671619,40.0461029,1478 115.3671501,40.0461231,1478 115.3671401,40.0461460,1478 115.3671301,40.0461687,1478 115.3671244,40.0461917,1478 115.3671187,40.0462146,1478 115.3671159,40.0462362,1478 115.3671131,40.0462578,1478 115.3671104,40.0462776,1478 115.3671077,40.0462974,1478 115.3671072,40.0463137,1478 115.3671068,40.0463300,1478 115.3671083,40.0463413,1478 115.3671098,40.0463527,1478 115.3671111,40.0463620,1478 115.3671125,40.0463712,1478 115.3671086,40.0463807,1478 115.3671048,40.0463901,1478 115.3670947,40.0463997,1478 115.3670846,40.0464093,1478 115.3670756,40.0464206,1479 115.3670667,40.0464320,1479 115.3670627,40.0464487,1479 115.3670588,40.0464654,1479 115.3670571,40.0464875,1479 115.3670554,40.0465097,1479 115.3670512,40.0465341,1487 115.3670470,40.0465585,1487 115.3670403,40.0465844,1487 115.3670336,40.0466103,1487 115.3670257,40.0466367,1487 115.3670178,40.0466631,1487 115.3670084,40.0466870,1487 115.3669990,40.0467109,1487 115.3669879,40.0467314,1487 115.3669769,40.0467518,1487 115.3669648,40.0467700,1487 115.3669528,40.0467881,1487 115.3669396,40.0468047,1487 115.3669265,40.0468213,1493 115.3669092,40.0468342,1493 115.3668920,40.0468471,1493 115.3668744,40.0468567,1493 115.3668568,40.0468664,1493 115.3668427,40.0468789,1493 115.3668287,40.0468917,1493 115.3668175,40.0469071,1493 115.3668063,40.0469226,1493 115.3667926,40.0469340,1492 115.3667790,40.0469454,1492 115.3667629,40.0469537,1492 115.3667469,40.0469621,1492 115.3667281,40.0469740,1492 115.3667094,40.0469859,1492 115.3666863,40.0470023,1492 115.3666632,40.0470189,1492 115.3666379,40.0470372,1492 115.3666127,40.0470556,1492 115.3665870,40.0470762,1492 115.3665614,40.0470968,1496 115.3665400,40.0471193,1496 115.3665186,40.0471419,1503 115.3665032,40.0471641,1503 115.3664878,40.0471863,1503 115.3664772,40.0472069,1503 115.3664667,40.0472275,1503 115.3664566,40.0472461,1503 115.3664466,40.0472650,1503 115.3664369,40.0472837,1503 115.3664272,40.0473024,1503 115.3664178,40.0473208,1503 115.3664084,40.0473393,1503 115.3663988,40.0473561,1503 115.3663892,40.0473730,1501 115.3663788,40.0473874,1501 115.3663685,40.0474018,1501 115.3663568,40.0474113,1501 115.3663452,40.0474208,1501 115.3663292,40.0474233,1501 115.3663132,40.0474258,1501 115.3662944,40.0474212,1501 115.3662756,40.0474166,1501 115.3662560,40.0474096,1501 115.3662364,40.0474026,1504 115.3662149,40.0473963,1504 115.3661934,40.0473901,1504 115.3661694,40.0473869,1504 115.3661455,40.0473837,1504 115.3661229,40.0473815,1504 115.3661004,40.0473793,1504 115.3660746,40.0473768,1504 115.3660488,40.0473743,1504 115.3660197,40.0473714,1504 115.3659906,40.0473685,1504 115.3659615,40.0473651,1506 115.3659325,40.0473618,1506 115.3659024,40.0473592,1510 115.3658724,40.0473566,1510 115.3658405,40.0473538,1510 115.3658087,40.0473510,1510 115.3657769,40.0473446,1510 115.3657451,40.0473382,1510 115.3657151,40.0473293,1510 115.3656851,40.0473205,1513 115.3656577,40.0473100,1513 115.3656303,40.0472996,1513 115.3656050,40.0472867,1513 115.3655798,40.0472738,1513 115.3655545,40.0472592,1513 115.3655292,40.0472446,1513 115.3655045,40.0472282,1513 115.3654798,40.0472118,1513 115.3654559,40.0471946,1513 115.3654321,40.0471774,1513 115.3654082,40.0471596,1512 115.3653844,40.0471417,1512 115.3653589,40.0471239,1512 115.3653334,40.0471063,1512 115.3653074,40.0470883,1512 115.3652814,40.0470704,1511 115.3652555,40.0470542,1511 115.3652296,40.0470380,1511 115.3652052,40.0470236,1511 115.3651809,40.0470092,1511 115.3651604,40.0469949,1511 115.3651400,40.0469806,1511 115.3651227,40.0469695,1513 115.3651055,40.0469584,1513 115.3650918,40.0469513,1513 115.3650781,40.0469443,1513 115.3650654,40.0469386,1513 115.3650527,40.0469329,1513 115.3650397,40.0469263,1513 115.3650267,40.0469198,1513 115.3650140,40.0469137,1513 115.3650013,40.0469076,1513 115.3649890,40.0469024,1513 115.3649768,40.0468971,1513 115.3649652,40.0468922,1513 115.3649537,40.0468872,1513 115.3649428,40.0468807,1513 115.3649319,40.0468745,1513 115.3649218,40.0468672,1513 115.3649118,40.0468600,1513 115.3649009,40.0468534,1513 115.3648901,40.0468468,1513 115.3648784,40.0468417,1513 115.3648667,40.0468367,1513 115.3648545,40.0468330,1515 115.3648424,40.0468293,1515 115.3648301,40.0468259,1515 115.3648179,40.0468226,1515 115.3648062,40.0468185,1515 115.3647945,40.0468145,1515 115.3647831,40.0468097,1515 115.3647717,40.0468050,1511 115.3647597,40.0468009,1511 115.3647477,40.0467968,1511 115.3647357,40.0467937,1511 115.3647237,40.0467906,1511 115.3647115,40.0467887,1511 115.3646994,40.0467868,1511 115.3646863,40.0467860,1511 115.3646732,40.0467853,1511 115.3646587,40.0467843,1511 115.3646442,40.0467833,1511 115.3646289,40.0467813,1511 115.3646136,40.0467793,1511 115.3645985,40.0467772,1511 115.3645834,40.0467752,1511 115.3645685,40.0467725,1510 115.3645536,40.0467699,1510 115.3645393,40.0467664,1510 115.3645251,40.0467630,1510 115.3645112,40.0467607,1510 115.3644974,40.0467585,1510 115.3644838,40.0467593,1510 115.3644702,40.0467601,1510 115.3644575,40.0467630,1510 115.3644449,40.0467658,1510 115.3644322,40.0467697,1510 115.3644196,40.0467736,1510 115.3644076,40.0467761,1510 115.3643957,40.0467787,1510 115.3643835,40.0467804,1510 115.3643713,40.0467821,1510 115.3643577,40.0467824,1510 115.3643442,40.0467828,1510 115.3643299,40.0467825,1510 115.3643157,40.0467822,1510 115.3643009,40.0467844,1510 115.3642862,40.0467866,1510 115.3642725,40.0467915,1510 115.3642588,40.0467965,1510 115.3642469,40.0468022,1510 115.3642351,40.0468079,1517 115.3642250,40.0468126,1517 115.3642149,40.0468173,1517 115.3642061,40.0468201,1517 115.3641973,40.0468229,1517 115.3641881,40.0468228,1517 115.3641789,40.0468228,1517 115.3641665,40.0468203,1517 115.3641541,40.0468178,1517 115.3641345,40.0468175,1517 115.3641150,40.0468173,1517 115.3640886,40.0468210,1517 115.3640623,40.0468247,1517 115.3640402,40.0468319,1517 115.3640181,40.0468391,1521 115.3640082,40.0468507,1521 115.3639983,40.0468623,1521 115.3639920,40.0468755,1521 115.3639858,40.0468888,1521 115.3639798,40.0469004,1521 115.3639739,40.0469120,1521 115.3639651,40.0469194,1521 115.3639564,40.0469268,1521 115.3639449,40.0469299,1521 115.3639334,40.0469330,1521 115.3639200,40.0469319,1521 115.3639067,40.0469307,1521 115.3638937,40.0469259,1521 115.3638808,40.0469212,1521 115.3638669,40.0469164,1521 115.3638531,40.0469116,1521 115.3638373,40.0469092,1521 115.3638215,40.0469068,1521 115.3638060,40.0469078,1521 115.3637905,40.0469089,1521 115.3637754,40.0469105,1521 115.3637603,40.0469123,1521 115.3637467,40.0469117,1527 115.3637331,40.0469111,1527 115.3637230,40.0469105,1527 115.3637129,40.0469099,1527 115.3637046,40.0469114,1527 115.3636963,40.0469129,1527 115.3636872,40.0469166,1527 115.3636781,40.0469204,1527 115.3636633,40.0469238,1527 115.3636485,40.0469273,1527 115.3636303,40.0469332,1527 115.3636121,40.0469391,1527 115.3635949,40.0469503,1527 115.3635777,40.0469616,1527 115.3635605,40.0469762,1527 115.3635433,40.0469909,1527 115.3635225,40.0470051,1527 115.3635018,40.0470193,1527 115.3634758,40.0470286,1527 115.3634498,40.0470380,1526 115.3634216,40.0470438,1526 115.3633935,40.0470497,1526 115.3633646,40.0470516,1526 115.3633357,40.0470534,1526 115.3633073,40.0470519,1526 115.3632789,40.0470503,1526 115.3632497,40.0470452,1526 115.3632205,40.0470402,1526 115.3631921,40.0470342,1525 115.3631638,40.0470282,1525 115.3631360,40.0470227,1525 115.3631082,40.0470173,1525 115.3630847,40.0470168,1525 115.3630612,40.0470163,1525 115.3630419,40.0470184,1525 115.3630227,40.0470206,1525 115.3630044,40.0470200,1525 115.3629862,40.0470195,1525 115.3629659,40.0470169,1525 115.3629456,40.0470144,1525 115.3629207,40.0470126,1525 115.3628959,40.0470108,1529 115.3628664,40.0470102,1529 115.3628369,40.0470098,1529 115.3628082,40.0470098,1529 115.3627795,40.0470099,1529 115.3627552,40.0470093,1529 115.3627309,40.0470088,1529 115.3627095,40.0470096,1529 115.3626882,40.0470104,1529 115.3626628,40.0470117,1529 115.3626375,40.0470130,1533 115.3626084,40.0470117,1533 115.3625794,40.0470104,1533 115.3625503,40.0470089,1533 115.3625213,40.0470074,1533 115.3624901,40.0470084,1533 115.3624589,40.0470096,1533 115.3624243,40.0470092,1533 115.3623898,40.0470089,1533 115.3623530,40.0470045,1533 115.3623163,40.0470001,1533 115.3622799,40.0469907,1533 115.3622436,40.0469814,1533 115.3622109,40.0469700,1533 115.3621783,40.0469587,1533 115.3621498,40.0469474,1533 115.3621213,40.0469362,1533 115.3620976,40.0469221,1533 115.3620740,40.0469081,1536 115.3620559,40.0468905,1536 115.3620379,40.0468730,1536 115.3620235,40.0468550,1536 115.3620092,40.0468369,1536 115.3619986,40.0468177,1536 115.3619880,40.0467985,1539 115.3619814,40.0467778,1539 115.3619749,40.0467572,1539 115.3619693,40.0467371,1539 115.3619637,40.0467170,1539 115.3619574,40.0466975,1539 115.3619512,40.0466781,1539 115.3619415,40.0466579,1539 115.3619319,40.0466378,1539 115.3619209,40.0466175,1539 115.3619100,40.0465973,1539 115.3618986,40.0465785,1539 115.3618873,40.0465597,1539 115.3618752,40.0465440,1539 115.3618632,40.0465284,1539 115.3618466,40.0465159,1540 115.3618301,40.0465036,1540 115.3618114,40.0464912,1540 115.3617927,40.0464788,1546 115.3617760,40.0464618,1546 115.3617594,40.0464447,1546 115.3617427,40.0464229,1546 115.3617260,40.0464011,1546 115.3617089,40.0463776,1546 115.3616918,40.0463542,1546 115.3616771,40.0463322,1546 115.3616625,40.0463103,1546 115.3616498,40.0462914,1546 115.3616371,40.0462725,1546 115.3616204,40.0462570,1546 115.3616037,40.0462415,1544 115.3615812,40.0462263,1544 115.3615588,40.0462112,1544 115.3615340,40.0461953,1544 115.3615092,40.0461795,1547 115.3614836,40.0461633,1547 115.3614580,40.0461472,1547 115.3614338,40.0461304,1547 115.3614097,40.0461136,1547 115.3613907,40.0460960,1547 115.3613717,40.0460784,1547 115.3613627,40.0460605,1547 115.3613537,40.0460427,1547 115.3613532,40.0460272,1547 115.3613527,40.0460117,1547 115.3613553,40.0459978,1547 115.3613579,40.0459839,1547 115.3613596,40.0459705,1545 115.3613614,40.0459571,1545 115.3613625,40.0459441,1545 115.3613637,40.0459312,1545 115.3613655,40.0459186,1545 115.3613674,40.0459061,1545 115.3613686,40.0458933,1545 115.3613699,40.0458805,1545 115.3613681,40.0458671,1545 115.3613663,40.0458538,1545 115.3613613,40.0458400,1545 115.3613564,40.0458263,1545 115.3613499,40.0458132,1545 115.3613434,40.0458002,1545 115.3613361,40.0457875,1545 115.3613289,40.0457749,1545 115.3613208,40.0457629,1545 115.3613127,40.0457509,1545 115.3613025,40.0457396,1545 115.3612924,40.0457284,1545 115.3612804,40.0457181,1545 115.3612684,40.0457078,1545 115.3612557,40.0456975,1545 115.3612431,40.0456875,1546 115.3612315,40.0456764,1546 115.3612200,40.0456653,1546 115.3612104,40.0456537,1546 115.3612008,40.0456423,1546 115.3611934,40.0456305,1546 115.3611861,40.0456187,1546 115.3611801,40.0456069,1546 115.3611742,40.0455953,1546 115.3611688,40.0455842,1546 115.3611635,40.0455732,1546 115.3611581,40.0455622,1546 115.3611528,40.0455513,1546 115.3611467,40.0455378,1546 115.3611406,40.0455244,1546 115.3611327,40.0455087,1546 115.3611249,40.0454930,1546 115.3611143,40.0454760,1546 115.3611037,40.0454590,1546 115.3610903,40.0454393,1546 115.3610770,40.0454196,1546 115.3610627,40.0453987,1552 115.3610484,40.0453779,1552 115.3610320,40.0453555,1552 115.3610156,40.0453332,1552 115.3609980,40.0453093,1552 115.3609804,40.0452854,1552 115.3609631,40.0452594,1556 115.3609458,40.0452334,1556 115.3609303,40.0452080,1556 115.3609148,40.0451827,1556 115.3609007,40.0451594,1556 115.3608866,40.0451362,1559 115.3608726,40.0451119,1559 115.3608586,40.0450877,1559 115.3608451,40.0450630,1559 115.3608316,40.0450384,1559 115.3608181,40.0450147,1559 115.3608047,40.0449910,1559 115.3607909,40.0449678,1559 115.3607772,40.0449446,1559 115.3607640,40.0449212,1559 115.3607508,40.0448979,1559 115.3607381,40.0448759,1559 115.3607254,40.0448539,1567 115.3607120,40.0448345,1567 115.3606987,40.0448151,1567 115.3606860,40.0447986,1572 115.3606734,40.0447822,1572 115.3606607,40.0447688,1572 115.3606480,40.0447555,1572 115.3606350,40.0447426,1572 115.3606221,40.0447297,1572 115.3606101,40.0447186,1572 115.3605981,40.0447076,1572 115.3605845,40.0446973,1572 115.3605710,40.0446870,1572 115.3605551,40.0446769,1572 115.3605392,40.0446669,1572 115.3605219,40.0446564,1572 115.3605046,40.0446459,1572 115.3604867,40.0446346,1572 115.3604688,40.0446234,1572 115.3604473,40.0446116,1572 115.3604259,40.0445999,1572 115.3604019,40.0445866,1565 115.3603780,40.0445733,1571 115.3603534,40.0445569,1571 115.3603289,40.0445404,1571 115.3603063,40.0445236,1571 115.3602838,40.0445068,1571 115.3602632,40.0444910,1571 115.3602426,40.0444752,1571 115.3602255,40.0444613,1571 115.3602085,40.0444474,1571 115.3601957,40.0444365,1571 115.3601829,40.0444255,1571 115.3601725,40.0444152,1571 115.3601621,40.0444048,1571 115.3601528,40.0443957,1571 115.3601435,40.0443866,1571 115.3601365,40.0443805,1570 115.3601295,40.0443744,1570 115.3601234,40.0443705,1570 115.3601173,40.0443667,1570 115.3601130,40.0443644,1570 115.3601088,40.0443621,1570 115.3600989,40.0443567,1570 115.3600891,40.0443513,1570 115.3600774,40.0443449,1570 115.3600658,40.0443386,1570 115.3600536,40.0443316,1570 115.3600415,40.0443246,1570 115.3600279,40.0443179,1570 115.3600143,40.0443112,1570 115.3599997,40.0443051,1572 115.3599851,40.0442993,1572 115.3599706,40.0442938,1572 115.3599561,40.0442883,1572 115.3599425,40.0442844,1572 115.3599289,40.0442805,1572 115.3599167,40.0442773,1572 115.3599046,40.0442741,1572 115.3598942,40.0442715,1572 115.3598839,40.0442690,1572 115.3598737,40.0442659,1572 115.3598635,40.0442629,1572 115.3598590,40.0442614,1574 115.3598545,40.0442600,1574 115.3598500,40.0442586,1574 115.3598363,40.0442541,1574 115.3598227,40.0442497,1574 115.3598082,40.0442449,1574 115.3597938,40.0442403,1574 115.3597799,40.0442352,1574 115.3597661,40.0442302,1574 115.3597533,40.0442241,1574 115.3597405,40.0442180,1574 115.3597276,40.0442113,1574 115.3597148,40.0442046,1574 115.3597006,40.0441975,1574 115.3596864,40.0441904,1574 115.3596720,40.0441829,1574 115.3596577,40.0441756,1574 115.3596430,40.0441681,1574 115.3596283,40.0441607,1574 115.3596121,40.0441535,1574 115.3595960,40.0441464,1574 115.3595768,40.0441385,1572 115.3595577,40.0441308,1572 115.3595351,40.0441221,1572 115.3595126,40.0441136,1572 115.3594883,40.0441048,1572 115.3594641,40.0440959,1572 115.3594439,40.0440886,1572 115.3594237,40.0440814,1572 115.3594108,40.0440757,1572 115.3593980,40.0440701,1572 115.3593888,40.0440637,1572 115.3593797,40.0440574,1572 115.3593685,40.0440494,1572 115.3593574,40.0440414,1572 115.3593451,40.0440333,1572 115.3593329,40.0440254,1567 115.3593196,40.0440185,1567 115.3593063,40.0440116,1567 115.3592923,40.0440060,1572 115.3592784,40.0440005,1572 115.3592650,40.0439953,1572 115.3592516,40.0439901,1572 115.3592383,40.0439865,1572 115.3592251,40.0439830,1572 115.3592116,40.0439804,1572 115.3591981,40.0439778,1572 115.3591826,40.0439747,1572 115.3591672,40.0439716,1572 115.3591483,40.0439668,1572 115.3591294,40.0439620,1572 115.3591031,40.0439552,1572 115.3590769,40.0439485,1572 115.3590475,40.0439421,1572 115.3590181,40.0439359,1573 115.3589983,40.0439340,1573 115.3589785,40.0439322,1573 115.3589684,40.0439330,1573 115.3589584,40.0439339,1573 115.3589459,40.0439296,1573 115.3589335,40.0439253,1573 115.3589160,40.0439146,1573 115.3588985,40.0439040,1573 115.3588780,40.0438929,1573 115.3588576,40.0438819,1573 115.3588346,40.0438737,1573 115.3588117,40.0438655,1573 115.3587830,40.0438596,1573 115.3587544,40.0438537,1573 115.3587204,40.0438470,1582 115.3586865,40.0438404,1582 115.3586507,40.0438311,1582 115.3586149,40.0438219,1582 115.3585832,40.0438131,1582 115.3585516,40.0438044,1582 115.3585261,40.0437952,1582 115.3585007,40.0437860,1582 115.3584782,40.0437742,1582 115.3584557,40.0437624,1591 115.3584339,40.0437502,1591 115.3584122,40.0437381,1591 115.3583909,40.0437262,1591 115.3583697,40.0437144,1591 115.3583474,40.0437030,1591 115.3583251,40.0436916,1591 115.3583050,40.0436825,1591 115.3582849,40.0436736,1591 115.3582696,40.0436693,1591 115.3582543,40.0436650,1591 115.3582437,40.0436656,1591 115.3582331,40.0436663,1591 115.3582228,40.0436710,1591 115.3582125,40.0436758,1591 115.3581996,40.0436817,1591 115.3581867,40.0436876,1602 115.3581728,40.0436906,1602 115.3581589,40.0436937,1602 115.3581445,40.0436946,1602 115.3581301,40.0436956,1602 115.3581152,40.0436971,1602 115.3581003,40.0436988,1602 115.3580850,40.0436998,1602 115.3580698,40.0437008,1602 115.3580560,40.0437022,1602 115.3580422,40.0437036,1602 115.3580293,40.0437062,1602 115.3580165,40.0437090,1602 115.3580044,40.0437115,1602 115.3579924,40.0437140,1602 115.3579827,40.0437173,1602 115.3579730,40.0437207,1602 115.3579637,40.0437229,1602 115.3579544,40.0437252,1602 115.3579455,40.0437246,1602 115.3579366,40.0437241,1602 115.3579279,40.0437239,1602 115.3579192,40.0437237,1602 115.3579167,40.0437236,1602 115.3579142,40.0437236,1611 115.3579118,40.0437235,1611 115.3579093,40.0437235,1611 115.3579069,40.0437235,1611 115.3578987,40.0437180,1611 115.3578905,40.0437125,1611 115.3578807,40.0437062,1611 115.3578710,40.0437001,1611 115.3578615,40.0436935,1611 115.3578521,40.0436869,1611 115.3578417,40.0436817,1611 115.3578314,40.0436766,1611 115.3578189,40.0436732,1611 115.3578065,40.0436698,1611 115.3577950,40.0436658,1611 115.3577835,40.0436618,1611 115.3577737,40.0436590,1611 115.3577639,40.0436562,1611 115.3577542,40.0436572,1611 115.3577446,40.0436582,1611 115.3577338,40.0436611,1611 115.3577231,40.0436641,1611 115.3577133,40.0436672,1611 115.3577035,40.0436704,1611 115.3576961,40.0436723,1611 115.3576888,40.0436742,1611 115.3576818,40.0436731,1611 115.3576749,40.0436720,1611 115.3576688,40.0436673,1611 115.3576627,40.0436627,1611 115.3576537,40.0436560,1611 115.3576447,40.0436494,1611 115.3576303,40.0436423,1620 115.3576160,40.0436353,1620 115.3576009,40.0436298,1620 115.3575859,40.0436244,1620 115.3575722,40.0436196,1620 115.3575585,40.0436148,1620 115.3575416,40.0436110,1620 115.3575248,40.0436073,1620 115.3575061,40.0436036,1620 115.3574875,40.0435998,1620 115.3574702,40.0435964,1620 115.3574529,40.0435930,1620 115.3574384,40.0435912,1620 115.3574240,40.0435895,1620 115.3574112,40.0435888,1620 115.3573984,40.0435882,1620 115.3573864,40.0435825,1620 115.3573744,40.0435769,1620 115.3573647,40.0435649,1620 115.3573551,40.0435530,1626 115.3573478,40.0435384,1626 115.3573406,40.0435241,1626 115.3573339,40.0435098,1626 115.3573273,40.0434958,1626 115.3573195,40.0434828,1626 115.3573117,40.0434699,1637 115.3573045,40.0434578,1637 115.3572974,40.0434458,1637 115.3572909,40.0434356,1637 115.3572845,40.0434253,1637 115.3572794,40.0434162,1637 115.3572744,40.0434073,1637 115.3572674,40.0433989,1637 115.3572604,40.0433905,1637 115.3572511,40.0433818,1637 115.3572418,40.0433732,1637 115.3572317,40.0433650,1637 115.3572216,40.0433569,1637 115.3572121,40.0433486,1637 115.3572026,40.0433404,1637 115.3571943,40.0433305,1637 115.3571860,40.0433207,1637 115.3571789,40.0433104,1637 115.3571719,40.0433004,1637 115.3571662,40.0432896,1637 115.3571605,40.0432789,1637 115.3571553,40.0432685,1637 115.3571502,40.0432581,1637 115.3571447,40.0432493,1637 115.3571393,40.0432404,1637 115.3571336,40.0432335,1637 115.3571279,40.0432265,1637 115.3571222,40.0432197,1637 115.3571095,40.0432094,1637 115.3570969,40.0431991,1637 115.3570837,40.0431917,1635 115.3570706,40.0431842,1650 115.3570600,40.0431773,1650 115.3570495,40.0431704,1650 115.3570397,40.0431642,1650 115.3570299,40.0431581,1650 115.3570200,40.0431543,1650 115.3570102,40.0431506,1650 115.3569992,40.0431508,1650 115.3569883,40.0431511,1650 115.3569739,40.0431540,1650 115.3569596,40.0431569,1650 115.3569421,40.0431600,1650 115.3569246,40.0431632,1650 115.3569087,40.0431659,1650 115.3568929,40.0431687,1650 115.3568809,40.0431678,1650 115.3568689,40.0431669,1650 115.3568604,40.0431632,1650 115.3568519,40.0431595,1650 115.3568362,40.0431472,1650 115.3568289,40.0431419,1650 115.3568217,40.0431365,1650 115.3568146,40.0431290,1650 115.3568076,40.0431215,1650 115.3568011,40.0431148,1652 115.3567946,40.0431082,1652 115.3567882,40.0431016,1652 115.3567755,40.0430932,1652 115.3567629,40.0430848,1652 115.3567498,40.0430790,1652 115.3567368,40.0430733,1652 115.3567239,40.0430690,1652 115.3567110,40.0430650,1652 115.3566970,40.0430604,1652 115.3566830,40.0430558,1652 115.3566698,40.0430519,1652 115.3566566,40.0430480,1652 115.3566472,40.0430444,1652 115.3566378,40.0430408,1652 115.3566291,40.0430353,1652 115.3566205,40.0430299,1652 115.3566062,40.0430210,1652 115.3565920,40.0430122,1652 115.3565697,40.0430015,1652 115.3565474,40.0429910,1652 115.3565203,40.0429818,1656 115.3564932,40.0429727,1656 115.3564691,40.0429637,1656 115.3564450,40.0429547,1656 115.3564258,40.0429448,1656 115.3564067,40.0429350,1656 115.3563899,40.0429280,1656 115.3563731,40.0429211,1656 115.3563590,40.0429170,1656 115.3563450,40.0429132,1656 115.3563328,40.0429122,1656 115.3563207,40.0429113,1656 115.3563099,40.0429109,1656 115.3562991,40.0429105,1656 115.3562899,40.0429093,1656 115.3562808,40.0429081,1656 115.3562716,40.0429065,1656 115.3562624,40.0429050,1656 115.3562556,40.0429041,1656 115.3562489,40.0429032,1664 115.3562422,40.0429023,1664 115.3562334,40.0429003,1664 115.3562247,40.0428983,1664 115.3562136,40.0428939,1664 115.3562025,40.0428897,1664 115.3561755,40.0428770,1664 115.3561664,40.0428724,1664 115.3561573,40.0428678,1664 115.3561482,40.0428633,1664 115.3561308,40.0428544,1664 115.3561134,40.0428456,1664 115.3560898,40.0428349,1664 115.3560663,40.0428242,1664 115.3560405,40.0428123,1664 115.3560148,40.0428005,1664 115.3559897,40.0427905,1664 115.3559647,40.0427808,1667 115.3559408,40.0427743,1667 115.3559170,40.0427679,1667 115.3558958,40.0427629,1667 115.3558747,40.0427579,1667 115.3558577,40.0427504,1667 115.3558407,40.0427431,1667 115.3558273,40.0427332,1667 115.3558140,40.0427232,1667 115.3558051,40.0427126,1667 115.3557963,40.0427020,1667 115.3557865,40.0426912,1667 115.3557768,40.0426804,1667 115.3557636,40.0426689,1667 115.3557505,40.0426575,1667 115.3557325,40.0426444,1667 115.3557145,40.0426314,1665 115.3556917,40.0426165,1667 115.3556689,40.0426016,1667 115.3556429,40.0425850,1667 115.3556169,40.0425685,1667 115.3555941,40.0425504,1667 115.3555713,40.0425323,1667 115.3555542,40.0425125,1667 115.3555371,40.0424928,1667 115.3555234,40.0424718,1667 115.3555097,40.0424509,1667 115.3554951,40.0424294,1667 115.3554806,40.0424079,1667 115.3554666,40.0423844,1667 115.3554526,40.0423609,1668 115.3554428,40.0423343,1668 115.3554330,40.0423078,1668 115.3554248,40.0422785,1668 115.3554167,40.0422492,1668 115.3554031,40.0422182,1670 115.3553896,40.0421873,1670 115.3553722,40.0421565,1670 115.3553549,40.0421258,1670 115.3553368,40.0420970,1670 115.3553188,40.0420682,1675 115.3553039,40.0420437,1675 115.3552890,40.0420191,1675 115.3552817,40.0419975,1675 115.3552744,40.0419759,1675 115.3552762,40.0419563,1675 115.3552781,40.0419367,1675 115.3552843,40.0419192,1675 115.3552906,40.0419016,1675 115.3552937,40.0418866,1675 115.3552968,40.0418715,1675 115.3552942,40.0418582,1675 115.3552917,40.0418449,1675 115.3552854,40.0418301,1675 115.3552791,40.0418153,1675 115.3552730,40.0417998,1685 115.3552670,40.0417844,1685 115.3552613,40.0417680,1685 115.3552556,40.0417517,1685 115.3552482,40.0417330,1685 115.3552409,40.0417143,1685 115.3552308,40.0416950,1685 115.3552208,40.0416757,1685 115.3552124,40.0416575,1685 115.3552041,40.0416394,1685 115.3551985,40.0416223,1685 115.3551930,40.0416052,1685 115.3551894,40.0415882,1685 115.3551858,40.0415712,1685 115.3551791,40.0415567,1685 115.3551725,40.0415423,1685 115.3551605,40.0415295,1685 115.3551486,40.0415170,1705 115.3551346,40.0415041,1710 115.3551207,40.0414912,1710 115.3551090,40.0414753,1710 115.3550973,40.0414594,1710 115.3550893,40.0414427,1710 115.3550814,40.0414260,1710 115.3550747,40.0414109,1710 115.3550681,40.0413960,1710 115.3550606,40.0413818,1710 115.3550532,40.0413676,1710 115.3550451,40.0413550,1710 115.3550371,40.0413427,1710 115.3550278,40.0413319,1710 115.3550186,40.0413211,1710 115.3550086,40.0413121,1710 115.3549986,40.0413032,1710 115.3549870,40.0412953,1710 115.3549755,40.0412875,1710 115.3549643,40.0412781,1710 115.3549532,40.0412687,1710 115.3549423,40.0412557,1710 115.3549315,40.0412427,1719 115.3549228,40.0412269,1719 115.3549142,40.0412112,1719 115.3549080,40.0411948,1719 115.3549019,40.0411785,1719 115.3548967,40.0411629,1719 115.3548915,40.0411473,1719 115.3548863,40.0411337,1719 115.3548812,40.0411201,1719 115.3548746,40.0411095,1719 115.3548681,40.0410989,1719 115.3548598,40.0410904,1719 115.3548515,40.0410820,1719 115.3548426,40.0410732,1719 115.3548338,40.0410644,1719 115.3548247,40.0410546,1719 115.3548157,40.0410449,1719 115.3548055,40.0410350,1719 115.3547953,40.0410251,1719 115.3547843,40.0410134,1719 115.3547734,40.0410017,1719 115.3547633,40.0409873,1719 115.3547533,40.0409729,1719 115.3547464,40.0409572,1729 115.3547395,40.0409415,1729 115.3547370,40.0409248,1729 115.3547346,40.0409081,1729 115.3547352,40.0408913,1729 115.3547359,40.0408745,1729 115.3547338,40.0408576,1729 115.3547318,40.0408409,1729 115.3547185,40.0408251,1729 115.3547053,40.0408094,1729 115.3546798,40.0407920,1729 115.3546543,40.0407746,1729 115.3546263,40.0407570,1729 115.3545984,40.0407395,1729 115.3545720,40.0407254,1730 115.3545457,40.0407113,1730 115.3545189,40.0407012,1730 115.3544921,40.0406912,1734 115.3544664,40.0406830,1734 115.3544407,40.0406749,1734 115.3544179,40.0406673,1734 115.3543951,40.0406599,1734 115.3543735,40.0406543,1734 115.3543520,40.0406487,1734 115.3543320,40.0406439,1734 115.3543121,40.0406392,1734 115.3542917,40.0406340,1735 115.3542714,40.0406289,1735 115.3542504,40.0406237,1735 115.3542294,40.0406185,1735 115.3542114,40.0406114,1735 115.3541934,40.0406044,1735 115.3541778,40.0405954,1735 115.3541622,40.0405865,1735 115.3541462,40.0405726,1735 115.3541303,40.0405587,1735 115.3541114,40.0405384,1735 115.3540926,40.0405183,1735 115.3540714,40.0404959,1735 115.3540502,40.0404735,1735 115.3540299,40.0404525,1735 115.3540096,40.0404314,1731 115.3539896,40.0404122,1734 115.3539697,40.0403929,1734 115.3539476,40.0403738,1734 115.3539256,40.0403547,1734 115.3539014,40.0403349,1734 115.3538773,40.0403152,1734 115.3538548,40.0402950,1734 115.3538323,40.0402748,1734 115.3538114,40.0402541,1734 115.3537906,40.0402335,1734 115.3537680,40.0402136,1734 115.3537454,40.0401938,1731 115.3537221,40.0401730,1731 115.3536988,40.0401525,1731 115.3536747,40.0401290,1735 115.3536507,40.0401055,1735 115.3536241,40.0400800,1735 115.3535976,40.0400544,1735 115.3535703,40.0400276,1735 115.3535430,40.0400009,1735 115.3535173,40.0399738,1735 115.3534917,40.0399468,1735 115.3534716,40.0399233,1732 115.3534516,40.0398999,1732 115.3534417,40.0398852,1732 115.3534319,40.0398706,1732 115.3534299,40.0398601,1731 115.3534279,40.0398497,1731 115.3534279,40.0398324,1731 115.3534213,40.0398088,1731 115.3534148,40.0397853,1731 115.3534068,40.0397615,1731 115.3533988,40.0397377,1731 115.3533913,40.0397163,1731 115.3533838,40.0396950,1731 115.3533773,40.0396772,1731 115.3533709,40.0396595,1731 115.3533637,40.0396474,1731 115.3533565,40.0396354,1731 115.3533489,40.0396278,1731 115.3533413,40.0396203,1731 115.3533353,40.0396142,1731 115.3533293,40.0396081,1731 115.3533253,40.0396026,1731 115.3533213,40.0395972,1731 115.3533174,40.0395917,1731 115.3533120,40.0395844,1731 115.3533066,40.0395770,1741 115.3533008,40.0395700,1741 115.3532950,40.0395631,1741 115.3532925,40.0395597,1741 115.3532900,40.0395564,1741 115.3532875,40.0395531,1741 115.3532850,40.0395498,1741 115.3532769,40.0395344,1741 115.3532688,40.0395191,1741 115.3532612,40.0395040,1741 115.3532536,40.0394889,1741 115.3532457,40.0394752,1741 115.3532378,40.0394616,1741 115.3532278,40.0394496,1741 115.3532179,40.0394376,1741 115.3532057,40.0394270,1741 115.3531935,40.0394164,1735 115.3531816,40.0394050,1735 115.3531697,40.0393935,1735 115.3531588,40.0393817,1735 115.3531480,40.0393698,1735 115.3531368,40.0393576,1735 115.3531257,40.0393457,1735 115.3531154,40.0393330,1735 115.3531052,40.0393204,1735 115.3530953,40.0393084,1735 115.3530855,40.0392965,1743 115.3530746,40.0392865,1743 115.3530637,40.0392767,1743 115.3530528,40.0392673,1743 115.3530420,40.0392579,1743 115.3530315,40.0392480,1743 115.3530210,40.0392381,1743 115.3530109,40.0392280,1743 115.3530009,40.0392179,1743 115.3529916,40.0392093,1743 115.3529824,40.0392008,1743 115.3529737,40.0391936,1743 115.3529650,40.0391864,1743 115.3529557,40.0391789,1743 115.3529464,40.0391715,1743 115.3529386,40.0391631,1743 115.3529308,40.0391547,1743 115.3529257,40.0391457,1743 115.3529206,40.0391367,1743 115.3529166,40.0391263,1738 115.3529126,40.0391160,1738 115.3529098,40.0391038,1738 115.3529070,40.0390917,1738 115.3529046,40.0390796,1738 115.3529022,40.0390676,1738 115.3528980,40.0390552,1738 115.3528938,40.0390429,1738 115.3528890,40.0390305,1738 115.3528842,40.0390183,1742 115.3528785,40.0390068,1742 115.3528729,40.0389955,1742 115.3528661,40.0389840,1742 115.3528594,40.0389725,1742 115.3528525,40.0389603,1742 115.3528456,40.0389482,1742 115.3528378,40.0389368,1742 115.3528301,40.0389253,1742 115.3528218,40.0389167,1742 115.3528136,40.0389080,1742 115.3528052,40.0389008,1742 115.3527969,40.0388936,1742 115.3527875,40.0388860,1742 115.3527781,40.0388784,1742 115.3527678,40.0388696,1742 115.3527575,40.0388609,1742 115.3527472,40.0388508,1742 115.3527370,40.0388408,1742 115.3527277,40.0388305,1742 115.3527184,40.0388203,1742 115.3527101,40.0388106,1742 115.3527018,40.0388010,1742 115.3526925,40.0387916,1742 115.3526833,40.0387822,1742 115.3526729,40.0387726,1742 115.3526626,40.0387630,1742 115.3526515,40.0387535,1742 115.3526405,40.0387440,1750 115.3526276,40.0387352,1747 115.3526147,40.0387265,1747 115.3526018,40.0387184,1747 115.3525889,40.0387103,1747 115.3525764,40.0387020,1747 115.3525640,40.0386938,1747 115.3525505,40.0386843,1747 115.3525371,40.0386748,1747 115.3525236,40.0386638,1747 115.3525101,40.0386528,1747 115.3524983,40.0386424,1747 115.3524866,40.0386320,1747 115.3524767,40.0386228,1747 115.3524668,40.0386137,1747 115.3524588,40.0386049,1747 115.3524508,40.0385961,1747 115.3524433,40.0385880,1747 115.3524359,40.0385800,1747 115.3524281,40.0385722,1747 115.3524203,40.0385645,1747 115.3524108,40.0385581,1747 115.3524013,40.0385517,1747 115.3523915,40.0385464,1747 115.3523818,40.0385412,1747 115.3523718,40.0385364,1747 115.3523618,40.0385317,1747 115.3523507,40.0385251,1746 115.3523396,40.0385186,1746 115.3523288,40.0385088,1746 115.3523180,40.0384991,1746 115.3523091,40.0384876,1746 115.3523002,40.0384760,1746 115.3522906,40.0384652,1759 115.3522810,40.0384543,1759 115.3522699,40.0384447,1759 115.3522589,40.0384351,1759 115.3522486,40.0384255,1759 115.3522383,40.0384160,1759 115.3522301,40.0384058,1759 115.3522220,40.0383957,1759 115.3522160,40.0383862,1759 115.3522100,40.0383767,1759 115.3522041,40.0383702,1759 115.3521983,40.0383637,1759 115.3521903,40.0383605,1759 115.3521824,40.0383574,1759 115.3521730,40.0383533,1759 115.3521636,40.0383492,1759 115.3521537,40.0383416,1759 115.3521439,40.0383340,1759 115.3521344,40.0383254,1759 115.3521249,40.0383169,1759 115.3521147,40.0383094,1759 115.3521046,40.0383021,1759 115.3520934,40.0382957,1759 115.3520822,40.0382893,1757 115.3520703,40.0382835,1757 115.3520585,40.0382777,1757 115.3520471,40.0382715,1757 115.3520358,40.0382653,1757 115.3520226,40.0382586,1757 115.3520095,40.0382520,1757 115.3519955,40.0382456,1757 115.3519816,40.0382392,1757 115.3519691,40.0382352,1757 115.3519567,40.0382312,1757 115.3519456,40.0382291,1757 115.3519346,40.0382271,1757 115.3519259,40.0382250,1757 115.3519172,40.0382229,1757 115.3519096,40.0382205,1757 115.3519021,40.0382181,1757 115.3518933,40.0382162,1757 115.3518845,40.0382143,1757 115.3518744,40.0382115,1757 115.3518644,40.0382090,1757 115.3518548,40.0382048,1757 115.3518452,40.0382008,1757 115.3518353,40.0381955,1757 115.3518254,40.0381902,1761 115.3518106,40.0381841,1761 115.3517958,40.0381780,1764 115.3517776,40.0381729,1764 115.3517594,40.0381679,1764 115.3517423,40.0381635,1764 115.3517253,40.0381592,1764 115.3517116,40.0381540,1764 115.3516979,40.0381489,1764 115.3516878,40.0381421,1764 115.3516778,40.0381353,1764 115.3516674,40.0381290,1764 115.3516571,40.0381227,1764 115.3516435,40.0381169,1764 115.3516299,40.0381111,1764 115.3516182,40.0381040,1764 115.3516065,40.0380969,1764 115.3515968,40.0380908,1764 115.3515871,40.0380847,1764 115.3515752,40.0380810,1764 115.3515633,40.0380773,1764 115.3515488,40.0380740,1764 115.3515344,40.0380707,1764 115.3515188,40.0380668,1765 115.3515033,40.0380632,1765 115.3514873,40.0380594,1765 115.3514714,40.0380557,1765 115.3514547,40.0380498,1765 115.3514380,40.0380440,1765 115.3514218,40.0380375,1765 115.3514056,40.0380309,1765 115.3513896,40.0380242,1765 115.3513737,40.0380176,1765 115.3513582,40.0380097,1765 115.3513428,40.0380019,1765 115.3513284,40.0379930,1765 115.3513141,40.0379841,1765 115.3513007,40.0379749,1765 115.3512874,40.0379657,1765 115.3512735,40.0379567,1765 115.3512596,40.0379476,1765 115.3512444,40.0379402,1772 115.3512293,40.0379327,1772 115.3512126,40.0379274,1772 115.3511960,40.0379221,1772 115.3511776,40.0379188,1772 115.3511593,40.0379156,1769 115.3511387,40.0379114,1769 115.3511182,40.0379073,1769 115.3510949,40.0379014,1769 115.3510717,40.0378958,1769 115.3510472,40.0378891,1769 115.3510227,40.0378824,1769 115.3510020,40.0378775,1769 115.3509813,40.0378726,1769 115.3509636,40.0378701,1776 115.3509459,40.0378676,1776 115.3509290,40.0378660,1776 115.3509121,40.0378643,1776 115.3508949,40.0378636,1776 115.3508778,40.0378628,1776 115.3508598,40.0378615,1776 115.3508419,40.0378602,1776 115.3508236,40.0378573,1776 115.3508054,40.0378544,1776 115.3507868,40.0378493,1776 115.3507683,40.0378442,1776 115.3507488,40.0378374,1776 115.3507293,40.0378307,1776 115.3507118,40.0378246,1776 115.3506943,40.0378185,1778 115.3506789,40.0378128,1778 115.3506635,40.0378071,1778 115.3506507,40.0378022,1778 115.3506379,40.0377974,1778 115.3506268,40.0377944,1778 115.3506158,40.0377914,1778 115.3506044,40.0377896,1778 115.3505930,40.0377879,1778 115.3505803,40.0377881,1778 115.3505676,40.0377883,1778 115.3505538,40.0377897,1778 115.3505400,40.0377911,1778 115.3505240,40.0377919,1778 115.3505080,40.0377927,1778 115.3504916,40.0377929,1778 115.3504752,40.0377932,1778 115.3504593,40.0377941,1778 115.3504434,40.0377950,1778 115.3504259,40.0377956,1778 115.3504084,40.0377964,1790 115.3503878,40.0377978,1790 115.3503673,40.0377992,1790 115.3503441,40.0378014,1790 115.3503209,40.0378035,1790 115.3502988,40.0378067,1790 115.3502767,40.0378099,1790 115.3502575,40.0378145,1790 115.3502384,40.0378192,1790 115.3502210,40.0378248,1790 115.3502036,40.0378307,1790 115.3501858,40.0378357,1790 115.3501681,40.0378406,1790 115.3501517,40.0378441,1790 115.3501354,40.0378476,1795 115.3501223,40.0378500,1795 115.3501092,40.0378524,1795 115.3500970,40.0378529,1795 115.3500848,40.0378534,1795 115.3500737,40.0378519,1795 115.3500627,40.0378505,1795 115.3500522,40.0378499,1795 115.3500417,40.0378493,1795 115.3500333,40.0378521,1795 115.3500249,40.0378550,1795 115.3500172,40.0378621,1795 115.3500096,40.0378692,1795 115.3499937,40.0378874,1795 115.3499835,40.0378903,1795 115.3499733,40.0378932,1795 115.3499606,40.0378928,1795 115.3499480,40.0378923,1795 115.3499306,40.0378906,1795 115.3499132,40.0378889,1795 115.3498915,40.0378877,1795 115.3498699,40.0378866,1795 115.3498472,40.0378861,1803 115.3498246,40.0378856,1803 115.3498047,40.0378839,1803 115.3497849,40.0378822,1803 115.3497665,40.0378789,1803 115.3497481,40.0378757,1803 115.3497292,40.0378741,1803 115.3497103,40.0378725,1803 115.3496900,40.0378763,1803 115.3496697,40.0378801,1803 115.3496513,40.0378880,1803 115.3496329,40.0378959,1803 115.3496180,40.0379045,1803 115.3496031,40.0379132,1803 115.3495903,40.0379195,1806 115.3495776,40.0379257,1815 115.3495659,40.0379305,1815 115.3495543,40.0379352,1815 115.3495438,40.0379403,1815 115.3495333,40.0379457,1815 115.3495226,40.0379503,1815 115.3495120,40.0379549,1815 115.3495021,40.0379580,1815 115.3494922,40.0379612,1815 115.3494828,40.0379640,1815 115.3494734,40.0379669,1815 115.3494632,40.0379689,1815 115.3494530,40.0379711,1815 115.3494428,40.0379732,1815 115.3494263,40.0379745,1815 115.3494098,40.0379758,1815 115.3493962,40.0379756,1815 115.3493827,40.0379755,1815 115.3493727,40.0379758,1815 115.3493628,40.0379761,1815 115.3493512,40.0379790,1815 115.3493396,40.0379820,1815 115.3493237,40.0379856,1815 115.3493078,40.0379893,1815 115.3492890,40.0379924,1821 115.3492702,40.0379956,1821 115.3492510,40.0379971,1821 115.3492319,40.0379987,1821 115.3492140,40.0379987,1821 115.3491962,40.0379989,1821 115.3491820,40.0379990,1821 115.3491678,40.0379992,1821 115.3491592,40.0379995,1821 115.3491506,40.0379999,1821 115.3491437,40.0379998,1821 115.3491368,40.0379997,1821 115.3491304,40.0379997,1821 115.3491241,40.0379997,1821 115.3491178,40.0379997,1821 115.3491115,40.0379997,1821 115.3491052,40.0379998,1821 115.3490834,40.0379989,1821 115.3490617,40.0379980,1821 115.3490378,40.0379966,1821 115.3490140,40.0379953,1843 115.3489891,40.0379925,1843 115.3489642,40.0379897,1843 115.3489406,40.0379855,1843 115.3489171,40.0379813,1843 115.3488971,40.0379751,1843 115.3488771,40.0379689,1843 115.3488596,40.0379634,1843 115.3488422,40.0379579,1843 115.3488242,40.0379572,1843 115.3488063,40.0379565,1843 115.3487851,40.0379600,1843 115.3487851,40.0379600,1843 115.3487639,40.0379634,1843 115.3487439,40.0379644,1842 115.3487240,40.0379653,1842 115.3487068,40.0379620,1842 115.3486896,40.0379588,1842 115.3486743,40.0379555,1842 115.3486590,40.0379525,1842 115.3486476,40.0379539,1842 115.3486362,40.0379554,1842 115.3486277,40.0379612,1842 115.3486192,40.0379671,1842 115.3486089,40.0379736,1842 115.3485987,40.0379801,1842 115.3485879,40.0379873,1842 115.3485772,40.0379946,1842 115.3485665,40.0380011,1842 115.3485558,40.0380078,1842 115.3485453,40.0380137,1842 115.3485348,40.0380197,1842 115.3485235,40.0380259,1842 115.3485123,40.0380322,1842 115.3484997,40.0380369,1842 115.3484871,40.0380416,1842 115.3484720,40.0380451,1857 115.3484570,40.0380486,1857 115.3484424,40.0380531,1857 115.3484278,40.0380576,1857 115.3484145,40.0380630,1857 115.3484012,40.0380685,1857 115.3483897,40.0380736,1857 115.3483783,40.0380787,1857 115.3483697,40.0380844,1857 115.3483611,40.0380904,1857 115.3483544,40.0380984,1857 115.3483477,40.0381063,1857 115.3483390,40.0381114,1857 115.3483303,40.0381165,1857 115.3483206,40.0381166,1857 115.3483109,40.0381168,1857 115.3483013,40.0381170,1857 115.3482847,40.0381142,1857 115.3482681,40.0381115,1857 115.3482520,40.0381086,1857 115.3482359,40.0381057,1857 115.3482217,40.0381047,1857 115.3482076,40.0381037,1857 115.3481952,40.0381057,1857 115.3481828,40.0381077,1864 115.3481718,40.0381123,1864 115.3481609,40.0381169,1864 115.3481521,40.0381240,1864 115.3481434,40.0381311,1864 115.3481357,40.0381409,1864 115.3481280,40.0381507,1864 115.3481193,40.0381604,1864 115.3481107,40.0381702,1864 115.3481031,40.0381776,1864 115.3480956,40.0381851,1864 115.3480887,40.0381902,1864 115.3480818,40.0381953,1874 115.3480746,40.0381977,1874 115.3480675,40.0382002,1874 115.3480616,40.0382023,1874 115.3480558,40.0382044,1874 115.3480496,40.0382066,1874 115.3480435,40.0382088,1874 115.3480370,40.0382094,1874 115.3480306,40.0382101,1874 115.3480253,40.0382117,1874 115.3480201,40.0382133,1874 115.3480167,40.0382188,1874 115.3480134,40.0382243,1874 115.3480102,40.0382306,1874 115.3480071,40.0382370,1874 115.3480033,40.0382424,1874 115.3479996,40.0382478,1874 115.3479942,40.0382526,1874 115.3479889,40.0382574,1874 115.3479823,40.0382655,1874 115.3479757,40.0382735,1874 115.3479679,40.0382881,1874 115.3479618,40.0382914,1874 115.3479557,40.0382948,1874 115.3479471,40.0382952,1874 115.3479386,40.0382957,1874 115.3479291,40.0382942,1874 115.3479197,40.0382929,1874 115.3479106,40.0382945,1883 115.3479015,40.0382960,1883 115.3478905,40.0383020,1883 115.3478796,40.0383080,1883 115.3478588,40.0383263,1883 115.3478507,40.0383330,1883 115.3478426,40.0383398,1883 115.3478334,40.0383422,1883 115.3478243,40.0383449,1883 115.3478170,40.0383460,1883 115.3478097,40.0383471,1883 115.3478038,40.0383491,1883 115.3477980,40.0383512,1883 115.3477908,40.0383526,1883 115.3477836,40.0383540,1883 115.3477784,40.0383542,1883 115.3477733,40.0383544,1883 115.3477620,40.0383535,1883 115.3477507,40.0383527,1883 115.3477389,40.0383519,1883 115.3477271,40.0383512,1883 115.3477157,40.0383524,1883 115.3477043,40.0383537,1883 115.3476932,40.0383530,1883 115.3476821,40.0383523,1883 115.3476720,40.0383483,1883 115.3476619,40.0383444,1883 115.3476530,40.0383396,1883 115.3476441,40.0383348,1883 115.3476360,40.0383316,1887 115.3476279,40.0383285,1887 115.3476195,40.0383276,1887 115.3476111,40.0383268,1887 115.3476023,40.0383266,1887 115.3475936,40.0383264,1887 115.3475838,40.0383258,1887 115.3475741,40.0383252,1887 115.3475637,40.0383254,1887 115.3475534,40.0383256,1887 115.3475414,40.0383273,1887 115.3475294,40.0383290,1887 115.3475166,40.0383300,1887 115.3475038,40.0383311,1887 115.3474908,40.0383308,1887 115.3474779,40.0383305,1887 115.3474688,40.0383291,1887 115.3474598,40.0383277,1887 115.3474542,40.0383269,1887 115.3474486,40.0383261,1887 115.3474430,40.0383274,1887 115.3474374,40.0383287,1887 115.3474292,40.0383333,1887 115.3474191,40.0383388,1887 115.3474091,40.0383444,1887 115.3473981,40.0383485,1887 115.3473872,40.0383527,1887 115.3473767,40.0383559,1887 115.3473663,40.0383592,1887 115.3473569,40.0383617,1892 115.3473476,40.0383644,1892 115.3473368,40.0383672,1892 115.3473261,40.0383701,1892 115.3473159,40.0383729,1892 115.3473058,40.0383758,1892 115.3472973,40.0383787,1892 115.3472888,40.0383816,1892 115.3472815,40.0383846,1892 115.3472742,40.0383877,1892 115.3472665,40.0383912,1892 115.3472589,40.0383948,1892 115.3472498,40.0383984,1892 115.3472408,40.0384020,1892 115.3472303,40.0384054,1892 115.3472198,40.0384089,1892 115.3472090,40.0384118,1892 115.3471982,40.0384148,1892 115.3471844,40.0384167,1892 115.3471707,40.0384187,1892 115.3471571,40.0384212,1892 115.3471435,40.0384237,1892 115.3471315,40.0384264,1892 115.3471195,40.0384291,1892 115.3471084,40.0384316,1892 115.3470974,40.0384344,1892 115.3470861,40.0384373,1892 115.3470749,40.0384401,1894 115.3470640,40.0384422,1894 115.3470531,40.0384442,1894 115.3470425,40.0384459,1894 115.3470319,40.0384477,1894 115.3470215,40.0384486,1894 115.3470111,40.0384497,1894 115.3470011,40.0384482,1894 115.3469911,40.0384467,1894 115.3469835,40.0384419,1894 115.3469760,40.0384371,1894 115.3469730,40.0384333,1894 115.3469701,40.0384295,1894 115.3469666,40.0384231,1894 115.3469631,40.0384167,1894 115.3469577,40.0384132,1894 115.3469524,40.0384097,1894 115.3469415,40.0384076,1894 115.3469291,40.0384050,1894 115.3469167,40.0384024,1894 115.3469034,40.0383992,1894 115.3468901,40.0383961,1894 115.3468750,40.0383935,1894 115.3468599,40.0383910,1894 115.3468421,40.0383884,1894 115.3468243,40.0383858,1894 115.3468065,40.0383841,1894 115.3467887,40.0383825,1906 115.3467736,40.0383837,1906 115.3467586,40.0383850,1906 115.3467459,40.0383868,1906 115.3467333,40.0383887,1906 115.3467212,40.0383890,1906 115.3467092,40.0383894,1906 115.3466962,40.0383881,1906 115.3466832,40.0383869,1906 115.3466697,40.0383859,1906 115.3466563,40.0383848,1906 115.3466446,40.0383843,1906 115.3466330,40.0383838,1906 115.3466220,40.0383827,1906 115.3466110,40.0383816,1906 115.3465981,40.0383813,1906 115.3465852,40.0383811,1906 115.3465725,40.0383833,1906 115.3465598,40.0383854,1906 115.3465472,40.0383888,1906 115.3465347,40.0383921,1906 115.3465221,40.0383964,1909 115.3465095,40.0384008,1909 115.3464959,40.0384049,1909 115.3464823,40.0384090,1909 115.3464681,40.0384122,1909 115.3464540,40.0384155,1909 115.3464351,40.0384170,1909 115.3464162,40.0384187,1909 115.3463942,40.0384189,1909 115.3463723,40.0384191,1909 115.3463492,40.0384201,1909 115.3463261,40.0384212,1909 115.3463054,40.0384214,1909 115.3462848,40.0384217,1909 115.3462684,40.0384210,1909 115.3462520,40.0384203,1909 115.3462369,40.0384211,1920 115.3462219,40.0384219,1920 115.3462071,40.0384234,1920 115.3461923,40.0384249,1920 115.3461783,40.0384276,1920 115.3461643,40.0384303,1920 115.3461491,40.0384337,1920 115.3461340,40.0384372,1920 115.3461188,40.0384398,1920 115.3461036,40.0384424,1920 115.3460905,40.0384435,1920 115.3460774,40.0384447,1920 115.3460636,40.0384441,1920 115.3460498,40.0384435,1920 115.3460342,40.0384413,1920 115.3460186,40.0384391,1920 115.3460039,40.0384363,1920 115.3459892,40.0384336,1920 115.3459771,40.0384316,1920 115.3459651,40.0384298,1929 115.3459566,40.0384302,1929 115.3459482,40.0384307,1929 115.3459394,40.0384318,1929 115.3459307,40.0384328,1929 115.3459275,40.0384331,1929 115.3459243,40.0384333,1929 115.3459211,40.0384334,1929 115.3459180,40.0384338,1929 115.3459088,40.0384322,1929 115.3458997,40.0384308,1929 115.3458910,40.0384280,1929 115.3458823,40.0384253,1929 115.3458727,40.0384236,1929 115.3458632,40.0384219,1929 115.3458506,40.0384225,1929 115.3458380,40.0384234,1929 115.3458224,40.0384260,1929 115.3458068,40.0384286,1929 115.3457908,40.0384307,1929 115.3457749,40.0384328,1929 115.3457594,40.0384337,1929 115.3457440,40.0384346,1929 115.3457284,40.0384348,1929 115.3457129,40.0384350,1929 115.3456976,40.0384382,1929 115.3456823,40.0384414,1941 115.3456652,40.0384456,1941 115.3456481,40.0384501,1941 115.3456304,40.0384522,1941 115.3456128,40.0384543,1941 115.3455971,40.0384538,1941 115.3455814,40.0384534,1941 115.3455674,40.0384531,1941 115.3455535,40.0384528,1941 115.3455392,40.0384541,1941 115.3455250,40.0384556,1941 115.3455080,40.0384574,1941 115.3454910,40.0384592,1941 115.3454727,40.0384606,1941 115.3454544,40.0384620,1941 115.3454360,40.0384617,1941 115.3454176,40.0384614,1941 115.3453998,40.0384596,1952 115.3453821,40.0384578,1952 115.3453649,40.0384553,1952 115.3453477,40.0384529,1952 115.3453309,40.0384485,1952 115.3453142,40.0384441,1952 115.3452985,40.0384375,1952 115.3452829,40.0384309,1952 115.3452682,40.0384227,1952 115.3452535,40.0384146,1952 115.3452387,40.0384082,1952 115.3452240,40.0384018,1952 115.3452083,40.0383991,1952 115.3451927,40.0383965,1952 115.3451767,40.0383949,1952 115.3451607,40.0383933,1952 115.3451458,40.0383913,1952 115.3451309,40.0383893,1958 115.3451156,40.0383852,1958 115.3451003,40.0383811,1958 115.3450829,40.0383760,1958 115.3450656,40.0383710,1958 115.3450457,40.0383669,1958 115.3450258,40.0383629,1958 115.3450049,40.0383604,1958 115.3449841,40.0383580,1958 115.3449657,40.0383577,1958 115.3449474,40.0383574,1958 115.3449317,40.0383582,1958 115.3449160,40.0383591,1958 115.3449004,40.0383583,1958 115.3448848,40.0383576,1958 115.3448681,40.0383558,1958 115.3448515,40.0383540,1962 115.3448347,40.0383514,1962 115.3448180,40.0383489,1962 115.3448013,40.0383463,1962 115.3447846,40.0383437,1962 115.3447686,40.0383427,1962 115.3447526,40.0383418,1962 115.3447391,40.0383431,1962 115.3447256,40.0383445,1962 115.3447149,40.0383460,1962 115.3447043,40.0383475,1962 115.3446919,40.0383476,1962 115.3446796,40.0383477,1962 115.3446505,40.0383440,1962 115.3446426,40.0383401,1962 115.3446347,40.0383363,1962 115.3446280,40.0383300,1962 115.3446213,40.0383238,1962 115.3446139,40.0383163,1962 115.3446065,40.0383088,1962 115.3445997,40.0383010,1962 115.3445930,40.0382933,1962 115.3445859,40.0382859,1962 115.3445789,40.0382784,1961 115.3445693,40.0382711,1961 115.3445597,40.0382638,1961 115.3445482,40.0382558,1961 115.3445368,40.0382477,1961 115.3445249,40.0382386,1961 115.3445130,40.0382296,1961 115.3445016,40.0382194,1961 115.3444903,40.0382094,1961 115.3444778,40.0381988,1961 115.3444653,40.0381882,1966 115.3444529,40.0381775,1966 115.3444406,40.0381668,1966 115.3444285,40.0381580,1966 115.3444165,40.0381494,1966 115.3444048,40.0381410,1966 115.3443932,40.0381326,1966 115.3443812,40.0381232,1966 115.3443692,40.0381139,1966 115.3443571,40.0381044,1966 115.3443451,40.0380950,1966 115.3443341,40.0380853,1966 115.3443231,40.0380756,1966 115.3443133,40.0380667,1966 115.3443036,40.0380579,1967 115.3442942,40.0380504,1967 115.3442849,40.0380429,1967 115.3442750,40.0380355,1967 115.3442652,40.0380281,1967 115.3442547,40.0380197,1967 115.3442443,40.0380113,1967 115.3442340,40.0380018,1967 115.3442237,40.0379923,1967 115.3442147,40.0379831,1967 115.3442057,40.0379740,1967 115.3441982,40.0379653,1967 115.3441908,40.0379566,1967 115.3441849,40.0379493,1967 115.3441791,40.0379421,1967 115.3441720,40.0379348,1967 115.3441649,40.0379275,1967 115.3441605,40.0379233,1967 115.3441561,40.0379194,1967 115.3441518,40.0379154,1969 115.3441355,40.0379011,1969 115.3441192,40.0378868,1969 115.3441004,40.0378692,1969 115.3440816,40.0378518,1969 115.3440632,40.0378333,1969 115.3440449,40.0378148,1969 115.3440274,40.0377958,1974 115.3440099,40.0377769,1974 115.3439935,40.0377591,1974 115.3439772,40.0377413,1974 115.3439639,40.0377253,1974 115.3439506,40.0377093,1974 115.3439415,40.0376958,1974 115.3439324,40.0376824,1974 115.3439259,40.0376712,1974 115.3439194,40.0376600,1974 115.3439135,40.0376495,1974 115.3439077,40.0376390,1974 115.3439006,40.0376272,1977 115.3438936,40.0376154,1977 115.3438860,40.0376033,1977 115.3438784,40.0375913,1977 115.3438703,40.0375801,1977 115.3438623,40.0375688,1977 115.3438548,40.0375591,1977 115.3438473,40.0375493,1977 115.3438415,40.0375404,1977 115.3438357,40.0375316,1977 115.3438306,40.0375238,1977 115.3438256,40.0375159,1977 115.3438228,40.0375117,1977 115.3438200,40.0375074,1977 115.3438162,40.0374999,1977 115.3438125,40.0374924,1977 115.3438109,40.0374854,1977 115.3438093,40.0374784,1977 115.3438075,40.0374715,1977 115.3438057,40.0374647,1977 115.3438039,40.0374611,1977 115.3438021,40.0374575,1977 115.3437994,40.0374517,1977 115.3437968,40.0374460,1977 115.3437934,40.0374403,1977 115.3437901,40.0374346,1977 115.3437841,40.0374285,1977 115.3437782,40.0374223,1977 115.3437683,40.0374162,1977 115.3437584,40.0374101,1977 115.3437448,40.0374048,1981 115.3437313,40.0373995,1981 115.3437187,40.0373922,1981 115.3437062,40.0373849,1981 115.3436974,40.0373751,1981 115.3436886,40.0373653,1981 115.3436818,40.0373554,1982 115.3436751,40.0373455,1982 115.3436668,40.0373346,1982 115.3436585,40.0373238,1982 115.3436457,40.0373131,1982 115.3436329,40.0373024,1982 115.3436158,40.0372891,1982 115.3435987,40.0372758,1982 115.3435776,40.0372601,1982 115.3435565,40.0372444,1982 115.3435331,40.0372305,1982 115.3435097,40.0372166,1982 115.3434873,40.0372034,1982 115.3434650,40.0371903,1991 115.3434453,40.0371764,1991 115.3434257,40.0371625,1991 115.3434091,40.0371482,1991 115.3433926,40.0371339,1991 115.3433802,40.0371204,1991 115.3433679,40.0371070,1991 115.3433549,40.0370966,1991 115.3433420,40.0370863,1991 115.3433283,40.0370771,1984 115.3433147,40.0370678,1984 115.3433013,40.0370593,1984 115.3432880,40.0370510,1984 115.3432748,40.0370455,1984 115.3432616,40.0370400,1984 115.3432478,40.0370356,1984 115.3432340,40.0370312,1984 115.3432209,40.0370254,1984 115.3432079,40.0370196,1984 115.3431982,40.0370129,1984 115.3431885,40.0370063,1991 115.3431847,40.0369997,1991 115.3431809,40.0369932,1991 115.3431785,40.0369872,1991 115.3431762,40.0369812,1991 115.3431716,40.0369747,1991 115.3431670,40.0369681,1991 115.3431618,40.0369632,1991 115.3431566,40.0369584,1991 115.3431514,40.0369535,1991 115.3431418,40.0369468,1991 115.3431323,40.0369401,1991 115.3431226,40.0369337,1991 115.3431130,40.0369272,1991 115.3431036,40.0369204,1991 115.3430943,40.0369137,1991 115.3430844,40.0369059,1991 115.3430745,40.0368982,1991 115.3430664,40.0368897,1991 115.3430583,40.0368812,1991 115.3430511,40.0368746,1991 115.3430440,40.0368680,1991 115.3430386,40.0368633,1991 115.3430332,40.0368587,1991 115.3430279,40.0368541,1991 115.3430212,40.0368471,1991 115.3430146,40.0368403,1991 115.3430086,40.0368343,1991 115.3430026,40.0368285,1991 115.3429970,40.0368223,1991 115.3429915,40.0368161,1991 115.3429862,40.0368081,1991 115.3429809,40.0368000,1992 115.3429752,40.0367910,1992 115.3429696,40.0367820,1992 115.3429621,40.0367737,1992 115.3429547,40.0367655,1992 115.3429457,40.0367576,1992 115.3429367,40.0367498,1992 115.3429263,40.0367433,1992 115.3429159,40.0367369,1993 115.3429067,40.0367298,1993 115.3428976,40.0367228,1993 115.3428919,40.0367149,1993 115.3428863,40.0367071,1993 115.3428832,40.0366974,1993 115.3428801,40.0366878,1993 115.3428752,40.0366746,1993 115.3428703,40.0366614,1993 115.3428633,40.0366461,1993 115.3428564,40.0366308,1993 115.3428474,40.0366163,1993 115.3428385,40.0366018,1993 115.3428301,40.0365899,1993 115.3428217,40.0365780,1993 115.3428175,40.0365674,1993 115.3428133,40.0365571,1993 115.3428096,40.0365498,1993 115.3428060,40.0365425,1993 115.3428017,40.0365378,1993 115.3427975,40.0365331,1993 115.3427950,40.0365297,1993 115.3427925,40.0365265,1995 115.3427900,40.0365233,1995 115.3427849,40.0365178,1995 115.3427799,40.0365124,1995 115.3427757,40.0365093,1995 115.3427715,40.0365063,1995 115.3427633,40.0365007,1995 115.3427552,40.0364951,1995 115.3427471,40.0364882,1995 115.3427390,40.0364813,1995 115.3427320,40.0364746,1995 115.3427251,40.0364679,1995 115.3427176,40.0364628,1995 115.3427102,40.0364577,1995 115.3427020,40.0364527,1995 115.3426939,40.0364478,1995 115.3426861,40.0364422,1995 115.3426783,40.0364367,1995 115.3426702,40.0364298,1995 115.3426622,40.0364229,1995 115.3426544,40.0364130,1995 115.3426467,40.0364031,1995 115.3426410,40.0363913,1995 115.3426354,40.0363795,1998 115.3426291,40.0363677,1998 115.3426228,40.0363558,1998 115.3426162,40.0363454,1998 115.3426097,40.0363351,1998 115.3426036,40.0363260,1998 115.3425975,40.0363169,1998 115.3425922,40.0363090,1998 115.3425870,40.0363010,1998 115.3425808,40.0362930,1998 115.3425747,40.0362850,1998 115.3425675,40.0362762,1998 115.3425604,40.0362675,1998 115.3425517,40.0362569,1998 115.3425431,40.0362463,2013 115.3425352,40.0362359,2013 115.3425274,40.0362255,2013 115.3425213,40.0362151,2013 115.3425153,40.0362048,2013 115.3425132,40.0361947,2013 115.3425111,40.0361846,2013 115.3425110,40.0361746,2013 115.3425110,40.0361649,2013 115.3425109,40.0361515,2013 115.3425102,40.0361436,2013 115.3425095,40.0361359,2013 115.3425086,40.0361303,2013 115.3425077,40.0361248,2013 115.3425050,40.0361131,2013 115.3425023,40.0361014,2013 115.3425027,40.0360883,2013 115.3425031,40.0360753,2013 115.3425055,40.0360620,2013 115.3425080,40.0360488,2013 115.3425094,40.0360346,2013 115.3425109,40.0360205,2013 115.3425079,40.0360052,2013 115.3425050,40.0359900,2013 115.3424963,40.0359732,2013 115.3424876,40.0359564,2025 115.3424773,40.0359387,2025 115.3424671,40.0359210,2025 115.3424559,40.0359032,2025 115.3424448,40.0358854,2025 115.3424335,40.0358676,2025 115.3424222,40.0358499,2025 115.3424124,40.0358329,2025 115.3424027,40.0358161,2025 115.3423932,40.0358005,2025 115.3423838,40.0357849,2025 115.3423748,40.0357695,2025 115.3423659,40.0357542,2025 115.3423577,40.0357405,2018 115.3423496,40.0357268,2018 115.3423419,40.0357153,2018 115.3423342,40.0357039,2018 115.3423274,40.0356922,2030 115.3423207,40.0356805,2030 115.3423143,40.0356689,2030 115.3423079,40.0356574,2030 115.3423002,40.0356466,2030 115.3422925,40.0356358,2030 115.3422842,40.0356244,2030 115.3422760,40.0356130,2030 115.3422667,40.0356008,2030 115.3422575,40.0355885,2030 115.3422505,40.0355760,2030 115.3422436,40.0355635,2030 115.3422382,40.0355499,2030 115.3422329,40.0355362,2030 115.3422255,40.0355240,2030 115.3422181,40.0355118,2030 115.3422085,40.0355022,2030 115.3421989,40.0354927,2030 115.3421892,40.0354847,2030 115.3421796,40.0354768,2030 115.3421728,40.0354678,2030 115.3421660,40.0354588,2030 115.3421627,40.0354497,2030 115.3421595,40.0354406,2030 115.3421575,40.0354325,2030 115.3421555,40.0354245,2030 115.3421536,40.0354187,2030 115.3421517,40.0354130,2037 115.3421470,40.0354067,2037 115.3421423,40.0354006,2037 115.3421379,40.0353958,2037 115.3421336,40.0353911,2037 115.3421236,40.0353803,2037 115.3421136,40.0353696,2037 115.3421031,40.0353555,2037 115.3420926,40.0353414,2037 115.3420821,40.0353242,2041 115.3420717,40.0353071,2041 115.3420601,40.0352886,2041 115.3420486,40.0352702,2041 115.3420359,40.0352536,2041 115.3420233,40.0352370,2041 115.3420111,40.0352232,2041 115.3419990,40.0352095,2041 115.3419890,40.0351994,2041 115.3419790,40.0351894,2041 115.3419699,40.0351810,2041 115.3419609,40.0351726,2041 115.3419508,40.0351645,2041 115.3419408,40.0351563,2041 115.3419289,40.0351467,2041 115.3419170,40.0351371,2049 115.3419027,40.0351261,2049 115.3418885,40.0351152,2049 115.3418719,40.0351036,2049 115.3418553,40.0350921,2049 115.3418359,40.0350804,2049 115.3418166,40.0350686,2049 115.3417979,40.0350539,2051 115.3417793,40.0350391,2051 115.3417650,40.0350239,2051 115.3417507,40.0350087,2051 115.3417381,40.0349958,2051 115.3417256,40.0349829,2051 115.3417119,40.0349704,2051 115.3416982,40.0349580,2051 115.3416837,40.0349470,2051 115.3416692,40.0349362,2051 115.3416552,40.0349274,2051 115.3416412,40.0349186,2051 115.3416270,40.0349101,2051 115.3416128,40.0349017,2051 115.3415995,40.0348935,2051 115.3415862,40.0348853,2051 115.3415745,40.0348775,2051 115.3415628,40.0348697,2051 115.3415539,40.0348612,2051 115.3415450,40.0348528,2056 115.3415363,40.0348437,2056 115.3415276,40.0348347,2058 115.3415166,40.0348234,2058 115.3415056,40.0348122,2058 115.3414932,40.0347980,2058 115.3414809,40.0347839,2058 115.3414695,40.0347695,2058 115.3414582,40.0347551,2058 115.3414484,40.0347427,2058 115.3414386,40.0347303,2058 115.3414294,40.0347198,2058 115.3414202,40.0347093,2058 115.3414130,40.0347000,2058 115.3414059,40.0346906,2058 115.3413992,40.0346827,2058 115.3413925,40.0346749,2058 115.3413836,40.0346679,2058 115.3413748,40.0346610,2058 115.3413661,40.0346537,2058 115.3413574,40.0346464,2058 115.3413489,40.0346386,2058 115.3413405,40.0346309,2058 115.3413346,40.0346217,2058 115.3413287,40.0346126,2058 115.3413276,40.0346022,2058 115.3413265,40.0345919,2058 115.3413270,40.0345815,2063 115.3413276,40.0345712,2063 115.3413264,40.0345600,2063 115.3413252,40.0345489,2063 115.3413231,40.0345384,2063 115.3413211,40.0345280,2063 115.3413178,40.0345192,2063 115.3413145,40.0345104,2063 115.3413114,40.0345023,2063 115.3413084,40.0344942,2063 115.3413079,40.0344858,2063 115.3413075,40.0344775,2063 115.3413084,40.0344722,2063 115.3413094,40.0344669,2063 115.3413082,40.0344550,2063 115.3413070,40.0344432,2063 115.3413029,40.0344288,2063 115.3412988,40.0344144,2063 115.3412988,40.0344009,2063 115.3412988,40.0343875,2063 115.3413028,40.0343760,2063 115.3413069,40.0343645,2063 115.3413120,40.0343542,2063 115.3413172,40.0343439,2063 115.3413203,40.0343332,2063 115.3413235,40.0343225,2063 115.3413272,40.0343124,2063 115.3413310,40.0343024,2061 115.3413366,40.0342942,2061 115.3413423,40.0342860,2061 115.3413463,40.0342796,2061 115.3413504,40.0342732,2061 115.3413522,40.0342673,2061 115.3413540,40.0342614,2061 115.3413547,40.0342536,2061 115.3413555,40.0342458,2061 115.3413553,40.0342397,2061 115.3413551,40.0342336,2061 115.3413550,40.0342276,2061 115.3413554,40.0342194,2061 115.3413558,40.0342112,2061 115.3413556,40.0342028,2061 115.3413554,40.0341945,2061 115.3413523,40.0341853,2061 115.3413492,40.0341761,2061 115.3413456,40.0341634,2061 115.3413420,40.0341507,2061 115.3413383,40.0341351,2061 115.3413347,40.0341195,2061 115.3413284,40.0341045,2061 115.3413222,40.0340895,2061 115.3413187,40.0340777,2061 115.3413152,40.0340659,2061 115.3413141,40.0340592,2061 115.3413130,40.0340525,2061 115.3413089,40.0340486,2061 115.3413049,40.0340447,2061 115.3412993,40.0340425,2061 115.3412938,40.0340403,2061 115.3412882,40.0340380,2061 115.3412827,40.0340360,2061 115.3412712,40.0340307,2061 115.3412597,40.0340254,2070 115.3412497,40.0340201,2076 115.3412398,40.0340149,2076 115.3412297,40.0340107,2076 115.3412196,40.0340066,2076 115.3412095,40.0340037,2076 115.3411994,40.0340008,2076 115.3411898,40.0339968,2076 115.3411802,40.0339929,2076 115.3411712,40.0339848,2076 115.3411623,40.0339766,2076 115.3411554,40.0339667,2076 115.3411485,40.0339568,2076 115.3411414,40.0339467,2076 115.3411344,40.0339365,2076 115.3411229,40.0339290,2076 115.3411114,40.0339215,2076 115.3410977,40.0339173,2076 115.3410840,40.0339132,2076 115.3410719,40.0339109,2076 115.3410598,40.0339085,2076 115.3410498,40.0339048,2076 115.3410399,40.0339010,2076 115.3410297,40.0338956,2076 115.3410195,40.0338902,2076 115.3410072,40.0338841,2076 115.3409950,40.0338780,2076 115.3409651,40.0338638,2089 115.3409542,40.0338571,2089 115.3409433,40.0338505,2089 115.3409326,40.0338445,2089 115.3409220,40.0338386,2089 115.3409139,40.0338343,2089 115.3409059,40.0338301,2089 115.3409020,40.0338258,2089 115.3408981,40.0338215,2089 115.3408964,40.0338164,2089 115.3408948,40.0338114,2089 115.3408932,40.0338064,2089 115.3408874,40.0337979,2089 115.3408816,40.0337895,2089 115.3408713,40.0337808,2089 115.3408610,40.0337721,2089 115.3408502,40.0337620,2089 115.3408395,40.0337520,2089 115.3408281,40.0337407,2098 115.3408168,40.0337294,2098 115.3408075,40.0337151,2098 115.3407982,40.0337008,2098 115.3407926,40.0336860,2098 115.3407870,40.0336712,2098 115.3407808,40.0336589,2098 115.3407747,40.0336467,2098 115.3407640,40.0336359,2098 115.3407533,40.0336252,2098 115.3407374,40.0336165,2098 115.3407216,40.0336079,2098 115.3407039,40.0336013,2098 115.3406863,40.0335948,2103 115.3406676,40.0335878,2103 115.3406490,40.0335808,2103 115.3406298,40.0335751,2103 115.3406106,40.0335694,2103 115.3405886,40.0335615,2103 115.3405667,40.0335536,2103 115.3405445,40.0335407,2103 115.3405224,40.0335278,2103 115.3405017,40.0335135,2103 115.3404811,40.0334992,2103 115.3404613,40.0334857,2103 115.3404416,40.0334722,2102 115.3404253,40.0334591,2102 115.3404091,40.0334461,2103 115.3403966,40.0334330,2103 115.3403842,40.0334199,2103 115.3403734,40.0334077,2103 115.3403626,40.0333955,2103 115.3403523,40.0333862,2103 115.3403421,40.0333769,2103 115.3403282,40.0333683,2103 115.3403144,40.0333597,2103 115.3402981,40.0333509,2103 115.3402818,40.0333421,2103 115.3402673,40.0333321,2103 115.3402528,40.0333221,2103 115.3402426,40.0333120,2103 115.3402325,40.0333019,2103 115.3402262,40.0332918,2103 115.3402200,40.0332817,2103 115.3402150,40.0332730,2103 115.3402101,40.0332644,2103 115.3402029,40.0332555,2103 115.3401958,40.0332467,2103 115.3401916,40.0332361,2103 115.3401874,40.0332255,2103 115.3401875,40.0332129,2103 115.3401876,40.0332004,2103 115.3401880,40.0331870,2111 115.3401884,40.0331736,2111 115.3401861,40.0331604,2111 115.3401839,40.0331473,2111 115.3401801,40.0331336,2111 115.3401763,40.0331199,2111 115.3401754,40.0331050,2111 115.3401746,40.0330901,2111 115.3401708,40.0330758,2111 115.3401670,40.0330615,2111 115.3401606,40.0330492,2111 115.3401542,40.0330369,2111 115.3401450,40.0330284,2111 115.3401358,40.0330199,2116 115.3401239,40.0330152,2116 115.3401120,40.0330105,2116 115.3400991,40.0330055,2116 115.3400863,40.0330006,2116 115.3400739,40.0329932,2116 115.3400615,40.0329859,2116 115.3400527,40.0329778,2116 115.3400440,40.0329697,2116 115.3400402,40.0329626,2116 115.3400364,40.0329555,2116 115.3400336,40.0329500,2116 115.3400309,40.0329445,2116 115.3400253,40.0329391,2116 115.3400197,40.0329337,2116 115.3400116,40.0329282,2116 115.3400035,40.0329228,2116 115.3399941,40.0329152,2126 115.3399847,40.0329077,2126 115.3399765,40.0328978,2126 115.3399684,40.0328879,2126 115.3399599,40.0328759,2126 115.3399515,40.0328639,2126 115.3399441,40.0328503,2126 115.3399367,40.0328366,2126 115.3399303,40.0328222,2126 115.3399240,40.0328078,2126 115.3399186,40.0327946,2126 115.3399132,40.0327814,2126 115.3399087,40.0327694,2126 115.3399042,40.0327575,2126 115.3399000,40.0327451,2126 115.3398959,40.0327328,2126 115.3398889,40.0327209,2126 115.3398820,40.0327089,2126 115.3398712,40.0326978,2126 115.3398604,40.0326867,2120 115.3398460,40.0326754,2120 115.3398317,40.0326641,2120 115.3398159,40.0326489,2120 115.3398002,40.0326337,2125 115.3397874,40.0326134,2125 115.3397746,40.0325932,2125 115.3397668,40.0325710,2125 115.3397590,40.0325488,2125 115.3397543,40.0325277,2125 115.3397496,40.0325068,2125 115.3397496,40.0324890,2125 115.3397497,40.0324713,2125 115.3397528,40.0324574,2125 115.3397559,40.0324435,2125 115.3397533,40.0324291,2125 115.3397508,40.0324146,2125 115.3397371,40.0323960,2125 115.3397234,40.0323774,2125 115.3397016,40.0323579,2120 115.3396798,40.0323385,2120 115.3396560,40.0323209,2120 115.3396322,40.0323034,2120 115.3396081,40.0322891,2120 115.3395841,40.0322749,2120 115.3395597,40.0322626,2123 115.3395354,40.0322505,2123 115.3395120,40.0322360,2123 115.3394886,40.0322216,2123 115.3394712,40.0322036,2123 115.3394539,40.0321856,2123 115.3394416,40.0321696,2123 115.3394293,40.0321536,2123 115.3394203,40.0321434,2123 115.3394114,40.0321335,2123 115.3394043,40.0321282,2123 115.3393973,40.0321229,2123 115.3393884,40.0321172,2123 115.3393795,40.0321116,2123 115.3393675,40.0321051,2123 115.3393556,40.0320989,2123 115.3393430,40.0320914,2123 115.3393304,40.0320840,2123 115.3393169,40.0320732,2123 115.3393034,40.0320624,2128 115.3392901,40.0320508,2128 115.3392768,40.0320392,2128 115.3392635,40.0320270,2128 115.3392502,40.0320149,2128 115.3392375,40.0320042,2128 115.3392248,40.0319936,2128 115.3392110,40.0319878,2128 115.3391972,40.0319820,2128 115.3391844,40.0319773,2128 115.3391717,40.0319726,2128 115.3391604,40.0319663,2128 115.3391491,40.0319601,2128 115.3391368,40.0319519,2128 115.3391245,40.0319437,2128 115.3391109,40.0319334,2128 115.3390974,40.0319231,2128 115.3390844,40.0319123,2128 115.3390714,40.0319016,2128 115.3390587,40.0318909,2128 115.3390460,40.0318803,2128 115.3390336,40.0318696,2128 115.3390213,40.0318590,2131 115.3390103,40.0318497,2131 115.3389994,40.0318405,2131 115.3389877,40.0318323,2131 115.3389761,40.0318242,2131 115.3389644,40.0318151,2131 115.3389528,40.0318060,2131 115.3389430,40.0317971,2140 115.3389332,40.0317883,2140 115.3389260,40.0317779,2140 115.3389188,40.0317675,2140 115.3389118,40.0317561,2140 115.3389049,40.0317449,2140 115.3388983,40.0317328,2140 115.3388917,40.0317208,2140 115.3388838,40.0317117,2140 115.3388760,40.0317029,2140 115.3388643,40.0316950,2140 115.3388527,40.0316872,2140 115.3388399,40.0316774,2140 115.3388271,40.0316676,2140 115.3388119,40.0316556,2140 115.3387967,40.0316436,2140 115.3387768,40.0316315,2140 115.3387570,40.0316193,2140 115.3387336,40.0316075,2146 115.3387103,40.0315956,2146 115.3386898,40.0315862,2146 115.3386694,40.0315768,2146 115.3386539,40.0315729,2146 115.3386384,40.0315690,2146 115.3386222,40.0315664,2146 115.3386061,40.0315639,2146 115.3385887,40.0315569,2146 115.3385713,40.0315500,2146 115.3385544,40.0315392,2146 115.3385375,40.0315284,2146 115.3385217,40.0315165,2148 115.3385060,40.0315046,2148 115.3384952,40.0314921,2148 115.3384845,40.0314796,2148 115.3384747,40.0314679,2148 115.3384650,40.0314565,2157 115.3384546,40.0314457,2157 115.3384443,40.0314350,2157 115.3384342,40.0314244,2157 115.3384242,40.0314138,2157 115.3384170,40.0314033,2157 115.3384099,40.0313928,2157 115.3384046,40.0313828,2157 115.3383994,40.0313730,2157 115.3383918,40.0313640,2157 115.3383843,40.0313551,2157 115.3383731,40.0313432,2157 115.3383619,40.0313314,2157 115.3383513,40.0313153,2157 115.3383407,40.0312994,2157 115.3383319,40.0312819,2157 115.3383232,40.0312644,2157 115.3383144,40.0312478,2157 115.3383057,40.0312313,2157 115.3382967,40.0312168,2157 115.3382877,40.0312024,2157 115.3382759,40.0311910,2157 115.3382642,40.0311796,2157 115.3382494,40.0311706,2157 115.3382346,40.0311617,2157 115.3382190,40.0311554,2157 115.3382035,40.0311492,2157 115.3381869,40.0311432,2157 115.3381704,40.0311373,2157 115.3381529,40.0311294,2157 115.3381354,40.0311216,2157 115.3381176,40.0311127,2157 115.3380998,40.0311037,2157 115.3380825,40.0310961,2157 115.3380653,40.0310884,2157 115.3380511,40.0310800,2157 115.3380369,40.0310719,2157 115.3380223,40.0310645,2157 115.3380078,40.0310572,2157 115.3379912,40.0310532,2157 115.3379746,40.0310493,2157 115.3379595,40.0310498,2157 115.3379445,40.0310502,2157 115.3379309,40.0310546,2157 115.3379173,40.0310589,2157 115.3379052,40.0310634,2156 115.3378932,40.0310680,2156 115.3378800,40.0310694,2156 115.3378668,40.0310708,2156 115.3378528,40.0310689,2156 115.3378389,40.0310671,2156 115.3378258,40.0310645,2156 115.3378127,40.0310619,2156 115.3378015,40.0310619,2156 115.3377904,40.0310620,2156 115.3377796,40.0310662,2156 115.3377688,40.0310704,2156 115.3377560,40.0310754,2156 115.3377432,40.0310805,2156 115.3377288,40.0310826,2156 115.3377145,40.0310847,2156 115.3377004,40.0310867,2156 115.3376863,40.0310887,2156 115.3376725,40.0310932,2156 115.3376588,40.0310978,2156 115.3376423,40.0311021,2156 115.3376258,40.0311065,2157 115.3376063,40.0311084,2157 115.3375868,40.0311103,2157 115.3375678,40.0311116,2157 115.3375488,40.0311130,2157 115.3375320,40.0311138,2157 115.3375153,40.0311146,2157 115.3375003,40.0311143,2157 115.3374853,40.0311140,2157 115.3374694,40.0311124,2157 115.3374535,40.0311108,2157 115.3374353,40.0311069,2157 115.3374172,40.0311031,2157 115.3374002,40.0310984,2157 115.3373833,40.0310938,2157 115.3373682,40.0310920,2157 115.3373531,40.0310902,2161 115.3373339,40.0310929,2161 115.3373147,40.0310956,2161 115.3372890,40.0310981,2161 115.3372633,40.0311006,2161 115.3372336,40.0310990,2161 115.3372040,40.0310974,2161 115.3371757,40.0310919,2161 115.3371475,40.0310865,2161 115.3371242,40.0310782,2161 115.3371010,40.0310700,2161 115.3370830,40.0310615,2164 115.3370651,40.0310531,2164 115.3370463,40.0310482,2164 115.3370276,40.0310433,2164 115.3370032,40.0310416,2164 115.3369789,40.0310399,2164 115.3369542,40.0310379,2164 115.3369295,40.0310359,2164 115.3369088,40.0310330,2164 115.3368882,40.0310301,2164 115.3368663,40.0310288,2164 115.3368445,40.0310274,2164 115.3368190,40.0310238,2164 115.3367936,40.0310202,2167 115.3367658,40.0310142,2167 115.3367381,40.0310083,2167 115.3367118,40.0310026,2167 115.3366856,40.0309970,2167 115.3366610,40.0309927,2167 115.3366365,40.0309884,2167 115.3366147,40.0309827,2167 115.3365929,40.0309773,2167 115.3365765,40.0309697,2157 115.3365602,40.0309621,2157 115.3365473,40.0309549,2157 115.3365344,40.0309477,2157 115.3365216,40.0309456,2160 115.3365089,40.0309438,2160 115.3364957,40.0309474,2160 115.3364826,40.0309510,2160 115.3364696,40.0309571,2160 115.3364566,40.0309632,2160 115.3364442,40.0309698,2160 115.3364318,40.0309764,2167 115.3364185,40.0309839,2167 115.3364053,40.0309914,2167 115.3363905,40.0309979,2167 115.3363757,40.0310046,2167 115.3363591,40.0310086,2167 115.3363425,40.0310127,2167 115.3363259,40.0310151,2167 115.3363094,40.0310176,2167 115.3362944,40.0310198,2167 115.3362794,40.0310221,2167 115.3362644,40.0310239,2167 115.3362495,40.0310258,2167 115.3362329,40.0310254,2167 115.3362163,40.0310251,2167 115.3361994,40.0310225,2167 115.3361826,40.0310198,2167 115.3361649,40.0310155,2167 115.3361472,40.0310112,2167 115.3361300,40.0310058,2167 115.3361129,40.0310005,2167 115.3360982,40.0309954,2167 115.3360836,40.0309904,2167 115.3360708,40.0309873,2167 115.3360580,40.0309842,2167 115.3360458,40.0309812,2167 115.3360336,40.0309783,2167 115.3360230,40.0309734,2167 115.3360125,40.0309686,2161 115.3360024,40.0309652,2161 115.3359924,40.0309618,2161 115.3359818,40.0309605,2161 115.3359712,40.0309592,2161 115.3359603,40.0309583,2161 115.3359494,40.0309574,2161 115.3359401,40.0309570,2161 115.3359308,40.0309567,2161 115.3359237,40.0309580,2161 115.3359166,40.0309593,2161 115.3359092,40.0309624,2161 115.3359022,40.0309607,2161 115.3358953,40.0309590,2161 115.3358878,40.0309550,2161 115.3358804,40.0309509,2161 115.3358729,40.0309461,2161 115.3358655,40.0309414,2161 115.3358589,40.0309371,2161 115.3358523,40.0309331,2161 115.3358457,40.0309296,2161 115.3358392,40.0309261,2161 115.3358325,40.0309228,2161 115.3358258,40.0309195,2161 115.3358166,40.0309156,2161 115.3358061,40.0309118,2161 115.3357956,40.0309079,2161 115.3357862,40.0309047,2161 115.3357769,40.0309014,2161 115.3357664,40.0308965,2161 115.3357559,40.0308915,2161 115.3357404,40.0308827,2161 115.3357291,40.0308800,2161 115.3357179,40.0308773,2161 115.3357072,40.0308746,2161 115.3356966,40.0308719,2161 115.3356872,40.0308689,2161 115.3356778,40.0308659,2161 115.3356703,40.0308613,2161 115.3356629,40.0308568,2161 115.3356564,40.0308504,2161 115.3356500,40.0308440,2161 115.3356443,40.0308382,2161 115.3356386,40.0308325,2161 115.3356310,40.0308293,2161 115.3356234,40.0308261,2161 115.3356183,40.0308251,2161 115.3356132,40.0308240,2161 115.3356081,40.0308231,2161 115.3356031,40.0308221,2161 115.3355933,40.0308194,2161 115.3355836,40.0308167,2161 115.3355752,40.0308140,2161 115.3355668,40.0308112,2161 115.3355576,40.0308081,2161 115.3355485,40.0308050,2161 115.3355385,40.0308008,2161 115.3355286,40.0307967,2161 115.3355194,40.0307917,2161 115.3355102,40.0307868,2161 115.3355017,40.0307810,2161 115.3354932,40.0307753,2161 115.3354854,40.0307691,2161 115.3354777,40.0307629,2161 115.3354696,40.0307570,2161 115.3354616,40.0307512,2161 115.3354519,40.0307464,2161 115.3354423,40.0307417,2161 115.3354304,40.0307393,2161 115.3354186,40.0307369,2161 115.3354056,40.0307373,2161 115.3353926,40.0307378,2161 115.3353787,40.0307395,2161 115.3353649,40.0307412,2161 115.3353531,40.0307392,2161 115.3353413,40.0307373,2161 115.3353325,40.0307334,2161 115.3353237,40.0307297,2161 115.3353144,40.0307274,2161 115.3353051,40.0307251,2161 115.3352943,40.0307232,2161 115.3352835,40.0307213,2161 115.3352725,40.0307180,2161 115.3352615,40.0307148,2161 115.3352527,40.0307101,2161 115.3352440,40.0307055,2161 115.3352366,40.0307001,2161 115.3352293,40.0306948,2161 115.3352210,40.0306898,2158 115.3352128,40.0306849,2158 115.3352038,40.0306818,2158 115.3351949,40.0306787,2158 115.3351855,40.0306773,2158 115.3351762,40.0306759,2158 115.3351697,40.0306746,2158 115.3351633,40.0306734,2158 115.3351569,40.0306722,2158 115.3351499,40.0306707,2158 115.3351429,40.0306693,2158 115.3351381,40.0306676,2161 115.3351334,40.0306659,2161 115.3351288,40.0306620,2161 115.3351243,40.0306580,2161 115.3351179,40.0306544,2161 115.3351115,40.0306507,2161 115.3351027,40.0306479,2161 115.3350939,40.0306452,2161 115.3350820,40.0306418,2161 115.3350702,40.0306384,2161 115.3350561,40.0306343,2161 115.3350420,40.0306305,2161 115.3350271,40.0306273,2161 115.3350122,40.0306242,2161 115.3349963,40.0306218,2161 115.3349804,40.0306194,2161 115.3349650,40.0306153,2161 115.3349496,40.0306112,2161 115.3349353,40.0306053,2161 115.3349211,40.0305995,2161 115.3349089,40.0305916,2161 115.3348968,40.0305837,2161 115.3348848,40.0305756,2161 115.3348729,40.0305674,2161 115.3348597,40.0305603,2164 115.3348466,40.0305532,2164 115.3348326,40.0305466,2164 115.3348187,40.0305400,2164 115.3348021,40.0305340,2164 115.3347855,40.0305283,2164 115.3347682,40.0305233,2164 115.3347509,40.0305184,2164 115.3347356,40.0305129,2164 115.3347204,40.0305075,2164 115.3347082,40.0305016,2164 115.3346961,40.0304958,2164 115.3346862,40.0304896,2164 115.3346764,40.0304835,2164 115.3346661,40.0304778,2164 115.3346559,40.0304722,2164 115.3346448,40.0304671,2164 115.3346338,40.0304623,2164 115.3346231,40.0304579,2164 115.3346124,40.0304536,2164 115.3346018,40.0304505,2164 115.3345912,40.0304474,2164 115.3345813,40.0304448,2167 115.3345715,40.0304422,2167 115.3345623,40.0304387,2167 115.3345532,40.0304352,2167 115.3345424,40.0304306,2167 115.3345317,40.0304262,2167 115.3345171,40.0304202,2167 115.3345026,40.0304142,2170 115.3344837,40.0304060,2170 115.3344648,40.0303977,2170 115.3344396,40.0303867,2170 115.3344144,40.0303757,2170 115.3343868,40.0303631,2170 115.3343593,40.0303508,2170 115.3343381,40.0303408,2170 115.3343169,40.0303309,2170 115.3343023,40.0303246,2177 115.3342878,40.0303184,2177 115.3342761,40.0303137,2177 115.3342645,40.0303090,2177 115.3342499,40.0303041,2177 115.3342353,40.0302992,2177 115.3342177,40.0302947,2177 115.3342002,40.0302902,2177 115.3341833,40.0302843,2177 115.3341664,40.0302784,2177 115.3341532,40.0302726,2177 115.3341401,40.0302669,2177 115.3341281,40.0302639,2177 115.3341162,40.0302609,2177 115.3341051,40.0302577,2177 115.3340940,40.0302545,2177 115.3340840,40.0302498,2177 115.3340740,40.0302452,2177 115.3340638,40.0302399,2177 115.3340536,40.0302346,2177 115.3340431,40.0302283,2177 115.3340326,40.0302220,2177 115.3340211,40.0302164,2179 115.3340096,40.0302108,2179 115.3339984,40.0302064,2179 115.3339872,40.0302020,2179 115.3339737,40.0301992,2179 115.3339603,40.0301963,2179 115.3339466,40.0301919,2179 115.3339330,40.0301874,2179 115.3339205,40.0301801,2179 115.3339081,40.0301727,2179 115.3338938,40.0301670,2179 115.3338796,40.0301613,2179 115.3338650,40.0301579,2179 115.3338505,40.0301546,2179 115.3338366,40.0301506,2179 115.3338227,40.0301467,2179 115.3338104,40.0301415,2179 115.3337982,40.0301364,2187 115.3337872,40.0301315,2187 115.3337763,40.0301266,2187 115.3337649,40.0301222,2187 115.3337535,40.0301179,2187 115.3337413,40.0301136,2194 115.3337292,40.0301094,2194 115.3337179,40.0301037,2194 115.3337066,40.0300980,2194 115.3336964,40.0300912,2194 115.3336862,40.0300843,2194 115.3336803,40.0300755,2194 115.3336745,40.0300667,2194 115.3336747,40.0300559,2194 115.3336749,40.0300452,2194 115.3336758,40.0300329,2194 115.3336768,40.0300206,2194 115.3336743,40.0300074,2194 115.3336718,40.0299942,2194 115.3336668,40.0299815,2194 115.3336619,40.0299689,2194 115.3336563,40.0299560,2194 115.3336508,40.0299430,2194 115.3336420,40.0299346,2194 115.3336332,40.0299261,2194 115.3336201,40.0299266,2194 115.3336071,40.0299271,2194 115.3335938,40.0299335,2194 115.3335805,40.0299400,2194 115.3335677,40.0299466,2194 115.3335550,40.0299532,2194 115.3335419,40.0299579,2194 115.3335289,40.0299626,2194 115.3335159,40.0299648,2194 115.3335030,40.0299670,2194 115.3334929,40.0299672,2194 115.3334828,40.0299673,2194 115.3334773,40.0299678,2194 115.3334718,40.0299682,2205 115.3334663,40.0299687,2205 115.3334573,40.0299684,2205 115.3334484,40.0299682,2205 115.3334355,40.0299664,2205 115.3334227,40.0299646,2205 115.3333972,40.0299570,2205 115.3333901,40.0299547,2205 115.3333831,40.0299525,2205 115.3333743,40.0299524,2205 115.3333656,40.0299523,2205 115.3333567,40.0299531,2205 115.3333478,40.0299539,2205 115.3333401,40.0299535,2205 115.3333324,40.0299530,2205 115.3333246,40.0299509,2205 115.3333168,40.0299489,2205 115.3333121,40.0299474,2205 115.3333074,40.0299460,2205 115.3332999,40.0299425,2205 115.3332925,40.0299390,2205 115.3332855,40.0299356,2205 115.3332786,40.0299323,2205 115.3332727,40.0299287,2205 115.3332669,40.0299251,2205 115.3332616,40.0299207,2205 115.3332563,40.0299164,2205 115.3332506,40.0299103,2205 115.3332449,40.0299042,2205 115.3332386,40.0298982,2205 115.3332324,40.0298922,2205 115.3332253,40.0298878,2205 115.3332182,40.0298834,2205 115.3332091,40.0298811,2205 115.3332000,40.0298789,2205 115.3331892,40.0298782,2217 115.3331785,40.0298776,2217 115.3331668,40.0298767,2217 115.3331551,40.0298760,2217 115.3331436,40.0298742,2217 115.3331321,40.0298725,2217 115.3331215,40.0298687,2217 115.3331110,40.0298650,2217 115.3331023,40.0298599,2231 115.3330936,40.0298548,2231 115.3330858,40.0298496,2231 115.3330781,40.0298444,2231 115.3330733,40.0298413,2231 115.3330685,40.0298382,2231 115.3330589,40.0298334,2231 115.3330494,40.0298287,2231 115.3330391,40.0298246,2231 115.3330288,40.0298205,2231 115.3330198,40.0298153,2231 115.3330109,40.0298102,2231 115.3330057,40.0298041,2231 115.3330006,40.0297980,2231 115.3329970,40.0297916,2231 115.3329935,40.0297854,2231 115.3329914,40.0297824,2231 115.3329894,40.0297794,2231 115.3329873,40.0297766,2231 115.3329853,40.0297737,2231 115.3329802,40.0297691,2231 115.3329752,40.0297647,2231 115.3329700,40.0297592,2231 115.3329649,40.0297538,2231 115.3329610,40.0297484,2231 115.3329571,40.0297430,2231 115.3329546,40.0297381,2231 115.3329522,40.0297332,2231 115.3329509,40.0297275,2231 115.3329497,40.0297218,2231 115.3329492,40.0297192,2231 115.3329488,40.0297168,2231 115.3329484,40.0297144,2231 115.3329473,40.0297112,2231 115.3329463,40.0297080,2231 115.3329414,40.0297033,2231 115.3329365,40.0296987,2231 115.3329268,40.0296949,2231 115.3329171,40.0296912,2231 115.3329053,40.0296881,2243 115.3328936,40.0296850,2243 115.3328831,40.0296803,2243 115.3328726,40.0296758,2243 115.3328644,40.0296708,2243 115.3328562,40.0296657,2243 115.3328477,40.0296627,2243 115.3328393,40.0296598,2243 115.3328293,40.0296575,2243 115.3328194,40.0296553,2243 115.3328098,40.0296507,2243 115.3328003,40.0296462,2243 115.3327942,40.0296402,2243 115.3327881,40.0296344,2243 115.3327818,40.0296304,2243 115.3327756,40.0296264,2243 115.3327682,40.0296246,2243 115.3327609,40.0296228,2243 115.3327545,40.0296230,2243 115.3327481,40.0296232,2243 115.3327414,40.0296267,2243 115.3327348,40.0296303,2243 115.3327265,40.0296344,2243 115.3327183,40.0296385,2243 115.3327093,40.0296401,2243 115.3327003,40.0296417,2243 115.3326929,40.0296413,2243 115.3326855,40.0296408,2243 115.3326795,40.0296382,2243 115.3326735,40.0296356,2243 115.3326679,40.0296305,2243 115.3326623,40.0296254,2243 115.3326584,40.0296222,2243 115.3326545,40.0296189,2243 115.3326450,40.0296144,2243 115.3326355,40.0296098,2247 115.3326233,40.0296060,2247 115.3326112,40.0296021,2247 115.3325975,40.0295968,2247 115.3325839,40.0295916,2247 115.3325714,40.0295850,2247 115.3325589,40.0295785,2251 115.3325470,40.0295717,2251 115.3325351,40.0295650,2251 115.3325220,40.0295587,2251 115.3325090,40.0295527,2251 115.3324965,40.0295484,2251 115.3324841,40.0295441,2251 115.3324728,40.0295417,2251 115.3324616,40.0295392,2251 115.3324501,40.0295390,2251 115.3324387,40.0295389,2251 115.3324264,40.0295394,2251 115.3324142,40.0295400,2251 115.3324024,40.0295397,2251 115.3323906,40.0295395,2251 115.3323789,40.0295389,2251 115.3323673,40.0295383,2251 115.3323552,40.0295382,2259 115.3323431,40.0295381,2259 115.3323300,40.0295360,2259 115.3323169,40.0295340,2259 115.3323048,40.0295289,2259 115.3322927,40.0295238,2259 115.3322808,40.0295186,2259 115.3322689,40.0295137,2259 115.3322568,40.0295099,2259 115.3322447,40.0295062,2259 115.3322325,40.0295026,2259 115.3322203,40.0294990,2259 115.3322073,40.0294950,2259 115.3321943,40.0294911,2259 115.3321824,40.0294883,2259 115.3321705,40.0294856,2259 115.3321608,40.0294833,2259 115.3321511,40.0294813,2259 115.3321432,40.0294760,2259 115.3321353,40.0294709,2259 115.3321303,40.0294630,2259 115.3321254,40.0294551,2259 115.3321200,40.0294475,2259 115.3321147,40.0294399,2259 115.3321064,40.0294337,2259 115.3320982,40.0294275,2259 115.3320856,40.0294237,2259 115.3320731,40.0294200,2267 115.3320590,40.0294158,2267 115.3320449,40.0294116,2267 115.3320312,40.0294064,2267 115.3320175,40.0294012,2267 115.3320037,40.0293960,2267 115.3319900,40.0293909,2267 115.3319764,40.0293848,2267 115.3319629,40.0293790,2267 115.3319483,40.0293735,2267 115.3319338,40.0293681,2267 115.3319220,40.0293625,2267 115.3319102,40.0293569,2267 115.3319007,40.0293528,2267 115.3318912,40.0293487,2267 115.3318817,40.0293453,2267 115.3318723,40.0293419,2267 115.3318638,40.0293383,2267 115.3318553,40.0293347,2267 115.3318495,40.0293278,2267 115.3318437,40.0293209,2267 115.3318381,40.0293143,2267 115.3318325,40.0293079,2267 115.3318230,40.0293023,2276 115.3318136,40.0292968,2276 115.3318027,40.0292904,2287 115.3317919,40.0292841,2287 115.3317824,40.0292766,2287 115.3317729,40.0292693,2287 115.3317626,40.0292619,2287 115.3317524,40.0292545,2287 115.3317401,40.0292464,2287 115.3317278,40.0292383,2287 115.3317175,40.0292295,2287 115.3317072,40.0292207,2287 115.3317007,40.0292114,2287 115.3316943,40.0292021,2287 115.3316894,40.0291942,2287 115.3316846,40.0291864,2287 115.3316785,40.0291816,2287 115.3316725,40.0291768,2287 115.3316676,40.0291723,2287 115.3316628,40.0291678,2287 115.3316578,40.0291625,2287 115.3316528,40.0291573,2287 115.3316443,40.0291515,2287 115.3316358,40.0291457,2287 115.3316259,40.0291385,2287 115.3316160,40.0291314,2287 115.3316058,40.0291228,2287 115.3315956,40.0291142,2287 115.3315873,40.0291051,2287 115.3315790,40.0290962,2287 115.3315709,40.0290886,2287 115.3315628,40.0290811,2287 115.3315548,40.0290749,2287 115.3315468,40.0290688,2287 115.3315385,40.0290630,2287 115.3315303,40.0290573,2287 115.3315233,40.0290530,2290 115.3315163,40.0290487,2290 115.3315094,40.0290443,2290 115.3314974,40.0290383,2290 115.3314855,40.0290322,2290 115.3314733,40.0290254,2299 115.3314612,40.0290186,2299 115.3314515,40.0290099,2299 115.3314419,40.0290012,2299 115.3314385,40.0289895,2299 115.3314352,40.0289778,2299 115.3314370,40.0289661,2299 115.3314388,40.0289545,2299 115.3314399,40.0289439,2299 115.3314411,40.0289333,2299 115.3314422,40.0289235,2299 115.3314434,40.0289136,2299 115.3314440,40.0289045,2299 115.3314447,40.0288953,2299 115.3314484,40.0288879,2299 115.3314521,40.0288805,2299 115.3314577,40.0288753,2299 115.3314633,40.0288703,2299 115.3314687,40.0288660,2299 115.3314742,40.0288618,2299 115.3314767,40.0288579,2299 115.3314793,40.0288540,2299 115.3314819,40.0288503,2299 115.3314838,40.0288446,2299 115.3314858,40.0288388,2299 115.3314873,40.0288331,2299 115.3314889,40.0288274,2299 115.3314905,40.0288208,2299 115.3314922,40.0288143,2299 115.3314910,40.0288092,2299 115.3314898,40.0288041,2299 115.3314833,40.0288013,2299 115.3314768,40.0287986,2299 115.3314710,40.0287985,2299 115.3314652,40.0287985,2299 115.3314538,40.0288010,2299 115.3314425,40.0288035,2299 115.3314364,40.0288054,2299 115.3314304,40.0288072,2299 115.3314203,40.0288104,2299 115.3314103,40.0288135,2299 115.3314046,40.0288128,2299 115.3313989,40.0288121,2299 115.3313933,40.0288114,2299 115.3313859,40.0288050,2299 115.3313786,40.0287986,2299 115.3313696,40.0287869,2299 115.3313607,40.0287752,2299 115.3313434,40.0287488,2303 115.3313395,40.0287422,2303 115.3313357,40.0287356,2303 115.3313316,40.0287292,2303 115.3313276,40.0287229,2303 115.3313212,40.0287160,2303 115.3313148,40.0287093,2303 115.3313069,40.0287019,2303 115.3312991,40.0286945,2303 115.3312899,40.0286874,2303 115.3312808,40.0286803,2303 115.3312717,40.0286754,2303 115.3312626,40.0286706,2303 115.3312536,40.0286693,2303 115.3312447,40.0286681,2304 115.3312343,40.0286687,2304 115.3312240,40.0286693,2304 115.3312166,40.0286688,2304 115.3312092,40.0286684,2304 115.3312018,40.0286680,2304 115.3311923,40.0286641,2304 115.3311828,40.0286602,2304 115.3311729,40.0286548,2304 115.3311631,40.0286495,2304 115.3311509,40.0286438,2304 115.3311388,40.0286382,2304 115.3311260,40.0286332,2304 115.3311132,40.0286282,2304 115.3311001,40.0286240,2304 115.3310871,40.0286198,2304 115.3310728,40.0286160,2304 115.3310585,40.0286123,2304 115.3310440,40.0286084,2304 115.3310296,40.0286045,2304 115.3310187,40.0286011,2304 115.3310078,40.0285977,2304 115.3309999,40.0285942,2304 115.3309920,40.0285908,2304 115.3309866,40.0285873,2304 115.3309812,40.0285838,2304 115.3309758,40.0285804,2304 115.3309671,40.0285751,2306 115.3309585,40.0285698,2306 115.3309485,40.0285650,2306 115.3309386,40.0285603,2306 115.3309283,40.0285553,2306 115.3309181,40.0285504,2306 115.3309076,40.0285462,2306 115.3308972,40.0285421,2306 115.3308879,40.0285371,2306 115.3308787,40.0285321,2306 115.3308702,40.0285249,2306 115.3308617,40.0285177,2306 115.3308537,40.0285106,2306 115.3308457,40.0285035,2306 115.3308363,40.0284979,2306 115.3308269,40.0284923,2306 115.3308162,40.0284875,2306 115.3308056,40.0284827,2306 115.3307935,40.0284777,2306 115.3307815,40.0284728,2306 115.3307679,40.0284685,2311 115.3307544,40.0284644,2311 115.3307391,40.0284606,2311 115.3307239,40.0284571,2311 115.3307091,40.0284527,2311 115.3306944,40.0284484,2306 115.3306802,40.0284442,2306 115.3306661,40.0284401,2306 115.3306519,40.0284387,2306 115.3306378,40.0284374,2306 115.3306247,40.0284390,2306 115.3306117,40.0284406,2306 115.3305984,40.0284411,2306 115.3305851,40.0284417,2306 115.3305715,40.0284394,2306 115.3305580,40.0284372,2306 115.3305450,40.0284337,2306 115.3305321,40.0284302,2306 115.3305186,40.0284259,2306 115.3305052,40.0284215,2306 115.3304920,40.0284163,2306 115.3304789,40.0284112,2306 115.3304659,40.0284057,2306 115.3304529,40.0284002,2306 115.3304400,40.0283943,2306 115.3304271,40.0283885,2306 115.3304137,40.0283819,2308 115.3304004,40.0283753,2308 115.3303864,40.0283673,2308 115.3303725,40.0283594,2308 115.3303572,40.0283502,2308 115.3303419,40.0283410,2308 115.3303243,40.0283295,2308 115.3303068,40.0283180,2308 115.3302852,40.0283032,2308 115.3302637,40.0282885,2308 115.3302411,40.0282737,2308 115.3302186,40.0282590,2308 115.3301973,40.0282483,2308 115.3301761,40.0282376,2308 115.3301563,40.0282299,2308 115.3301366,40.0282222,2306 115.3301173,40.0282137,2306 115.3300980,40.0282052,2306 115.3300748,40.0281936,2305 115.3300516,40.0281821,2305 115.3300259,40.0281677,2305 115.3300003,40.0281534,2305 115.3299812,40.0281389,2305 115.3299622,40.0281244,2305 115.3299490,40.0281135,2305 115.3299358,40.0281025,2305 115.3299259,40.0280957,2305 115.3299161,40.0280890,2305 115.3299070,40.0280839,2305 115.3298979,40.0280789,2305 115.3298881,40.0280757,2305 115.3298784,40.0280726,2305 115.3298671,40.0280698,2305 115.3298559,40.0280670,2310 115.3298452,40.0280623,2310 115.3298346,40.0280575,2310 115.3298232,40.0280544,2310 115.3298118,40.0280513,2310 115.3297994,40.0280510,2310 115.3297871,40.0280507,2310 115.3297753,40.0280508,2310 115.3297635,40.0280508,2310 115.3297519,40.0280524,2310 115.3297404,40.0280539,2310 115.3297297,40.0280574,2310 115.3297191,40.0280609,2310 115.3297097,40.0280653,2310 115.3297004,40.0280698,2310 115.3296922,40.0280737,2310 115.3296841,40.0280777,2310 115.3296747,40.0280806,2310 115.3296654,40.0280835,2310 115.3296551,40.0280858,2310 115.3296449,40.0280882,2310 115.3296352,40.0280907,2310 115.3296255,40.0280933,2310 115.3296163,40.0280962,2310 115.3296071,40.0280992,2310 115.3295947,40.0281036,2310 115.3295823,40.0281081,2317 115.3295629,40.0281154,2317 115.3295530,40.0281164,2317 115.3295431,40.0281174,2317 115.3295310,40.0281158,2317 115.3295190,40.0281143,2317 115.3295051,40.0281122,2317 115.3294913,40.0281102,2317 115.3294763,40.0281083,2317 115.3294613,40.0281065,2317 115.3294471,40.0281049,2317 115.3294329,40.0281035,2317 115.3294205,40.0281014,2317 115.3294082,40.0280994,2317 115.3293963,40.0280987,2317 115.3293845,40.0280981,2317 115.3293705,40.0280985,2317 115.3293565,40.0280990,2317 115.3293412,40.0280999,2317 115.3293260,40.0281008,2317 115.3293095,40.0281011,2317 115.3292930,40.0281015,2318 115.3292760,40.0281014,2318 115.3292591,40.0281014,2318 115.3292414,40.0280998,2318 115.3292238,40.0280982,2318 115.3292023,40.0280961,2318 115.3291809,40.0280940,2318 115.3291543,40.0280919,2318 115.3291277,40.0280897,2318 115.3291006,40.0280859,2318 115.3290736,40.0280821,2318 115.3290485,40.0280755,2318 115.3290235,40.0280689,2317 115.3289982,40.0280604,2317 115.3289729,40.0280519,2317 115.3289443,40.0280435,2317 115.3289157,40.0280354,2317 115.3288828,40.0280283,2317 115.3288500,40.0280212,2317 115.3288169,40.0280159,2317 115.3287839,40.0280107,2317 115.3287552,40.0280069,2317 115.3287266,40.0280032,2318 115.3287043,40.0279995,2318 115.3286821,40.0279958,2318 115.3286646,40.0279911,2318 115.3286472,40.0279864,2318 115.3286325,40.0279797,2318 115.3286179,40.0279730,2318 115.3286038,40.0279655,2318 115.3285897,40.0279580,2318 115.3285756,40.0279499,2318 115.3285616,40.0279419,2318 115.3285477,40.0279323,2318 115.3285338,40.0279227,2318 115.3285200,40.0279122,2321 115.3285063,40.0279018,2321 115.3284930,40.0278903,2321 115.3284797,40.0278789,2321 115.3284668,40.0278678,2325 115.3284540,40.0278570,2325 115.3284408,40.0278483,2325 115.3284276,40.0278397,2325 115.3284120,40.0278345,2325 115.3283964,40.0278294,2325 115.3283806,40.0278254,2325 115.3283648,40.0278214,2325 115.3283503,40.0278167,2325 115.3283358,40.0278122,2325 115.3283223,40.0278085,2325 115.3283088,40.0278049,2325 115.3282979,40.0278030,2325 115.3282870,40.0278011,2325 115.3282798,40.0277987,2325 115.3282726,40.0277964,2325 115.3282669,40.0277929,2325 115.3282612,40.0277894,2325 115.3282523,40.0277847,2325 115.3282434,40.0277801,2325 115.3282322,40.0277740,2325 115.3282210,40.0277680,2325 115.3282108,40.0277613,2325 115.3282007,40.0277546,2325 115.3281908,40.0277478,2325 115.3281810,40.0277411,2325 115.3281700,40.0277352,2325 115.3281590,40.0277293,2325 115.3281473,40.0277242,2325 115.3281357,40.0277191,2325 115.3281221,40.0277158,2325 115.3281085,40.0277126,2325 115.3280928,40.0277118,2325 115.3280772,40.0277111,2325 115.3280617,40.0277120,2325 115.3280462,40.0277129,2325 115.3280317,40.0277119,2325 115.3280173,40.0277109,2325 115.3280028,40.0277089,2325 115.3279883,40.0277070,2325 115.3279731,40.0277067,2325 115.3279580,40.0277065,2325 115.3279425,40.0277070,2325 115.3279271,40.0277075,2325 115.3279107,40.0277067,2321 115.3278943,40.0277060,2321 115.3278759,40.0277046,2321 115.3278576,40.0277033,2321 115.3278395,40.0277006,2321 115.3278214,40.0276981,2321 115.3278054,40.0276938,2321 115.3277895,40.0276895,2321 115.3277728,40.0276843,2321 115.3277561,40.0276792,2321 115.3277344,40.0276743,2321 115.3277128,40.0276694,2321 115.3276845,40.0276661,2321 115.3276563,40.0276628,2321 115.3276279,40.0276600,2319 115.3275995,40.0276573,2319 115.3275752,40.0276540,2319 115.3275510,40.0276508,2319 115.3275313,40.0276463,2319 115.3275116,40.0276418,2319 115.3274931,40.0276368,2321 115.3274746,40.0276319,2321 115.3274541,40.0276261,2321 115.3274336,40.0276203,2321 115.3274088,40.0276147,2321 115.3273841,40.0276092,2321 115.3273563,40.0276050,2325 115.3273285,40.0276008,2325 115.3273027,40.0275978,2325 115.3272770,40.0275948,2325 115.3272527,40.0275932,2325 115.3272284,40.0275915,2325 115.3272051,40.0275908,2325 115.3271819,40.0275902,2325 115.3271600,40.0275887,2325 115.3271381,40.0275872,2325 115.3271150,40.0275855,2325 115.3270919,40.0275839,2325 115.3270667,40.0275827,2329 115.3270415,40.0275814,2329 115.3270142,40.0275834,2329 115.3269869,40.0275854,2329 115.3269596,40.0275887,2329 115.3269324,40.0275920,2329 115.3269057,40.0275953,2329 115.3268791,40.0275987,2329 115.3268540,40.0276015,2329 115.3268290,40.0276043,2329 115.3268061,40.0276050,2329 115.3267832,40.0276058,2338 115.3267626,40.0276010,2338 115.3267421,40.0275963,2338 115.3267252,40.0275863,2338 115.3267083,40.0275764,2338 115.3266929,40.0275650,2338 115.3266776,40.0275538,2338 115.3266613,40.0275425,2338 115.3266451,40.0275314,2338 115.3266283,40.0275212,2338 115.3266115,40.0275109,2338 115.3265925,40.0275046,2338 115.3265736,40.0274981,2338 115.3265531,40.0274926,2338 115.3265326,40.0274871,2338 115.3265131,40.0274796,2344 115.3264936,40.0274721,2344 115.3264754,40.0274661,2344 115.3264573,40.0274602,2344 115.3264421,40.0274563,2344 115.3264270,40.0274525,2344 115.3264146,40.0274476,2344 115.3264023,40.0274427,2344 115.3263912,40.0274355,2344 115.3263802,40.0274282,2344 115.3263692,40.0274219,2344 115.3263583,40.0274156,2344 115.3263467,40.0274104,2344 115.3263351,40.0274053,2344 115.3263250,40.0273993,2344 115.3263149,40.0273933,2344 115.3263051,40.0273876,2344 115.3262953,40.0273819,2344 115.3262864,40.0273785,2344 115.3262776,40.0273751,2344 115.3262688,40.0273717,2344 115.3262538,40.0273661,2344 115.3262388,40.0273605,2346 115.3262238,40.0273544,2346 115.3262088,40.0273483,2346 115.3261957,40.0273414,2346 115.3261826,40.0273346,2346 115.3261717,40.0273277,2346 115.3261609,40.0273208,2346 115.3261508,40.0273159,2346 115.3261407,40.0273110,2346 115.3261308,40.0273081,2346 115.3261209,40.0273052,2346 115.3261114,40.0273030,2346 115.3261019,40.0273008,2346 115.3260930,40.0272980,2346 115.3260842,40.0272953,2346 115.3260746,40.0272910,2346 115.3260651,40.0272867,2346 115.3260539,40.0272817,2346 115.3260427,40.0272768,2346 115.3260298,40.0272718,2346 115.3260170,40.0272669,2346 115.3260042,40.0272607,2346 115.3259914,40.0272545,2346 115.3259801,40.0272479,2346 115.3259689,40.0272414,2352 115.3259583,40.0272342,2352 115.3259477,40.0272270,2352 115.3259361,40.0272203,2352 115.3259246,40.0272136,2352 115.3259081,40.0272093,2352 115.3258917,40.0272053,2352 115.3258700,40.0272036,2352 115.3258483,40.0272020,2352 115.3258269,40.0272018,2352 115.3258056,40.0272017,2352 115.3257875,40.0272018,2352 115.3257694,40.0272019,2352 115.3257541,40.0272016,2352 115.3257388,40.0272014,2352 115.3257267,40.0272008,2352 115.3257147,40.0272002,2352 115.3257047,40.0271989,2352 115.3256948,40.0271976,2352 115.3256839,40.0271960,2353 115.3256730,40.0271945,2353 115.3256575,40.0271937,2353 115.3256444,40.0271963,2353 115.3256314,40.0271989,2353 115.3256198,40.0272041,2353 115.3256082,40.0272093,2353 115.3255976,40.0272152,2353 115.3255870,40.0272212,2353 115.3255747,40.0272257,2353 115.3255625,40.0272304,2353 115.3255474,40.0272336,2353 115.3255324,40.0272370,2353 115.3255140,40.0272383,2353 115.3254957,40.0272397,2353 115.3254738,40.0272379,2353 115.3254519,40.0272364,2353 115.3254249,40.0272321,2353 115.3253979,40.0272279,2356 115.3253696,40.0272203,2356 115.3253413,40.0272128,2356 115.3253147,40.0272043,2356 115.3252881,40.0271958,2356 115.3252616,40.0271880,2356 115.3252352,40.0271801,2356 115.3252112,40.0271726,2356 115.3251872,40.0271651,2356 115.3251693,40.0271555,2356 115.3251515,40.0271460,2356 115.3251388,40.0271335,2360 115.3251262,40.0271211,2360 115.3251146,40.0271089,2360 115.3251031,40.0270967,2360 115.3250943,40.0270865,2360 115.3250856,40.0270763,2376 115.3250783,40.0270687,2376 115.3250711,40.0270612,2376 115.3250629,40.0270555,2376 115.3250548,40.0270498,2376 115.3250448,40.0270443,2376 115.3250349,40.0270389,2376 115.3250235,40.0270327,2376 115.3250122,40.0270266,2376 115.3250020,40.0270205,2376 115.3249918,40.0270145,2376 115.3249815,40.0270095,2376 115.3249712,40.0270046,2376 115.3249626,40.0270001,2376 115.3249540,40.0269957,2376 115.3249467,40.0269917,2376 115.3249395,40.0269878,2376 115.3249333,40.0269858,2376 115.3249271,40.0269837,2376 115.3249210,40.0269818,2376 115.3249142,40.0269817,2376 115.3249075,40.0269817,2376 115.3249062,40.0269851,2376 115.3249050,40.0269886,2376 115.3249054,40.0269910,2376 115.3249059,40.0269936,2376 115.3249064,40.0269961,2376 115.3249067,40.0270013,2376 115.3249070,40.0270066,2376 115.3249053,40.0270061,2376 115.3249036,40.0270056,2376 115.3249024,40.0270025,2376 115.3249013,40.0269994,2376 115.3248977,40.0269932,2376 115.3248942,40.0269871,2376 115.3248879,40.0269825,2376 115.3248816,40.0269782,2376 115.3248708,40.0269726,2376 115.3248596,40.0269673,2380 115.3248485,40.0269620,2380 115.3248368,40.0269563,2380 115.3248251,40.0269506,2380 115.3248142,40.0269461,2380 115.3248033,40.0269416,2380 115.3247928,40.0269381,2380 115.3247824,40.0269349,2380 115.3247726,40.0269318,2380 115.3247628,40.0269288,2380 115.3247520,40.0269248,2380 115.3247412,40.0269209,2380 115.3247296,40.0269159,2380 115.3247181,40.0269109,2380 115.3247056,40.0269055,2380 115.3246931,40.0269001,2380 115.3246814,40.0268939,2380 115.3246697,40.0268878,2380 115.3246585,40.0268806,2380 115.3246473,40.0268735,2380 115.3246363,40.0268664,2380 115.3246254,40.0268595,2380 115.3246146,40.0268527,2380 115.3246039,40.0268460,2380 115.3245926,40.0268386,2380 115.3245814,40.0268313,2390 115.3245695,40.0268246,2390 115.3245577,40.0268179,2390 115.3245467,40.0268111,2390 115.3245357,40.0268044,2404 115.3245267,40.0267963,2404 115.3245178,40.0267882,2404 115.3245105,40.0267788,2404 115.3245033,40.0267697,2404 115.3244963,40.0267617,2404 115.3244894,40.0267538,2404 115.3244823,40.0267466,2404 115.3244752,40.0267395,2404 115.3244672,40.0267322,2404 115.3244592,40.0267250,2404 115.3244498,40.0267172,2404 115.3244404,40.0267095,2404 115.3244292,40.0267024,2404 115.3244180,40.0266954,2404 115.3244054,40.0266881,2404 115.3243929,40.0266809,2404 115.3243799,40.0266726,2404 115.3243669,40.0266644,2404 115.3243535,40.0266559,2404 115.3243401,40.0266475,2404 115.3243259,40.0266393,2404 115.3243118,40.0266311,2404 115.3242968,40.0266230,2402 115.3242819,40.0266150,2402 115.3242675,40.0266076,2402 115.3242531,40.0266003,2402 115.3242384,40.0265937,2402 115.3242238,40.0265871,2402 115.3242074,40.0265791,2402 115.3241911,40.0265712,2402 115.3241731,40.0265612,2402 115.3241551,40.0265512,2402 115.3241355,40.0265413,2402 115.3241160,40.0265314,2402 115.3240985,40.0265218,2411 115.3240810,40.0265123,2411 115.3240659,40.0265017,2411 115.3240509,40.0264912,2411 115.3240347,40.0264775,2411 115.3240186,40.0264639,2410 115.3240005,40.0264495,2410 115.3239824,40.0264351,2410 115.3239624,40.0264204,2410 115.3239425,40.0264057,2410 115.3239216,40.0263911,2410 115.3239008,40.0263765,2410 115.3238802,40.0263623,2410 115.3238597,40.0263482,2410 115.3238394,40.0263351,2410 115.3238191,40.0263220,2410 115.3237993,40.0263099,2410 115.3237795,40.0262979,2410 115.3237613,40.0262873,2410 115.3237432,40.0262766,2401 115.3237270,40.0262684,2401 115.3237109,40.0262601,2401 115.3236953,40.0262523,2401 115.3236798,40.0262446,2413 115.3236654,40.0262360,2413 115.3236511,40.0262275,2413 115.3236367,40.0262195,2413 115.3236223,40.0262116,2413 115.3236064,40.0262035,2413 115.3235906,40.0261955,2413 115.3235743,40.0261862,2413 115.3235581,40.0261769,2413 115.3235427,40.0261657,2413 115.3235274,40.0261544,2413 115.3235134,40.0261412,2413 115.3234995,40.0261280,2413 115.3234861,40.0261155,2413 115.3234728,40.0261030,2413 115.3234594,40.0260918,2416 115.3234461,40.0260807,2416 115.3234330,40.0260707,2416 115.3234200,40.0260608,2416 115.3234073,40.0260507,2416 115.3233946,40.0260407,2416 115.3233826,40.0260302,2416 115.3233707,40.0260197,2416 115.3233597,40.0260102,2416 115.3233487,40.0260007,2416 115.3233386,40.0259932,2416 115.3233286,40.0259857,2416 115.3233179,40.0259772,2416 115.3233073,40.0259688,2417 115.3232793,40.0259498,2417 115.3232685,40.0259422,2417 115.3232577,40.0259349,2417 115.3232508,40.0259272,2417 115.3232440,40.0259195,2417 115.3232414,40.0259094,2417 115.3232388,40.0258993,2417 115.3231075,40.0258405,2416 115.3231026,40.0258417,2416 115.3230876,40.0258490,2416 115.3230783,40.0258526,2416 115.3230690,40.0258562,2416 115.3230590,40.0258609,2416 115.3230490,40.0258657,2416 115.3230425,40.0258701,2416 115.3230360,40.0258745,2416 115.3230296,40.0258789,2416 115.3230211,40.0258849,2416 115.3230126,40.0258909,2416 115.3230038,40.0258960,2416 115.3229951,40.0259012,2416 115.3229866,40.0259057,2416 115.3229782,40.0259104,2416 115.3229703,40.0259142,2416 115.3229625,40.0259181,2416 115.3229544,40.0259211,2416 115.3229463,40.0259242,2416 115.3229369,40.0259266,2416 115.3229275,40.0259291,2416 115.3229176,40.0259306,2416 115.3229078,40.0259321,2408 115.3228984,40.0259322,2408 115.3228891,40.0259323,2408 115.3228813,40.0259329,2408 115.3228736,40.0259335,2408 115.3228668,40.0259353,2408 115.3228601,40.0259372,2408 115.3228532,40.0259393,2408 115.3228464,40.0259414,2408 115.3228396,40.0259442,2408 115.3228329,40.0259470,2408 115.3228261,40.0259501,2408 115.3228193,40.0259533,2408 115.3228124,40.0259561,2408 115.3228056,40.0259590,2408 115.3227975,40.0259611,2408 115.3227894,40.0259632,2408 115.3227842,40.0259640,2408 115.3227790,40.0259647,2408 115.3227695,40.0259659,2408 115.3227601,40.0259671,2408 115.3227478,40.0259683,2408 115.3227355,40.0259697,2408 115.3227170,40.0259715,2408 115.3227091,40.0259723,2409 115.3227012,40.0259732,2409 115.3226936,40.0259747,2409 115.3226861,40.0259762,2409 115.3226786,40.0259791,2409 115.3226712,40.0259820,2409 115.3226656,40.0259847,2409 115.3226600,40.0259874,2409 115.3226544,40.0259902,2409 115.3226435,40.0259945,2409 115.3226326,40.0259989,2408 115.3226152,40.0260048,2408 115.3226026,40.0260078,2408 115.3225900,40.0260108,2408 115.3225690,40.0260149,2408 115.3225481,40.0260191,2408 115.3225146,40.0260260,2408 115.3225009,40.0260298,2408 115.3224872,40.0260336,2408 115.3224632,40.0260412,2408 115.3224392,40.0260488,2408 115.3223984,40.0260622,2408 115.3223933,40.0260636,2408 115.3223882,40.0260650,2408 115.3223832,40.0260666,2408 115.3223755,40.0260683,2408 115.3223678,40.0260700,2408 115.3223631,40.0260706,2408 115.3223584,40.0260713,2401 115.3223502,40.0260717,2401 115.3223420,40.0260723,2401 115.3223323,40.0260726,2401 115.3223227,40.0260729,2401 115.3223110,40.0260731,2401 115.3222993,40.0260733,2401 115.3222918,40.0260735,2401 115.3222844,40.0260739,2401 115.3222685,40.0260765,2401 115.3222526,40.0260792,2401 115.3222238,40.0260858,2401 115.3221950,40.0260925,2401 115.3221388,40.0261073,2401 115.3221310,40.0261099,2401 115.3221233,40.0261125,2401 115.3221137,40.0261151,2401 115.3221041,40.0261178,2401 115.3220979,40.0261191,2401 115.3220918,40.0261207,2401 115.3220838,40.0261217,2401 115.3220758,40.0261228,2392 115.3220679,40.0261239,2392 115.3220511,40.0261255,2392 115.3220343,40.0261270,2392 115.3220065,40.0261301,2392 115.3220012,40.0261303,2392 115.3219959,40.0261305,2392 115.3219906,40.0261308,2392 115.3219829,40.0261333,2392 115.3219752,40.0261358,2392 115.3219726,40.0261370,2392 115.3219701,40.0261383,2392 115.3219675,40.0261396,2392 115.3219650,40.0261409,2392 115.3219608,40.0261433,2392 115.3219566,40.0261458,2392 115.3219479,40.0261495,2392 115.3219393,40.0261532,2392 115.3219271,40.0261572,2392 115.3219149,40.0261613,2392 115.3218960,40.0261674,2392 115.3218772,40.0261735,2392 115.3218408,40.0261866,2392 115.3218331,40.0261905,2392 115.3218254,40.0261945,2392 115.3218150,40.0262003,2392 115.3218047,40.0262061,2375 115.3217896,40.0262145,2375 115.3217817,40.0262180,2375 115.3217739,40.0262215,2375 115.3217656,40.0262249,2375 115.3217574,40.0262284,2375 115.3217492,40.0262324,2375 115.3217410,40.0262364,2375 115.3217365,40.0262391,2375 115.3217321,40.0262419,2375 115.3217277,40.0262447,2375 115.3217228,40.0262486,2375 115.3217180,40.0262525,2378 115.3217131,40.0262565,2378 115.3217083,40.0262605,2378 115.3217032,40.0262648,2378 115.3216982,40.0262691,2378 115.3216927,40.0262736,2378 115.3216873,40.0262781,2378 115.3216825,40.0262839,2378 115.3216777,40.0262897,2378 115.3216749,40.0262941,2378 115.3216722,40.0262985,2378 115.3216695,40.0263029,2378 115.3216653,40.0263086,2378 115.3216611,40.0263143,2378 115.3216570,40.0263201,2378 115.3216529,40.0263260,2378 115.3216485,40.0263310,2378 115.3216441,40.0263361,2378 115.3216377,40.0263405,2378 115.3216314,40.0263449,2378 115.3216225,40.0263495,2378 115.3216137,40.0263541,2378 115.3216063,40.0263580,2378 115.3215990,40.0263620,2378 115.3215924,40.0263658,2378 115.3215859,40.0263696,2378 115.3215794,40.0263741,2378 115.3215729,40.0263786,2378 115.3215664,40.0263834,2378 115.3215600,40.0263883,2378 115.3215531,40.0263932,2378 115.3215462,40.0263981,2378 115.3215395,40.0264023,2378 115.3215328,40.0264065,2378 115.3215263,40.0264106,2368 115.3215198,40.0264148,2368 115.3215129,40.0264182,2368 115.3215061,40.0264216,2368 115.3214979,40.0264248,2368 115.3214898,40.0264280,2368 115.3214851,40.0264304,2368 115.3214804,40.0264328,2368 115.3214764,40.0264353,2368 115.3214725,40.0264381,2368 115.3214666,40.0264430,2368 115.3214608,40.0264480,2368 115.3214545,40.0264528,2368 115.3214482,40.0264576,2368 115.3214426,40.0264617,2368 115.3214370,40.0264659,2368 115.3214305,40.0264704,2368 115.3214241,40.0264750,2368 115.3214167,40.0264808,2368 115.3214094,40.0264866,2368 115.3214050,40.0264902,2368 115.3214006,40.0264939,2368 115.3213943,40.0265001,2368 115.3213881,40.0265063,2368 115.3213832,40.0265124,2368 115.3213784,40.0265186,2368 115.3213743,40.0265241,2368 115.3213703,40.0265297,2365 115.3213657,40.0265348,2365 115.3213612,40.0265400,2365 115.3213561,40.0265448,2365 115.3213510,40.0265496,2365 115.3213464,40.0265550,2365 115.3213418,40.0265604,2365 115.3213379,40.0265665,2365 115.3213340,40.0265727,2365 115.3213303,40.0265793,2365 115.3213266,40.0265860,2365 115.3213252,40.0265899,2365 115.3213238,40.0265939,2365 115.3213226,40.0266004,2365 115.3213215,40.0266069,2365 115.3213207,40.0266130,2365 115.3213200,40.0266191,2365 115.3213193,40.0266246,2365 115.3213186,40.0266302,2365 115.3213180,40.0266357,2365 115.3213174,40.0266413,2365 115.3213164,40.0266471,2365 115.3213154,40.0266529,2365 115.3213147,40.0266591,2365 115.3213141,40.0266653,2365 115.3213130,40.0266718,2365 115.3213119,40.0266785,2365 115.3213106,40.0266852,2365 115.3213093,40.0266918,2365 115.3213087,40.0266983,2365 115.3213081,40.0267049,2365 115.3213086,40.0267115,2365 115.3213091,40.0267180,2365 115.3213089,40.0267247,2365 115.3213088,40.0267314,2365 115.3213078,40.0267381,2365 115.3213068,40.0267448,2365 115.3213053,40.0267510,2365 115.3213038,40.0267573,2365 115.3213024,40.0267636,2365 115.3213011,40.0267701,2365 115.3212996,40.0267764,2365 115.3212981,40.0267830,2365 115.3212955,40.0267893,2365 115.3212929,40.0267957,2365 115.3212898,40.0268016,2365 115.3212867,40.0268076,2355 115.3212828,40.0268138,2355 115.3212789,40.0268201,2355 115.3212750,40.0268259,2355 115.3212712,40.0268317,2355 115.3212683,40.0268369,2355 115.3212654,40.0268422,2355 115.3212632,40.0268469,2355 115.3212610,40.0268517,2355 115.3212578,40.0268562,2355 115.3212546,40.0268608,2355 115.3212509,40.0268655,2355 115.3212473,40.0268703,2349 115.3212433,40.0268759,2349 115.3212394,40.0268815,2349 115.3212349,40.0268870,2349 115.3212304,40.0268925,2349 115.3212243,40.0268974,2349 115.3212183,40.0269025,2349 115.3212130,40.0269063,2349 115.3212077,40.0269101,2349 115.3212025,40.0269138,2349 115.3211936,40.0269219,2349 115.3211848,40.0269300,2349 115.3211719,40.0269430,2349 115.3211591,40.0269563,2349 115.3211396,40.0269771,2349 115.3211384,40.0269822,2349 115.3211373,40.0269873,2349 115.3211362,40.0269924,2349 115.3211356,40.0269962,2349 115.3211351,40.0270001,2349 115.3211342,40.0270060,2349 115.3211333,40.0270120,2349 115.3211314,40.0270188,2349 115.3211296,40.0270257,2349 115.3211263,40.0270353,2349 115.3211230,40.0270449,2349 115.3211181,40.0270591,2349 115.3211156,40.0270684,2349 115.3211131,40.0270776,2349 115.3211052,40.0270917,2340 115.3210973,40.0271059,2340 115.3210777,40.0271326,2340 115.3210582,40.0271594,2340 115.3210215,40.0272120,2340 115.3210206,40.0272177,2340 115.3210197,40.0272235,2340 115.3210192,40.0272303,2340 115.3210187,40.0272371,2340 115.3210187,40.0272414,2340 115.3210187,40.0272457,2340 115.3210175,40.0272510,2340 115.3210164,40.0272563,2340 115.3210153,40.0272616,2340 115.3210100,40.0272719,2340 115.3210047,40.0272822,2340 115.3209941,40.0273034,2340 115.3209911,40.0273118,2340 115.3209882,40.0273202,2340 115.3209858,40.0273319,2340 115.3209860,40.0273373,2340 115.3209863,40.0273428,2340 115.3209856,40.0273492,2340 115.3209849,40.0273556,2340 115.3209844,40.0273584,2340 115.3209840,40.0273612,2328 115.3209836,40.0273640,2328 115.3209832,40.0273668,2328 115.3209828,40.0273696,2328 115.3209809,40.0273750,2328 115.3209790,40.0273805,2328 115.3209764,40.0273859,2328 115.3209738,40.0273914,2328 115.3209714,40.0273963,2323 115.3209690,40.0274013,2323 115.3209662,40.0274067,2323 115.3209635,40.0274122,2323 115.3209612,40.0274188,2323 115.3209589,40.0274255,2323 115.3209562,40.0274345,2323 115.3209535,40.0274436,2323 115.3209474,40.0274610,2323 115.3209443,40.0274663,2323 115.3209413,40.0274716,2323 115.3209389,40.0274753,2323 115.3209366,40.0274791,2323 115.3209343,40.0274829,2323 115.3209316,40.0274881,2323 115.3209290,40.0274934,2323 115.3209274,40.0274989,2323 115.3209258,40.0275044,2323 115.3209267,40.0275098,2323 115.3209276,40.0275153,2323 115.3209297,40.0275214,2323 115.3209319,40.0275276,2323 115.3209343,40.0275350,2323 115.3209367,40.0275424,2323 115.3209377,40.0275469,2323 115.3209388,40.0275514,2323 115.3209376,40.0275599,2323 115.3209365,40.0275684,2323 115.3209320,40.0275822,2323 115.3209276,40.0275960,2323 115.3209180,40.0276242,2323 115.3209141,40.0276303,2323 115.3209102,40.0276365,2323 115.3209046,40.0276439,2311 115.3208990,40.0276513,2311 115.3208923,40.0276629,2311 115.3208857,40.0276748,2311 115.3208762,40.0276938,2311 115.3208714,40.0277012,2311 115.3208667,40.0277085,2311 115.3208597,40.0277181,2311 115.3208528,40.0277277,2311 115.3208427,40.0277429,2311 115.3208327,40.0277582,2311 115.3208159,40.0277881,2311 115.3207991,40.0278180,2311 115.3207634,40.0278840,2311 115.3207277,40.0279500,2298 115.3206612,40.0280719,2295 115.3206453,40.0280908,2295 115.3206295,40.0281098,2295 115.3205955,40.0281490,2295 115.3205615,40.0281882,2295 115.3204999,40.0282589,2289 115.3204976,40.0282624,2289 115.3204953,40.0282661,2289 115.3204909,40.0282725,2289 115.3204866,40.0282790,2289 115.3204817,40.0282858,2289 115.3204768,40.0282926,2289 115.3204721,40.0282991,2289 115.3204675,40.0283056,2289 115.3204626,40.0283116,2289 115.3204577,40.0283176,2289 115.3204536,40.0283238,2289 115.3204495,40.0283303,2289 115.3204458,40.0283370,2289 115.3204422,40.0283438,2289 115.3204397,40.0283505,2289 115.3204373,40.0283573,2289 115.3204358,40.0283639,2289 115.3204344,40.0283706,2289 115.3204311,40.0283770,2289 115.3204279,40.0283834,2289 115.3204237,40.0283891,2289 115.3204196,40.0283949,2289 115.3204147,40.0284006,2283 115.3204099,40.0284063,2283 115.3204044,40.0284126,2283 115.3203989,40.0284192,2283 115.3203926,40.0284263,2283 115.3203863,40.0284335,2283 115.3203800,40.0284412,2283 115.3203738,40.0284490,2283 115.3203684,40.0284566,2283 115.3203631,40.0284643,2283 115.3203577,40.0284720,2283 115.3203523,40.0284797,2278 115.3203463,40.0284879,2278 115.3203404,40.0284962,2278 115.3203338,40.0285052,2278 115.3203273,40.0285143,2278 115.3203204,40.0285234,2278 115.3203135,40.0285326,2278 115.3203069,40.0285411,2278 115.3203003,40.0285496,2278 115.3202949,40.0285582,2278 115.3202896,40.0285669,2278 115.3202855,40.0285762,2278 115.3202814,40.0285855,2278 115.3202779,40.0285953,2278 115.3202744,40.0286052,2278 115.3202707,40.0286153,2278 115.3202671,40.0286254,2278 115.3202629,40.0286358,2278 115.3202587,40.0286463,2278 115.3202541,40.0286576,2278 115.3202496,40.0286690,2278 115.3202444,40.0286811,2278 115.3202393,40.0286932,2278 115.3202327,40.0287057,2278 115.3202261,40.0287183,2278 115.3202178,40.0287301,2278 115.3202096,40.0287420,2278 115.3201993,40.0287536,2277 115.3201891,40.0287652,2277 115.3201790,40.0287761,2277 115.3201690,40.0287870,2277 115.3201615,40.0287955,2277 115.3201541,40.0288041,2277 115.3201484,40.0288099,2277 115.3201428,40.0288157,2277 115.3201381,40.0288210,2267 115.3201334,40.0288262,2267 115.3201316,40.0288289,2267 115.3201299,40.0288315,2267 115.3201282,40.0288343,2267 115.3201218,40.0288424,2267 115.3201154,40.0288505,2267 115.3201084,40.0288593,2267 115.3201014,40.0288682,2267 115.3200949,40.0288770,2267 115.3200885,40.0288859,2267 115.3200814,40.0288940,2267 115.3200743,40.0289022,2267 115.3200649,40.0289095,2267 115.3200555,40.0289168,2267 115.3200447,40.0289237,2267 115.3200340,40.0289306,2267 115.3200243,40.0289373,2267 115.3200147,40.0289440,2267 115.3200066,40.0289513,2267 115.3199985,40.0289586,2267 115.3199929,40.0289668,2267 115.3199873,40.0289750,2267 115.3199830,40.0289833,2267 115.3199788,40.0289916,2267 115.3199735,40.0289999,2267 115.3199683,40.0290083,2267 115.3199616,40.0290166,2267 115.3199549,40.0290249,2267 115.3199472,40.0290325,2276 115.3199396,40.0290402,2276 115.3199316,40.0290472,2276 115.3199237,40.0290542,2276 115.3199160,40.0290610,2276 115.3199083,40.0290679,2276 115.3199008,40.0290743,2276 115.3198933,40.0290807,2276 115.3198863,40.0290861,2276 115.3198794,40.0290916,2276 115.3198730,40.0290975,2276 115.3198666,40.0291033,2276 115.3198594,40.0291099,2268 115.3198522,40.0291164,2268 115.3198441,40.0291230,2268 115.3198361,40.0291296,2268 115.3198283,40.0291364,2268 115.3198206,40.0291432,2268 115.3198145,40.0291503,2268 115.3198084,40.0291574,2268 115.3198037,40.0291643,2268 115.3197990,40.0291713,2268 115.3197942,40.0291775,2268 115.3197895,40.0291837,2268 115.3197851,40.0291895,2268 115.3197808,40.0291953,2268 115.3197758,40.0292006,2268 115.3197709,40.0292060,2268 115.3197652,40.0292115,2268 115.3197596,40.0292170,2268 115.3197547,40.0292225,2268 115.3197498,40.0292281,2268 115.3197462,40.0292346,2268 115.3197427,40.0292411,2268 115.3197386,40.0292485,2268 115.3197346,40.0292559,2268 115.3197299,40.0292635,2268 115.3197252,40.0292711,2268 115.3197196,40.0292777,2268 115.3197141,40.0292844,2268 115.3197095,40.0292896,2268 115.3197049,40.0292948,2268 115.3196989,40.0293020,2268 115.3196930,40.0293091,2279 115.3196781,40.0293248,2279 115.3196715,40.0293291,2279 115.3196650,40.0293334,2279 115.3196591,40.0293386,2279 115.3196533,40.0293439,2279 115.3196477,40.0293500,2279 115.3196421,40.0293561,2279 115.3196379,40.0293629,2279 115.3196337,40.0293699,2279 115.3196318,40.0293769,2279 115.3196300,40.0293839,2279 115.3196282,40.0293903,2279 115.3196264,40.0293970,2279 115.3196235,40.0294031,2279 115.3196206,40.0294093,2279 115.3196157,40.0294152,2279 115.3196109,40.0294211,2279 115.3196045,40.0294261,2279 115.3195981,40.0294312,2279 115.3195913,40.0294357,2279 115.3195845,40.0294403,2279 115.3195776,40.0294444,2267 115.3195707,40.0294487,2267 115.3195630,40.0294515,2267 115.3195553,40.0294543,2267 115.3195451,40.0294554,2267 115.3195349,40.0294566,2267 115.3195319,40.0294567,2267 115.3195290,40.0294569,2267 115.3195261,40.0294571,2267 115.3195232,40.0294573,2267 115.3195203,40.0294575,2267 115.3195146,40.0294592,2267 115.3195089,40.0294608,2267 115.3195032,40.0294627,2267 115.3194940,40.0294659,2267 115.3194849,40.0294691,2267 115.3194825,40.0294703,2267 115.3194802,40.0294715,2267 115.3194779,40.0294728,2267 115.3194756,40.0294740,2267 115.3194733,40.0294753,2267 115.3194696,40.0294817,2267 115.3194659,40.0294882,2267 115.3194630,40.0294953,2267 115.3194602,40.0295025,2267 115.3194574,40.0295090,2267 115.3194546,40.0295155,2267 115.3194508,40.0295208,2267 115.3194471,40.0295262,2267 115.3194431,40.0295315,2267 115.3194392,40.0295368,2267 115.3194355,40.0295435,2267 115.3194318,40.0295502,2267 115.3194275,40.0295572,2267 115.3194232,40.0295642,2267 115.3194171,40.0295704,2267 115.3194111,40.0295766,2267 115.3194043,40.0295818,2267 115.3193976,40.0295871,2274 115.3193918,40.0295926,2274 115.3193861,40.0295981,2274 115.3193823,40.0296042,2274 115.3193785,40.0296104,2274 115.3193752,40.0296177,2274 115.3193720,40.0296253,2274 115.3193681,40.0296328,2274 115.3193643,40.0296404,2274 115.3193589,40.0296470,2274 115.3193535,40.0296536,2274 115.3193466,40.0296593,2274 115.3193398,40.0296651,2274 115.3193293,40.0296726,2274 115.3193188,40.0296801,2274 115.3193146,40.0296825,2274 115.3193104,40.0296849,2274 115.3193062,40.0296873,2274 115.3193020,40.0296897,2265 115.3192823,40.0296955,2265 115.3192627,40.0297016,2265 115.3192228,40.0297100,2265 115.3191829,40.0297184,2265 115.3191119,40.0297318,2265 115.3191053,40.0297374,2265 115.3190987,40.0297430,2265 115.3190881,40.0297498,2265 115.3190775,40.0297566,2265 115.3190538,40.0297670,2265 115.3190466,40.0297683,2265 115.3190394,40.0297696,2265 115.3190315,40.0297719,2265 115.3190236,40.0297742,2247 115.3190102,40.0297853,2247 115.3190067,40.0297907,2247 115.3190033,40.0297961,2247 115.3189988,40.0298006,2247 115.3189944,40.0298051,2247 115.3189880,40.0298097,2247 115.3189816,40.0298144,2247 115.3189721,40.0298193,2247 115.3189626,40.0298242,2247 115.3189489,40.0298296,2247 115.3189415,40.0298299,2247 115.3189341,40.0298303,2247 115.3189262,40.0298307,2247 115.3189183,40.0298311,2247 115.3189098,40.0298317,2247 115.3189013,40.0298325,2247 115.3188904,40.0298330,2247 115.3188795,40.0298335,2247 115.3188628,40.0298339,2247 115.3188461,40.0298343,2247 115.3188204,40.0298347,2247 115.3188021,40.0298350,2247 115.3187839,40.0298353,2247 115.3187488,40.0298374,2242 115.3187137,40.0298395,2242 115.3186331,40.0298477,2242 115.3186013,40.0298509,2242 115.3185696,40.0298541,2242 115.3185149,40.0298584,2242 115.3185076,40.0298601,2242 115.3185003,40.0298618,2243 115.3184930,40.0298636,2243 115.3184869,40.0298664,2243 115.3184809,40.0298692,2243 115.3184749,40.0298721,2243 115.3184674,40.0298777,2238 115.3184600,40.0298834,2238 115.3184527,40.0298894,2238 115.3184454,40.0298954,2238 115.3184376,40.0299008,2238 115.3184299,40.0299062,2238 115.3184254,40.0299083,2238 115.3184210,40.0299106,2238 115.3184114,40.0299134,2238 115.3184018,40.0299162,2238 115.3183957,40.0299176,2238 115.3183896,40.0299191,2238 115.3183796,40.0299217,2238 115.3183696,40.0299246,2238 115.3183582,40.0299274,2238 115.3183469,40.0299302,2238 115.3183343,40.0299314,2238 115.3183217,40.0299327,2238 115.3183097,40.0299332,2238 115.3182977,40.0299338,2238 115.3182860,40.0299349,2238 115.3182743,40.0299361,2238 115.3182625,40.0299380,2238 115.3182507,40.0299399,2238 115.3182391,40.0299426,2238 115.3182275,40.0299454,2238 115.3182155,40.0299483,2238 115.3182036,40.0299513,2238 115.3181918,40.0299535,2235 115.3181801,40.0299558,2235 115.3181666,40.0299575,2235 115.3181531,40.0299592,2235 115.3181385,40.0299600,2235 115.3181240,40.0299608,2235 115.3181095,40.0299612,2235 115.3180950,40.0299616,2235 115.3180823,40.0299634,2235 115.3180696,40.0299653,2235 115.3180596,40.0299706,2235 115.3180496,40.0299758,2235 115.3180412,40.0299834,2235 115.3180329,40.0299909,2235 115.3180289,40.0299948,2235 115.3180250,40.0299988,2235 115.3180195,40.0300029,2235 115.3180140,40.0300070,2235 115.3180081,40.0300103,2235 115.3180022,40.0300137,2235 115.3179841,40.0300275,2235 115.3179710,40.0300357,2235 115.3179580,40.0300439,2235 115.3179431,40.0300512,2235 115.3179282,40.0300585,2235 115.3179136,40.0300666,2234 115.3178990,40.0300747,2234 115.3178854,40.0300834,2234 115.3178719,40.0300922,2234 115.3178602,40.0300996,2234 115.3178486,40.0301071,2234 115.3178387,40.0301130,2234 115.3178288,40.0301189,2234 115.3178173,40.0301240,2234 115.3178058,40.0301291,2234 115.3177932,40.0301351,2234 115.3177806,40.0301411,2225 115.3177684,40.0301494,2225 115.3177562,40.0301576,2225 115.3177447,40.0301670,2225 115.3177333,40.0301764,2225 115.3177235,40.0301852,2225 115.3177137,40.0301941,2225 115.3177016,40.0302023,2225 115.3176895,40.0302105,2225 115.3176774,40.0302187,2225 115.3176635,40.0302257,2225 115.3176496,40.0302327,2225 115.3176352,40.0302388,2228 115.3176208,40.0302449,2228 115.3176077,40.0302511,2228 115.3175946,40.0302574,2228 115.3175815,40.0302649,2228 115.3175684,40.0302725,2228 115.3175567,40.0302801,2228 115.3175450,40.0302878,2228 115.3175353,40.0302964,2228 115.3175256,40.0303050,2228 115.3175159,40.0303142,2228 115.3175062,40.0303235,2228 115.3174974,40.0303327,2228 115.3174886,40.0303419,2228 115.3174809,40.0303490,2228 115.3174733,40.0303561,2228 115.3174652,40.0303623,2228 115.3174571,40.0303686,2228 115.3174482,40.0303741,2228 115.3174394,40.0303797,2228 115.3174296,40.0303847,2228 115.3174199,40.0303897,2228 115.3174096,40.0303959,2228 115.3173993,40.0304022,2228 115.3173902,40.0304086,2228 115.3173811,40.0304150,2228 115.3173716,40.0304208,2214 115.3173621,40.0304267,2214 115.3173512,40.0304317,2222 115.3173403,40.0304367,2222 115.3173289,40.0304399,2222 115.3173175,40.0304431,2222 115.3173050,40.0304454,2222 115.3172925,40.0304478,2222 115.3172811,40.0304498,2222 115.3172697,40.0304518,2222 115.3172582,40.0304549,2222 115.3172468,40.0304580,2222 115.3172336,40.0304636,2222 115.3172205,40.0304693,2222 115.3172060,40.0304764,2222 115.3171915,40.0304835,2222 115.3171795,40.0304900,2222 115.3171675,40.0304963,2222 115.3171579,40.0305026,2222 115.3171484,40.0305089,2222 115.3171374,40.0305149,2222 115.3171265,40.0305210,2222 115.3171142,40.0305265,2222 115.3171020,40.0305321,2222 115.3170896,40.0305375,2222 115.3170773,40.0305429,2228 115.3170663,40.0305478,2228 115.3170553,40.0305528,2228 115.3170450,40.0305583,2228 115.3170347,40.0305638,2228 115.3170253,40.0305703,2228 115.3170159,40.0305768,2228 115.3170071,40.0305848,2228 115.3169984,40.0305928,2228 115.3169909,40.0306016,2228 115.3169834,40.0306105,2228 115.3169735,40.0306191,2228 115.3169637,40.0306279,2228 115.3169512,40.0306345,2228 115.3169387,40.0306410,2228 115.3169251,40.0306459,2228 115.3169115,40.0306507,2228 115.3168999,40.0306558,2228 115.3168884,40.0306609,2228 115.3168787,40.0306679,2228 115.3168690,40.0306749,2228 115.3168608,40.0306828,2228 115.3168526,40.0306907,2228 115.3168454,40.0306987,2223 115.3168383,40.0307067,2223 115.3168314,40.0307153,2223 115.3168246,40.0307239,2223 115.3168159,40.0307331,2223 115.3168073,40.0307423,2223 115.3167953,40.0307511,2228 115.3167834,40.0307600,2228 115.3167703,40.0307682,2228 115.3167573,40.0307765,2228 115.3167458,40.0307841,2228 115.3167343,40.0307918,2228 115.3167247,40.0307982,2228 115.3167151,40.0308047,2228 115.3167079,40.0308099,2228 115.3167007,40.0308152,2228 115.3166943,40.0308208,2228 115.3166879,40.0308264,2228 115.3166787,40.0308315,2228 115.3166695,40.0308367,2228 115.3166599,40.0308408,2228 115.3166504,40.0308450,2228 115.3166410,40.0308491,2228 115.3166317,40.0308532,2228 115.3166218,40.0308592,2228 115.3166119,40.0308653,2228 115.3165981,40.0308732,2228 115.3165843,40.0308812,2228 115.3165750,40.0308854,2228 115.3165657,40.0308898,2228 115.3165479,40.0308950,2228 115.3165302,40.0309003,2228 115.3165118,40.0309053,2231 115.3164934,40.0309103,2231 115.3164769,40.0309166,2231 115.3164605,40.0309230,2231 115.3164461,40.0309323,2231 115.3164317,40.0309416,2231 115.3164215,40.0309501,2231 115.3164114,40.0309587,2231 115.3163999,40.0309663,2231 115.3163885,40.0309741,2227 115.3163759,40.0309797,2227 115.3163633,40.0309854,2227 115.3163509,40.0309892,2227 115.3163385,40.0309931,2227 115.3163275,40.0309967,2227 115.3163165,40.0310004,2227 115.3163082,40.0310040,2227 115.3163000,40.0310077,2227 115.3162919,40.0310119,2227 115.3162838,40.0310162,2227 115.3162751,40.0310218,2227 115.3162664,40.0310275,2227 115.3162574,40.0310334,2227 115.3162484,40.0310394,2235 115.3162397,40.0310458,2235 115.3162310,40.0310522,2235 115.3162229,40.0310583,2235 115.3162149,40.0310645,2235 115.3162057,40.0310704,2235 115.3161966,40.0310763,2235 115.3161841,40.0310829,2235 115.3161716,40.0310896,2235 115.3161572,40.0310969,2235 115.3161428,40.0311042,2235 115.3161286,40.0311122,2235 115.3161144,40.0311205,2235 115.3161009,40.0311282,2235 115.3160874,40.0311359,2235 115.3160766,40.0311418,2235 115.3160659,40.0311478,2235 115.3160581,40.0311533,2235 115.3160504,40.0311589,2235 115.3160422,40.0311650,2235 115.3160341,40.0311712,2235 115.3160236,40.0311772,2235 115.3160131,40.0311833,2235 115.3159987,40.0311910,2235 115.3159844,40.0311987,2235 115.3159695,40.0312082,2238 115.3159546,40.0312178,2238 115.3159408,40.0312265,2238 115.3159270,40.0312354,2238 115.3159155,40.0312408,2238 115.3159041,40.0312462,2238 115.3158947,40.0312509,2229 115.3158854,40.0312556,2229 115.3158806,40.0312596,2229 115.3158758,40.0312636,2229 115.3158710,40.0312678,2229 115.3158631,40.0312746,2229 115.3158552,40.0312815,2229 115.3158450,40.0312895,2229 115.3158348,40.0312975,2229 115.3158263,40.0313055,2229 115.3158178,40.0313136,2229 115.3158099,40.0313217,2229 115.3158021,40.0313299,2229 115.3157921,40.0313395,2229 115.3157822,40.0313491,2229 115.3157721,40.0313599,2229 115.3157620,40.0313708,2229 115.3157530,40.0313799,2229 115.3157440,40.0313891,2229 115.3157342,40.0313965,2229 115.3157244,40.0314040,2229 115.3157137,40.0314089,2229 115.3157031,40.0314141,2229 115.3156931,40.0314169,2229 115.3156832,40.0314198,2229 115.3156766,40.0314220,2229 115.3156700,40.0314241,2229 115.3156652,40.0314278,2229 115.3156604,40.0314314,2229 115.3156579,40.0314374,2229 115.3156554,40.0314434,2229 115.3156549,40.0314520,2229 115.3156544,40.0314606,2229 115.3156488,40.0314831,2229 115.3156409,40.0314912,2229 115.3156330,40.0314994,2229 115.3156219,40.0315062,2229 115.3156108,40.0315129,2229 115.3155964,40.0315186,2229 115.3155821,40.0315242,2229 115.3155677,40.0315304,2226 115.3155533,40.0315366,2226 115.3155420,40.0315442,2226 115.3155308,40.0315518,2226 115.3155225,40.0315593,2226 115.3155142,40.0315668,2226 115.3155045,40.0315725,2226 115.3154949,40.0315782,2226 115.3154842,40.0315834,2226 115.3154735,40.0315887,2226 115.3154640,40.0315922,2226 115.3154546,40.0315956,2226 115.3154454,40.0315972,2226 115.3154363,40.0315987,2226 115.3154258,40.0316024,2226 115.3154153,40.0316061,2229 115.3154048,40.0316132,2229 115.3153943,40.0316203,2229 115.3153859,40.0316282,2229 115.3153776,40.0316361,2229 115.3153701,40.0316435,2229 115.3153627,40.0316509,2229 115.3153591,40.0316551,2229 115.3153555,40.0316593,2229 115.3153508,40.0316689,2229 115.3153461,40.0316785,2229 115.3153412,40.0316912,2229 115.3153363,40.0317038,2229 115.3153269,40.0317172,2229 115.3153176,40.0317305,2229 115.3153059,40.0317412,2229 115.3152943,40.0317520,2229 115.3152855,40.0317572,2229 115.3152768,40.0317625,2229 115.3152712,40.0317666,2229 115.3152657,40.0317707,2229 115.3152603,40.0317764,2229 115.3152549,40.0317822,2229 115.3152483,40.0317886,2229 115.3152417,40.0317950,2229 115.3152359,40.0318029,2229 115.3152301,40.0318111,2228 115.3152237,40.0318183,2228 115.3152173,40.0318254,2228 115.3152098,40.0318309,2228 115.3152024,40.0318363,2228 115.3151960,40.0318394,2228 115.3151897,40.0318426,2228 115.3151833,40.0318469,2228 115.3151769,40.0318512,2228 115.3151732,40.0318544,2228 115.3151696,40.0318577,2228 115.3151632,40.0318634,2228 115.3151568,40.0318692,2228 115.3151500,40.0318741,2228 115.3151433,40.0318790,2228 115.3151381,40.0318849,2230 115.3151330,40.0318908,2230 115.3151252,40.0318984,2230 115.3151175,40.0319060,2230 115.3151093,40.0319119,2230 115.3151011,40.0319179,2230 115.3150936,40.0319227,2230 115.3150861,40.0319277,2230 115.3150795,40.0319318,2230 115.3150730,40.0319361,2230 115.3150671,40.0319418,2230 115.3150612,40.0319476,2230 115.3150568,40.0319523,2230 115.3150524,40.0319571,2230 115.3150481,40.0319619,2230 115.3150410,40.0319681,2230 115.3150339,40.0319743,2230 115.3150257,40.0319798,2230 115.3150176,40.0319853,2230 115.3150083,40.0319899,2230 115.3149990,40.0319945,2230 115.3149724,40.0319957,2230 115.3149638,40.0319924,2230 115.3149552,40.0319890,2230 115.3149501,40.0319885,2230 115.3149451,40.0319880,2230 115.3149421,40.0319919,2230 115.3149392,40.0319959,2230 115.3149365,40.0320021,2230 115.3149338,40.0320083,2230 115.3149301,40.0320154,2230 115.3149265,40.0320224,2230 115.3149219,40.0320303,2230 115.3149174,40.0320382,2230 115.3149105,40.0320464,2230 115.3149037,40.0320546,2230 115.3148953,40.0320625,2230 115.3148869,40.0320705,2230 115.3148783,40.0320787,2230 115.3148698,40.0320869,2228 115.3148621,40.0320945,2228 115.3148545,40.0321021,2228 115.3148482,40.0321090,2228 115.3148419,40.0321159,2228 115.3148369,40.0321233,2228 115.3148320,40.0321308,2228 115.3148268,40.0321379,2228 115.3148217,40.0321451,2228 115.3148149,40.0321517,2228 115.3148082,40.0321583,2228 115.3148014,40.0321644,2228 115.3147947,40.0321705,2228 115.3147888,40.0321765,2228 115.3147830,40.0321826,2228 115.3147765,40.0321898,2228 115.3147700,40.0321971,2228 115.3147612,40.0322038,2228 115.3147525,40.0322106,2228 115.3147424,40.0322174,2228 115.3147324,40.0322242,2228 115.3147268,40.0322293,2228 115.3147213,40.0322344,2228 115.3147158,40.0322395,2228 115.3147096,40.0322471,2228 115.3147034,40.0322547,2228 115.3146988,40.0322620,2228 115.3146942,40.0322695,2228 115.3146895,40.0322772,2228 115.3146849,40.0322849,2228 115.3146796,40.0322924,2228 115.3146744,40.0323001,2228 115.3146698,40.0323073,2228 115.3146652,40.0323145,2228 115.3146609,40.0323215,2228 115.3146567,40.0323286,2228 115.3146523,40.0323359,2228 115.3146479,40.0323432,2228 115.3146436,40.0323499,2228 115.3146393,40.0323567,2228 115.3146348,40.0323629,2230 115.3146303,40.0323693,2230 115.3146239,40.0323759,2230 115.3146175,40.0323826,2230 115.3146112,40.0323874,2230 115.3146049,40.0323921,2230 115.3145987,40.0323970,2230 115.3145898,40.0324036,2230 115.3145809,40.0324102,2230 115.3145722,40.0324172,2230 115.3145636,40.0324243,2230 115.3145560,40.0324337,2230 115.3145485,40.0324431,2230 115.3145423,40.0324532,2230 115.3145361,40.0324634,2230 115.3145317,40.0324726,2230 115.3145274,40.0324819,2230 115.3145233,40.0324912,2230 115.3145193,40.0325008,2230 115.3145131,40.0325106,2230 115.3145069,40.0325204,2230 115.3144985,40.0325291,2230 115.3144902,40.0325378,2230 115.3144817,40.0325453,2230 115.3144732,40.0325529,2230 115.3144654,40.0325611,2230 115.3144577,40.0325693,2230 115.3144525,40.0325771,2230 115.3144473,40.0325849,2230 115.3144436,40.0325942,2230 115.3144399,40.0326035,2230 115.3144353,40.0326140,2230 115.3144308,40.0326246,2230 115.3144254,40.0326345,2230 115.3144201,40.0326445,2235 115.3144157,40.0326530,2235 115.3144114,40.0326616,2235 115.3144085,40.0326696,2235 115.3144057,40.0326776,2235 115.3144045,40.0326855,2235 115.3144034,40.0326935,2235 115.3144031,40.0327020,2235 115.3144028,40.0327106,2235 115.3144028,40.0327192,2235 115.3144028,40.0327278,2235 115.3144010,40.0327362,2235 115.3143992,40.0327446,2235 115.3143941,40.0327522,2235 115.3143890,40.0327598,2235 115.3143806,40.0327661,2235 115.3143723,40.0327725,2235 115.3143618,40.0327782,2235 115.3143514,40.0327841,2235 115.3143446,40.0327879,2235 115.3143378,40.0327919,2235 115.3143311,40.0327958,2235 115.3143216,40.0328003,2235 115.3143121,40.0328049,2235 115.3143034,40.0328098,2237 115.3142947,40.0328147,2237 115.3142883,40.0328207,2237 115.3142820,40.0328267,2237 115.3142767,40.0328334,2237 115.3142714,40.0328401,2237 115.3142676,40.0328478,2237 115.3142638,40.0328556,2237 115.3142589,40.0328637,2237 115.3142540,40.0328719,2237 115.3142442,40.0328790,2237 115.3142345,40.0328862,2237 115.3142225,40.0328917,2237 115.3142106,40.0328973,2237 115.3142011,40.0329025,2237 115.3141917,40.0329077,2237 115.3141843,40.0329131,2237 115.3141769,40.0329186,2245 115.3141703,40.0329241,2245 115.3141638,40.0329296,2245 115.3141597,40.0329328,2245 115.3141557,40.0329360,2245 115.3141491,40.0329420,2245 115.3141426,40.0329480,2245 115.3141378,40.0329554,2245 115.3141331,40.0329629,2245 115.3141316,40.0329713,2245 115.3141302,40.0329798,2245 115.3141308,40.0329880,2245 115.3141314,40.0329962,2245 115.3141298,40.0330033,2245 115.3141283,40.0330105,2245 115.3141239,40.0330164,2245 115.3141196,40.0330223,2245 115.3141144,40.0330255,2245 115.3141092,40.0330287,2245 115.3141041,40.0330319,2245 115.3140964,40.0330354,2245 115.3140887,40.0330390,2245 115.3140818,40.0330427,2245 115.3140749,40.0330466,2245 115.3140691,40.0330510,2245 115.3140633,40.0330555,2245 115.3140581,40.0330605,2245 115.3140529,40.0330655,2245 115.3140471,40.0330706,2245 115.3140413,40.0330757,2245 115.3140351,40.0330809,2245 115.3140289,40.0330862,2245 115.3140229,40.0330916,2244 115.3140170,40.0330970,2244 115.3140119,40.0331029,2244 115.3140068,40.0331091,2244 115.3140022,40.0331151,2244 115.3139976,40.0331211,2244 115.3139908,40.0331276,2244 115.3139841,40.0331339,2244 115.3139750,40.0331401,2244 115.3139660,40.0331463,2244 115.3139561,40.0331509,2244 115.3139463,40.0331557,2244 115.3139367,40.0331586,2244 115.3139272,40.0331615,2244 115.3139206,40.0331647,2244 115.3139141,40.0331679,2244 115.3139108,40.0331712,2244 115.3139076,40.0331746,2244 115.3139042,40.0331786,2244 115.3139008,40.0331827,2244 115.3138947,40.0331892,2244 115.3138886,40.0331959,2259 115.3138825,40.0332020,2259 115.3138764,40.0332083,2259 115.3138705,40.0332146,2259 115.3138647,40.0332210,2259 115.3138589,40.0332274,2259 115.3138532,40.0332339,2259 115.3138467,40.0332403,2259 115.3138403,40.0332467,2259 115.3138342,40.0332530,2259 115.3138282,40.0332594,2259 115.3138236,40.0332655,2259 115.3138191,40.0332717,2259 115.3138164,40.0332773,2259 115.3138137,40.0332830,2259 115.3138106,40.0332879,2259 115.3138076,40.0332929,2259 115.3138023,40.0332980,2259 115.3137970,40.0333032,2259 115.3137907,40.0333083,2259 115.3137845,40.0333135,2259 115.3137787,40.0333189,2259 115.3137729,40.0333244,2259 115.3137663,40.0333305,2259 115.3137598,40.0333366,2259 115.3137516,40.0333436,2259 115.3137435,40.0333506,2263 115.3137378,40.0333587,2263 115.3137321,40.0333669,2263 115.3137291,40.0333765,2263 115.3137262,40.0333861,2263 115.3137241,40.0333949,2263 115.3137220,40.0334038,2263 115.3137173,40.0334106,2263 115.3137126,40.0334174,2263 115.3137048,40.0334229,2263 115.3136970,40.0334284,2263 115.3136897,40.0334333,2263 115.3136824,40.0334382,2263 115.3136738,40.0334433,2263 115.3136653,40.0334485,2263 115.3136563,40.0334531,2263 115.3136474,40.0334578,2263 115.3136388,40.0334625,2263 115.3136302,40.0334671,2263 115.3136228,40.0334725,2290 115.3136154,40.0334778,2290 115.3136074,40.0334835,2290 115.3135994,40.0334893,2290 115.3135899,40.0334950,2290 115.3135804,40.0335007,2290 115.3135709,40.0335063,2290 115.3135614,40.0335119,2290 115.3135565,40.0335147,2290 115.3135516,40.0335176,2290 115.3135426,40.0335210,2290 115.3135337,40.0335245,2290 115.3135237,40.0335268,2290 115.3135137,40.0335291,2290 115.3135089,40.0335306,2290 115.3135041,40.0335320,2290 115.3134993,40.0335334,2290 115.3134945,40.0335349,2290 115.3134856,40.0335390,2290 115.3134767,40.0335431,2290 115.3134711,40.0335460,2296 115.3134656,40.0335489,2296 115.3134577,40.0335542,2296 115.3134499,40.0335595,2296 115.3134432,40.0335656,2296 115.3134365,40.0335719,2296 115.3134308,40.0335788,2296 115.3134252,40.0335857,2296 115.3134204,40.0335929,2296 115.3134156,40.0336002,2296 115.3134108,40.0336075,2296 115.3134060,40.0336148,2296 115.3134010,40.0336215,2296 115.3133960,40.0336282,2296 115.3133897,40.0336343,2296 115.3133835,40.0336407,2296 115.3133777,40.0336472,2296 115.3133720,40.0336538,2296 115.3133681,40.0336619,2296 115.3133642,40.0336700,2296 115.3133603,40.0336785,2296 115.3133565,40.0336870,2296 115.3133507,40.0336944,2296 115.3133450,40.0337018,2296 115.3133377,40.0337079,2296 115.3133304,40.0337140,2296 115.3133222,40.0337191,2296 115.3133140,40.0337243,2296 115.3133060,40.0337293,2296 115.3132981,40.0337343,2296 115.3132906,40.0337394,2296 115.3132831,40.0337445,2296 115.3132755,40.0337488,2296 115.3132679,40.0337531,2303 115.3132599,40.0337562,2303 115.3132519,40.0337593,2303 115.3132433,40.0337620,2303 115.3132347,40.0337650,2303 115.3132268,40.0337681,2303 115.3132189,40.0337711,2303 115.3132118,40.0337742,2303 115.3132047,40.0337772,2303 115.3131964,40.0337799,2303 115.3131881,40.0337827,2308 115.3131795,40.0337848,2308 115.3131709,40.0337869,2308 115.3131637,40.0337904,2308 115.3131565,40.0337940,2308 115.3131510,40.0337987,2308 115.3131456,40.0338035,2308 115.3131411,40.0338087,2308 115.3131366,40.0338139,2308 115.3131318,40.0338188,2308 115.3131270,40.0338237,2308 115.3131196,40.0338283,2308 115.3131123,40.0338330,2308 115.3131033,40.0338378,2308 115.3130944,40.0338426,2308 115.3130896,40.0338450,2308 115.3130848,40.0338474,2308 115.3130790,40.0338517,2308 115.3130732,40.0338560,2308 115.3130693,40.0338607,2308 115.3130654,40.0338655,2308 115.3130626,40.0338702,2308 115.3130599,40.0338751,2308 115.3130580,40.0338799,2308 115.3130561,40.0338848,2308 115.3130540,40.0338902,2308 115.3130520,40.0338956,2308 115.3130487,40.0339012,2308 115.3130454,40.0339069,2308 115.3130430,40.0339102,2308 115.3130407,40.0339136,2308 115.3130367,40.0339185,2308 115.3130327,40.0339234,2308 115.3130277,40.0339283,2308 115.3130227,40.0339333,2308 115.3130171,40.0339392,2308 115.3130115,40.0339452,2308 115.3130078,40.0339488,2308 115.3130042,40.0339523,2308 115.3129966,40.0339589,2308 115.3129890,40.0339655,2308 115.3129841,40.0339703,2308 115.3129793,40.0339752,2308 115.3129745,40.0339801,2308 115.3129694,40.0339871,2308 115.3129644,40.0339942,2308 115.3129592,40.0340012,2308 115.3129540,40.0340083,2308 115.3129472,40.0340152,2308 115.3129404,40.0340221,2308 115.3129338,40.0340258,2308 115.3129272,40.0340295,2321 115.3129207,40.0340334,2321 115.3129107,40.0340382,2326 115.3129008,40.0340429,2326 115.3128911,40.0340486,2326 115.3128815,40.0340542,2326 115.3128725,40.0340596,2326 115.3128635,40.0340651,2326 115.3128538,40.0340702,2326 115.3128441,40.0340753,2326 115.3128346,40.0340797,2326 115.3128252,40.0340842,2326 115.3128167,40.0340883,2326 115.3128083,40.0340925,2326 115.3128006,40.0340961,2326 115.3127929,40.0340998,2326 115.3127845,40.0341042,2326 115.3127761,40.0341086,2326 115.3127666,40.0341140,2326 115.3127572,40.0341194,2326 115.3127491,40.0341255,2326 115.3127411,40.0341317,2326 115.3127337,40.0341385,2326 115.3127263,40.0341454,2326 115.3127185,40.0341520,2326 115.3127108,40.0341586,2326 115.3127024,40.0341650,2326 115.3126941,40.0341714,2326 115.3126848,40.0341774,2326 115.3126756,40.0341835,2326 115.3126669,40.0341887,2326 115.3126583,40.0341940,2326 115.3126501,40.0341993,2326 115.3126420,40.0342046,2326 115.3126362,40.0342103,2331 115.3126304,40.0342160,2331 115.3126253,40.0342217,2331 115.3126202,40.0342274,2331 115.3126138,40.0342323,2331 115.3126074,40.0342372,2331 115.3125995,40.0342417,2331 115.3125917,40.0342462,2331 115.3125825,40.0342510,2331 115.3125734,40.0342557,2331 115.3125640,40.0342613,2331 115.3125546,40.0342669,2331 115.3125448,40.0342733,2331 115.3125351,40.0342800,2331 115.3125256,40.0342869,2331 115.3125162,40.0342938,2331 115.3125060,40.0342998,2331 115.3124959,40.0343058,2341 115.3124859,40.0343101,2341 115.3124759,40.0343145,2341 115.3124676,40.0343185,2341 115.3124593,40.0343226,2341 115.3124527,40.0343283,2341 115.3124462,40.0343341,2341 115.3124411,40.0343417,2341 115.3124361,40.0343493,2341 115.3124322,40.0343577,2341 115.3124284,40.0343661,2341 115.3124253,40.0343742,2341 115.3124223,40.0343824,2341 115.3124179,40.0343903,2341 115.3124135,40.0343982,2341 115.3124065,40.0344039,2341 115.3123996,40.0344095,2341 115.3123914,40.0344141,2341 115.3123833,40.0344187,2341 115.3123738,40.0344229,2341 115.3123643,40.0344272,2341 115.3123546,40.0344310,2352 115.3123450,40.0344349,2352 115.3123361,40.0344393,2352 115.3123273,40.0344439,2352 115.3123194,40.0344487,2352 115.3123116,40.0344535,2352 115.3123047,40.0344587,2352 115.3122979,40.0344640,2352 115.3122920,40.0344696,2352 115.3122861,40.0344752,2352 115.3122794,40.0344806,2352 115.3122728,40.0344860,2352 115.3122645,40.0344906,2352 115.3122563,40.0344952,2352 115.3122471,40.0345000,2352 115.3122379,40.0345048,2352 115.3122302,40.0345111,2352 115.3122226,40.0345175,2352 115.3122158,40.0345250,2352 115.3122091,40.0345325,2352 115.3122024,40.0345395,2352 115.3121958,40.0345465,2352 115.3121875,40.0345527,2352 115.3121793,40.0345590,2352 115.3121702,40.0345640,2352 115.3121611,40.0345691,2352 115.3121521,40.0345743,2352 115.3121431,40.0345796,2352 115.3121347,40.0345863,2357 115.3121263,40.0345931,2357 115.3121177,40.0346002,2357 115.3121091,40.0346074,2357 115.3120982,40.0346138,2357 115.3120874,40.0346204,2357 115.3120756,40.0346260,2356 115.3120639,40.0346319,2356 115.3120524,40.0346377,2356 115.3120409,40.0346436,2356 115.3120294,40.0346486,2356 115.3120180,40.0346536,2356 115.3120060,40.0346578,2356 115.3119941,40.0346620,2356 115.3119825,40.0346659,2356 115.3119709,40.0346698,2356 115.3119606,40.0346738,2356 115.3119503,40.0346778,2356 115.3119395,40.0346825,2356 115.3119287,40.0346872,2356 115.3119211,40.0346905,2356 115.3119135,40.0346938,2356 115.3119059,40.0346971,2356 115.3118964,40.0347011,2356 115.3118869,40.0347050,2356 115.3118781,40.0347080,2356 115.3118693,40.0347109,2356 115.3118598,40.0347120,2356 115.3118503,40.0347132,2356 115.3118401,40.0347133,2356 115.3118299,40.0347135,2356 115.3118199,40.0347137,2356 115.3118099,40.0347140,2356 115.3117995,40.0347146,2353 115.3117892,40.0347152,2353 115.3117792,40.0347164,2353 115.3117692,40.0347176,2353 115.3117597,40.0347183,2353 115.3117502,40.0347190,2353 115.3117407,40.0347192,2353 115.3117313,40.0347194,2353 115.3117230,40.0347198,2353 115.3117148,40.0347202,2353 115.3117075,40.0347216,2353 115.3117003,40.0347231,2353 115.3116913,40.0347249,2353 115.3116823,40.0347268,2353 115.3116732,40.0347288,2353 115.3116642,40.0347308,2353 115.3116557,40.0347326,2353 115.3116473,40.0347345,2353 115.3116378,40.0347361,2353 115.3116284,40.0347377,2353 115.3116166,40.0347399,2353 115.3116049,40.0347421,2353 115.3115963,40.0347432,2353 115.3115878,40.0347444,2353 115.3115793,40.0347456,2353 115.3115706,40.0347471,2353 115.3115619,40.0347486,2353 115.3115556,40.0347503,2353 115.3115494,40.0347521,2353 115.3115428,40.0347539,2353 115.3115363,40.0347558,2353 115.3115286,40.0347588,2353 115.3115210,40.0347619,2345 115.3115159,40.0347637,2345 115.3115108,40.0347656,2345 115.3115014,40.0347691,2345 115.3114921,40.0347727,2345 115.3114798,40.0347784,2345 115.3114675,40.0347841,2345 115.3114567,40.0347910,2345 115.3114459,40.0347979,2345 115.3114351,40.0348049,2345 115.3114090,40.0348259,2345 115.3113829,40.0348470,2345 115.3113317,40.0348880,2348 115.3113257,40.0348923,2348 115.3113197,40.0348966,2348 115.3113157,40.0348996,2348 115.3113118,40.0349029,2348 115.3113079,40.0349061,2348 115.3113014,40.0349106,2348 115.3112950,40.0349152,2348 115.3112905,40.0349177,2348 115.3112861,40.0349202,2348 115.3112800,40.0349230,2348 115.3112739,40.0349259,2348 115.3112678,40.0349288,2348 115.3112609,40.0349323,2348 115.3112540,40.0349359,2348 115.3112482,40.0349397,2343 115.3112424,40.0349435,2343 115.3112369,40.0349472,2343 115.3112315,40.0349510,2343 115.3112260,40.0349543,2343 115.3112205,40.0349578,2343 115.3112128,40.0349615,2343 115.3112052,40.0349653,2343 115.3112022,40.0349663,2343 115.3111993,40.0349673,2343 115.3111963,40.0349683,2343 115.3111934,40.0349694,2343 115.3111845,40.0349723,2343 115.3111757,40.0349753,2343 115.3111663,40.0349801,2343 115.3111569,40.0349850,2343 115.3111516,40.0349883,2343 115.3111464,40.0349916,2343 115.3111354,40.0349996,2343 115.3111245,40.0350076,2343 115.3111057,40.0350220,2343 115.3110869,40.0350364,2343 115.3110524,40.0350683,2343 115.3110464,40.0350759,2343 115.3110404,40.0350838,2343 115.3110281,40.0350960,2343 115.3110158,40.0351082,2343 115.3109939,40.0351332,2343 115.3109929,40.0351385,2343 115.3109920,40.0351438,2354 115.3109913,40.0351498,2354 115.3109907,40.0351559,2354 115.3109903,40.0351585,2354 115.3109899,40.0351611,2354 115.3109895,40.0351637,2354 115.3109878,40.0351694,2354 115.3109861,40.0351750,2354 115.3109842,40.0351807,2354 115.3109824,40.0351864,2354 115.3109815,40.0351926,2354 115.3109806,40.0351989,2354 115.3109769,40.0352066,2354 115.3109732,40.0352144,2354 115.3109633,40.0352254,2358 115.3109484,40.0352346,2358 115.3109336,40.0352440,2358 115.3109081,40.0352620,2358 115.3108826,40.0352800,2358 115.3108392,40.0353126,2358 115.3108327,40.0353163,2358 115.3108263,40.0353200,2358 115.3108198,40.0353244,2358 115.3108134,40.0353288,2358 115.3108071,40.0353334,2358 115.3108008,40.0353381,2358 115.3107977,40.0353408,2358 115.3107947,40.0353435,2358 115.3107896,40.0353476,2358 115.3107845,40.0353517,2358 115.3107780,40.0353566,2358 115.3107716,40.0353615,2358 115.3107688,40.0353637,2358 115.3107660,40.0353659,2358 115.3107632,40.0353681,2358 115.3107570,40.0353728,2358 115.3107508,40.0353775,2358 115.3107457,40.0353834,2358 115.3107407,40.0353894,2358 115.3107397,40.0353914,2358 115.3107387,40.0353935,2358 115.3107377,40.0353955,2358 115.3107368,40.0353976,2358 115.3107352,40.0354031,2358 115.3107337,40.0354087,2358 115.3107297,40.0354145,2358 115.3107257,40.0354204,2367 115.3107199,40.0354257,2367 115.3107142,40.0354310,2367 115.3107080,40.0354364,2367 115.3107018,40.0354418,2367 115.3106959,40.0354480,2367 115.3106900,40.0354541,2374 115.3106833,40.0354611,2374 115.3106766,40.0354681,2374 115.3106682,40.0354745,2374 115.3106599,40.0354810,2374 115.3106501,40.0354865,2374 115.3106403,40.0354921,2374 115.3106297,40.0354973,2374 115.3106191,40.0355026,2374 115.3106081,40.0355075,2374 115.3105972,40.0355125,2374 115.3105875,40.0355173,2374 115.3105778,40.0355222,2374 115.3105691,40.0355279,2374 115.3105604,40.0355337,2374 115.3105534,40.0355401,2374 115.3105464,40.0355465,2374 115.3105397,40.0355534,2374 115.3105331,40.0355603,2374 115.3105252,40.0355682,2374 115.3105174,40.0355762,2374 115.3105082,40.0355838,2374 115.3104991,40.0355915,2374 115.3104896,40.0355982,2374 115.3104802,40.0356049,2374 115.3104709,40.0356109,2374 115.3104616,40.0356168,2374 115.3104525,40.0356222,2374 115.3104434,40.0356277,2374 115.3104342,40.0356333,2374 115.3104251,40.0356389,2374 115.3104163,40.0356442,2381 115.3104076,40.0356495,2381 115.3103984,40.0356551,2381 115.3103893,40.0356608,2381 115.3103813,40.0356665,2381 115.3103733,40.0356723,2381 115.3103673,40.0356783,2381 115.3103613,40.0356844,2381 115.3103571,40.0356912,2381 115.3103530,40.0356981,2390 115.3103470,40.0357045,2390 115.3103411,40.0357109,2390 115.3103331,40.0357162,2390 115.3103251,40.0357215,2390 115.3103170,40.0357264,2390 115.3103090,40.0357313,2390 115.3103015,40.0357356,2390 115.3102941,40.0357399,2390 115.3102864,40.0357436,2390 115.3102788,40.0357472,2390 115.3102697,40.0357500,2390 115.3102607,40.0357529,2390 115.3102512,40.0357556,2390 115.3102417,40.0357583,2390 115.3102336,40.0357630,2390 115.3102256,40.0357678,2390 115.3102182,40.0357742,2390 115.3102109,40.0357806,2390 115.3102036,40.0357879,2390 115.3101963,40.0357954,2390 115.3101878,40.0358030,2390 115.3101793,40.0358106,2390 115.3101698,40.0358177,2390 115.3101604,40.0358249,2390 115.3101504,40.0358329,2390 115.3101404,40.0358410,2390 115.3101302,40.0358493,2392 115.3101201,40.0358579,2392 115.3101118,40.0358671,2392 115.3101035,40.0358763,2392 115.3100954,40.0358855,2392 115.3100873,40.0358948,2392 115.3100781,40.0359026,2392 115.3100689,40.0359104,2392 115.3100591,40.0359173,2392 115.3100493,40.0359241,2392 115.3100389,40.0359320,2392 115.3100286,40.0359401,2392 115.3100180,40.0359491,2392 115.3100074,40.0359581,2392 115.3099972,40.0359677,2392 115.3099871,40.0359773,2392 115.3099784,40.0359883,2392 115.3099698,40.0359994,2392 115.3099628,40.0360125,2392 115.3099559,40.0360257,2392 115.3099503,40.0360402,2392 115.3099448,40.0360548,2392 115.3099403,40.0360690,2392 115.3099358,40.0360832,2392 115.3099309,40.0360959,2392 115.3099260,40.0361087,2392 115.3099186,40.0361193,2392 115.3099112,40.0361300,2392 115.3099032,40.0361379,2392 115.3098953,40.0361459,2392 115.3098888,40.0361518,2392 115.3098823,40.0361578,2392 115.3098769,40.0361657,2392 115.3098715,40.0361737,2392 115.3098656,40.0361874,2392 115.3098625,40.0361940,2392 115.3098595,40.0362006,2392 115.3098577,40.0362061,2392 115.3098560,40.0362117,2392 115.3098574,40.0362178,2392 115.3098589,40.0362239,2392 115.3098630,40.0362327,2392 115.3098622,40.0362402,2392 115.3098614,40.0362478,2392 115.3098577,40.0362559,2395 115.3098541,40.0362640,2395 115.3098494,40.0362711,2395 115.3098448,40.0362782,2395 115.3098406,40.0362848,2395 115.3098364,40.0362914,2395 115.3098323,40.0362977,2395 115.3098283,40.0363040,2395 115.3098244,40.0363104,2395 115.3098206,40.0363168,2395 115.3098168,40.0363230,2395 115.3098131,40.0363292,2395 115.3098101,40.0363360,2395 115.3097529,40.0363520,2395 115.3100834,40.0359376,2392 115.3100834,40.0359376,2392 115.3104446,40.0356125,2374 115.3104446,40.0356125,2374 115.3109022,40.0352318,2358 115.3109022,40.0352318,2358 115.3112327,40.0348944,2343 115.3112327,40.0348944,2343 115.3117638,40.0347229,2353 115.3117638,40.0347229,2353 115.3122721,40.0345577,2352 115.3122721,40.0345577,2352 115.3127484,40.0341913,2326 115.3127484,40.0341913,2326 115.3131859,40.0337890,2308 115.3131859,40.0337890,2308 115.3136461,40.0334400,2263 115.3136461,40.0334400,2263 115.3140983,40.0330675,2245 115.3140983,40.0330675,2245 115.3145051,40.0326118,2230 115.3145051,40.0326118,2230 115.3153010,40.0326000,2215 115.3153010,40.0326000,2215 115.3158093,40.0329964,2194 115.3158093,40.0329964,2194 115.3165316,40.0331491,2142 115.3165316,40.0331491,2142 115.3172245,40.0332925,2107 115.3172245,40.0332925,2107 115.3180780,40.0332211,2089 115.3180780,40.0332211,2089 115.3186478,40.0339182,2048 115.3186478,40.0339182,2048 115.3188082,40.0347044,2009 115.3188082,40.0347044,2009 115.3191639,40.0354943,1969 115.3191639,40.0354943,1969 115.3191839,40.0364399,1960 115.3191839,40.0364399,1960 115.3203998,40.0363071,1945 115.3203998,40.0363071,1945 115.3213924,40.0365660,1901 115.3213924,40.0365660,1901 115.3220612,40.0370616,1885 115.3220612,40.0370616,1885 115.3227220,40.0372975,1880 115.3227220,40.0372975,1880 115.3236837,40.0378583,1831 115.3236837,40.0378583,1831 115.3242990,40.0377185,1809 115.3242990,40.0377185,1809 115.3252996,40.0380657,1782 115.3252996,40.0380657,1782 115.3262226,40.0384962,1764 115.3262226,40.0384962,1764 115.3270452,40.0389679,1745 115.3270452,40.0389679,1745 115.3277515,40.0394789,1721 115.3277515,40.0394789,1721 115.3287092,40.0401208,1706 115.3287092,40.0401208,1706 115.3299225,40.0405086,1678 115.3299225,40.0405086,1678 115.3309685,40.0410600,1662 115.3309685,40.0410600,1662 115.3320387,40.0415590,1639 115.3320387,40.0415590,1639 115.3326220,40.0417375,1631 115.3326220,40.0417375,1631 115.3329122,40.0420583,1630 115.3329122,40.0420583,1630 115.3333683,40.0425605,1613 115.3333683,40.0425605,1613 115.3335810,40.0432510,1590 115.3335810,40.0432510,1590 115.3336706,40.0434028,1590 115.3336706,40.0434028,1590 115.3336303,40.0442006,1582 115.3336303,40.0442006,1582 115.3337988,40.0446951,1556 115.3337988,40.0446951,1556 115.3334629,40.0461001,1537 115.3334629,40.0461001,1537 115.3339619,40.0458096,1529 115.3339619,40.0458096,1529 115.3341692,40.0460310,1523 115.3341692,40.0460310,1523 115.3341384,40.0466285,1502 115.3341384,40.0466285,1502 115.3347363,40.0475934,1487 115.3347363,40.0475934,1487 115.3343804,40.0478661,1481 115.3343804,40.0478661,1481 115.3358492,40.0489238,1446 115.3358492,40.0489238,1446 115.3367790,40.0491787,1439 115.3367790,40.0491787,1439 115.3377716,40.0496276,1425 115.3377716,40.0496276,1425 115.3375789,40.0502654,1427 115.3375789,40.0502654,1427 115.3379200,40.0508807,1402 115.3379200,40.0508807,1402 115.3396860,40.0511197,1389 115.3396860,40.0511197,1389 115.3406639,40.0518817,1391 115.3406639,40.0518817,1391 115.3416941,40.0526610,1367 115.3416941,40.0526610,1367 115.3428500,40.0533816,1354 115.3428500,40.0533816,1354 115.3436033,40.0539387,1347 115.3436033,40.0539387,1347 115.3440127,40.0541474,1342 115.3440127,40.0541474,1342 115.3445907,40.0546442,1344 115.3445907,40.0546442,1344 115.3446508,40.0556921,1325 115.3446508,40.0556921,1325 115.3454053,40.0565427,1308 115.3454053,40.0565427,1308 115.3453357,40.0572983,1302 115.3453357,40.0572983,1302 115.3459457,40.0583935,1304 115.3459457,40.0583935,1304 115.3466415,40.0587700,1298 115.3466415,40.0587700,1298 115.3473922,40.0590264,1291 115.3473922,40.0590264,1291 115.3480625,40.0595764,1283 115.3480625,40.0595764,1283 115.3488280,40.0598790,1270 115.3488280,40.0598790,1270 115.3491865,40.0604593,1276 115.3491865,40.0604593,1276 115.3504739,40.0606676,1267 115.3504739,40.0606676,1267 115.3518724,40.0616610,1246 115.3518724,40.0616610,1246 115.3525723,40.0618908,1248 115.3525723,40.0618908,1248 115.3525723,40.0618908,1248 115.3531678,40.0627294,1240 115.3533217,40.0629108,1237 115.3533738,40.0633131,1242 115.3538917,40.0642493,1240</coordinates>
   </LineString>
  </Placemark>
  <Folder>
   <name>Laps</name>
   <description>Laps,start and end split recorder in the activity.</description>
   <Placemark>
    <name>Start</name>
    <description>&lt;table width = &quot;320&quot;&gt;&lt;tr&gt;&lt;td colspan=&quot;2&quot;&gt; &lt;/td&gt;&lt;/tr&gt;&lt;tr&gt;&lt;td colspan=&quot;2&quot;&gt;2026-08-11 01:56:17&lt;/td&gt;&lt;/tr&gt;&lt;tr&gt;&lt;td colspan=&quot;2&quot;&gt;&lt;/td&gt;&lt;/tr&gt;&lt;tr&gt;&lt;td&gt;Activity Type:&lt;/td&gt;&lt;td&gt;cycling&lt;/td&gt;&lt;/tr&gt;&lt;tr&gt;&lt;td&gt;Event type:&lt;/td&gt;&lt;td&gt;uncategorized&lt;/td&gt;&lt;/tr&gt;&lt;tr&gt;&lt;td&gt;GetDistance:&lt;/td&gt;&lt;td&gt;47217Meters&lt;/td&gt;&lt;/tr&gt;&lt;tr&gt;&lt;td&gt;Time :&lt;/td&gt;&lt;td&gt;0&lt;/td&gt;&lt;/tr&gt;&lt;tr&gt;&lt;td&gt;Calorie :&lt;/td&gt;&lt;td&gt;&lt;/td&gt;&lt;/tr&gt;&lt;tr&gt;&lt;td colspan=&quot;2&quot;&gt;&lt;/td&gt;&lt;/tr&gt;&lt;/table&gt;</description>
    <Style>
     <IconStyle>
      <scale>1.0</scale>
      <Icon>
       <href>http://maps.google.com/mapfiles/kml/paddle/grn-square.png</href>
      </Icon>
      <hotSpot x="0.45" xuints="fraction" y="0.0" yuints="fraction"/>
     </IconStyle>
    </Style>
    <Point>
     <coordinates>115.6002917 40.0311867</coordinates>
    </Point>
   </Placemark>
   <Placemark>
    <name>End</name>
    <description>&lt;table width = &quot;320&quot;&gt;&lt;tr&gt;&lt;td colspan=&quot;2&quot;&gt; &lt;/td&gt;&lt;/tr&gt;&lt;tr&gt;&lt;td colspan=&quot;2&quot;&gt;2026-08-11 01:56:17&lt;/td&gt;&lt;/tr&gt;&lt;tr&gt;&lt;td colspan=&quot;2&quot;&gt;&lt;/td&gt;&lt;/tr&gt;&lt;tr&gt;&lt;td&gt;Activity Type:&lt;/td&gt;&lt;td&gt;cycling&lt;/td&gt;&lt;/tr&gt;&lt;tr&gt;&lt;td&gt;Event type:&lt;/td&gt;&lt;td&gt;uncategorized&lt;/td&gt;&lt;/tr&gt;&lt;tr&gt;&lt;td&gt;GetDistance:&lt;/td&gt;&lt;td&gt;47217Meters&lt;/td&gt;&lt;/tr&gt;&lt;tr&gt;&lt;td&gt;Time :&lt;/td&gt;&lt;td&gt;0&lt;/td&gt;&lt;/tr&gt;&lt;tr&gt;&lt;td&gt;Calorie :&lt;/td&gt;&lt;td&gt;&lt;/td&gt;&lt;/tr&gt;&lt;tr&gt;&lt;td colspan=&quot;2&quot;&gt;&lt;/td&gt;&lt;/tr&gt;&lt;/table&gt;</description>
    <Style>
     <IconStyle>
      <scale>1.0</scale>
      <Icon>
       <href>http://maps.google.com/mapfiles/kml/paddle/red-square.png</href>
      </Icon>
      <hotSpot x="0.45" xuints="fraction" y="0.0" yuints="fraction"/>
     </IconStyle>
    </Style>
    <Point>
     <coordinates>115.3538917 40.0642493</coordinates>
    </Point>
   </Placemark>
  </Folder>
 </Folder>
</kml>
